taxonId,name,rank,status,language,allRawSourceTokens,selectedRawSourceTokens,selectedCleanSourceTokens,evidencePacketTokens,hasSources,draftRequestTextTokens
53169,Oxalis pes-caprae,species,taxon_matched_text,en,8527,4616,1412,1690,True,2480
53343,Acacia dealbata,species,taxon_matched_text,en,7762,7081,1414,1662,True,2452
545482,Galactites tomentosus,species,taxon_matched_text,en,2627,1338,363,522,True,1312
76365,Cistus salviifolius,species,taxon_matched_text,en,4355,3011,1106,1332,True,2122
50868,Quercus suber,species,taxon_matched_text,en,13188,10217,4749,5325,True,6115
76764,Echium plantagineum,species,taxon_matched_text,en,2651,2209,680,870,True,1660
82689,Arbutus unedo,species,taxon_matched_text,en,21808,11934,3331,3946,True,4736
64017,Arundo donax,species,taxon_matched_text,en,23119,10272,4296,4805,True,5595
129454,Umbilicus rupestris,species,taxon_matched_text,pt,4392,3152,1567,1870,True,2660
82600,Pistacia lentiscus,species,taxon_matched_text,en,7849,4145,1713,1990,True,2780
64240,Cortaderia selloana,species,taxon_matched_text,en,5959,3745,767,971,True,1761
57140,Olea europaea,species,taxon_matched_text,en,39867,2040,326,453,True,1243
49322,Carpobrotus edulis,species,taxon_matched_text,en,8862,5836,1889,2221,True,3011
76362,Cistus ladanifer,species,taxon_matched_text,en,4077,2582,718,917,True,1707
82836,Daphne gnidium,species,taxon_matched_text,en,2402,1207,449,574,True,1364
52681,Pteridium aquilinum,species,taxon_matched_text,en,9347,6535,2031,2390,True,3180
425378,Glandora prostrata,species,taxon_matched_text,en,2009,639,119,227,True,1017
53983,Digitalis purpurea,species,taxon_matched_text,en,11491,7777,2477,2897,True,3687
82646,Dittrichia viscosa,species,taxon_matched_text,en,3766,2283,598,764,True,1554
51147,Crataegus monogyna,species,taxon_matched_text,en,8157,6062,1941,2343,True,3133
53344,Acacia melanoxylon,species,taxon_matched_text,en,4602,3929,1428,1672,True,2462
82723,Pinus pinaster,species,taxon_matched_text,en,9419,7410,3338,3687,True,4477
76610,Daucus carota,species,taxon_matched_text,en,10430,9839,2812,3123,True,3913
83085,Anacamptis pyramidalis,species,taxon_matched_text,en,5559,3103,1024,1248,True,2038
82672,Cistus crispus,species,taxon_matched_text,en,2970,1739,401,546,True,1336
53398,Eucalyptus globulus,species,taxon_matched_text,en,10416,6571,2025,2327,True,3117
61904,Lavandula stoechas,species,taxon_matched_text,en,2716,2010,694,877,True,1667
71105,Centranthus calcitrapae,species,taxon_matched_text,pt,2243,1370,334,484,True,1274
333717,Andryala integrifolia,species,taxon_matched_text,en,1914,633,28,115,True,905
53052,Foeniculum vulgare,species,text_needs_scope_review,en,12812,9565,3259,3789,True,4579
636795,Salvia rosmarinus,species,text_needs_scope_review,en,14171,9682,2209,2584,True,3374
52764,Prunella vulgaris,species,taxon_matched_text,en,9141,4278,993,1247,True,2037
78895,Rubus ulmifolius,species,taxon_matched_text,en,3792,2188,387,558,True,1348
82903,Smilax aspera,species,taxon_matched_text,en,3587,1687,364,479,True,1269
82856,Rhamnus alaternus,species,taxon_matched_text,en,4823,1623,508,666,True,1456
63379,Acacia longifolia,species,taxon_matched_text,en,8213,4230,1395,1624,True,2414
119450,Calluna vulgaris,species,taxon_matched_text,pt,8078,2334,892,1181,True,1971
82904,Ruscus aculeatus,species,taxon_matched_text,en,7355,3800,969,1210,True,2000
76923,Erigeron karvinskianus,species,taxon_matched_text,en,3665,2313,437,589,True,1379
78159,Myrtus communis,species,taxon_matched_text,en,4774,2195,311,480,True,1270
59315,Orchis italica,species,taxon_matched_text,en,1310,1310,213,306,True,1096
341977,Coleostephus myconis,species,taxon_matched_text,en,2099,724,210,321,True,1111
243620,Serapias parviflora,species,taxon_matched_text,en,1818,1194,470,613,True,1403
61168,Arum italicum,species,taxon_matched_text,en,7862,7423,921,1128,True,1918
83816,Ophrys apifera,species,taxon_matched_text,en,8455,6114,2377,2788,True,3578
57157,Briza maxima,species,taxon_matched_text,en,1866,613,149,250,True,1040
54404,Papaver rhoeas,species,taxon_matched_text,en,13827,12663,5753,6442,True,7232
82666,Viburnum tinus,species,taxon_matched_text,en,4872,2567,770,939,True,1729
82980,Quercus faginea,species,taxon_matched_text,en,4684,2203,725,872,True,1662
51286,Bellardia trixago,species,taxon_matched_text,en,2973,2973,757,914,True,1704
55411,Raphanus raphanistrum,species,taxon_matched_text,en,6049,4397,1439,1690,True,2480
58960,Plantago coronopus,species,taxon_matched_text,en,1424,868,241,346,True,1136
81694,Himantoglossum robertianum,species,taxon_matched_text,en,1327,1327,244,359,True,1149
63621,Pinus pinea,species,taxon_matched_text,en,5916,5264,2084,2442,True,3232
48599,Phytolacca americana,species,taxon_matched_text,en,16925,11917,4013,4680,True,5470
47563,Nerium oleander,species,text_needs_scope_review,en,16556,15391,5562,6286,True,7076
82946,Quercus rotundifolia,species,taxon_matched_text,en,9813,3455,1154,1408,True,2198
77496,Ipomoea indica,species,taxon_matched_text,en,6130,4602,1863,2200,True,2990
59335,Ophrys tenthredinifera,species,taxon_matched_text,en,928,928,78,178,True,968
53324,Vicia sativa,species,taxon_matched_text,en,6288,5004,1846,2156,True,2946
82875,Ophrys speculum,species,taxon_matched_text,en,4096,1231,573,718,True,1508
82602,Crithmum maritimum,species,taxon_matched_text,pt,2605,435,245,404,True,1194
791928,Lysimachia arvensis,species,taxon_matched_text,en,6493,5115,1711,1971,True,2761
82623,Vinca difformis,species,taxon_matched_text,en,3819,316,105,210,True,1000
55727,Cymbalaria muralis,species,taxon_matched_text,en,13288,11820,3706,4202,True,4992
338357,Arisarum simorrhinum,species,taxon_matched_text,en,2922,1570,711,853,True,1643
165590,Muscari comosum,species,taxon_matched_text,en,1898,1898,497,627,True,1417
82942,Quercus coccifera,species,taxon_matched_text,en,4586,3173,550,701,True,1491
82673,Cistus albidus,species,taxon_matched_text,en,3229,1908,456,606,True,1396
82644,Cynara humilis,species,taxon_matched_text,en,1661,486,87,183,True,973
118535,Drimia maritima,species,taxon_matched_text,en,6575,3480,1073,1258,True,2048
77993,Mentha suaveolens,species,taxon_matched_text,en,4783,1679,697,877,True,1667
56006,Zantedeschia aethiopica,species,taxon_matched_text,en,4902,2872,1083,1290,True,2080
59260,Calendula arvensis,species,taxon_matched_text,en,7102,1654,235,349,True,1139
53021,Convolvulus arvensis,species,taxon_matched_text,en,8255,6914,2424,2754,True,3544
79457,Tuberaria guttata,species,taxon_matched_text,en,4151,2065,618,785,True,1575
53212,Silene gallica,species,taxon_matched_text,en,2215,1025,458,572,True,1362
55745,Trifolium repens,species,taxon_matched_text,en,12644,11311,1833,2127,True,2917
78451,Persicaria capitata,species,taxon_matched_text,en,2434,1145,260,374,True,1164
59904,Glebionis coronaria,species,taxon_matched_text,en,7891,3075,955,1167,True,1957
53178,Plantago lanceolata,species,taxon_matched_text,en,6593,5375,1732,2013,True,2803
50333,Lantana camara,species,taxon_matched_text,en,11800,10801,3604,4156,True,4946
56024,Arctotheca calendula,species,taxon_matched_text,en,3752,2443,727,892,True,1682
121763,Castanea sativa,species,taxon_matched_text,pt,13429,1238,864,1056,True,1846
61481,Viola riviniana,species,taxon_matched_text,en,2340,1101,363,517,True,1307
53294,Sonchus oleraceus,species,taxon_matched_text,en,4536,3785,1135,1376,True,2166
57643,Geranium purpureum,species,taxon_matched_text,en,5012,4031,928,1118,True,1908
57092,Erodium moschatum,species,taxon_matched_text,en,3319,1589,767,938,True,1728
52913,Cichorium intybus,species,taxon_matched_text,pt,14314,1864,864,1050,True,1840
56236,Centaurium erythraea,species,taxon_matched_text,en,4703,2823,753,902,True,1692
59339,Ophrys lutea,species,taxon_matched_text,en,3001,1120,341,498,True,1288
55022,Jasione montana,species,taxon_matched_text,en,2899,1401,478,621,True,1411
82936,Moraea sisyrinchium,species,taxon_matched_text,en,417,417,40,130,True,920
56739,Ricinus communis,species,text_needs_scope_review,en,13621,11674,4373,4978,True,5768
71198,Tolpis barbata,species,taxon_matched_text,en,3080,521,81,162,True,952
707889,Lysimachia monelli,species,taxon_matched_text,en,1723,1400,372,483,True,1273
82881,Fraxinus angustifolia,species,taxon_matched_text,en,3532,2215,761,935,True,1725
57281,Parietaria judaica,species,taxon_matched_text,en,7170,5850,2163,2541,True,3331
79109,Silene latifolia,species,taxon_matched_text,en,4456,3232,1044,1278,True,2068
1399417,Cistus inflatus,species,taxon_matched_text,en,3002,3002,759,926,True,1716
54329,Tropaeolum majus,species,taxon_matched_text,en,9120,3598,1220,1523,True,2313
51594,Pittosporum undulatum,species,taxon_matched_text,en,4469,2568,758,969,True,1759
734833,Petrosedum sediforme,species,taxon_matched_text,en,2219,2219,810,969,True,1759
78334,Pancratium maritimum,species,taxon_matched_text,en,4104,2758,1075,1267,True,2057
70045,Acanthus mollis,species,taxon_matched_text,en,3424,2837,758,915,True,1705
51751,Ulex europaeus,species,taxon_matched_text,en,4866,2702,793,1006,True,1796
52495,Hedychium gardnerianum,species,taxon_matched_text,en,3263,1869,699,860,True,1650
79382,Tradescantia fluminensis,species,taxon_matched_text,en,5172,3851,1418,1731,True,2521
79009,Scolymus hispanicus,species,taxon_matched_text,en,6168,903,285,413,True,1203
338478,Urtica membranacea,species,taxon_matched_text,en,1707,395,118,217,True,1007
132622,Potentilla erecta,species,taxon_matched_text,en,3221,1965,677,861,True,1651
82650,Centaurea pullata,species,taxon_matched_text,en,1542,288,22,111,True,901
82865,Ophrys scolopax,species,taxon_matched_text,en,1683,1683,793,921,True,1711
501208,Malva multiflora,species,taxon_matched_text,en,1833,1833,209,315,True,1105
211472,Scilla monophyllos,species,taxon_matched_text,en,686,686,124,221,True,1011
162707,Eryngium maritimum,species,taxon_matched_text,en,8059,5149,1916,2297,True,3087
118551,Erica ciliaris,species,taxon_matched_text,en,2053,836,253,380,True,1170
1521906,Convolvulus althaeoides,species,taxon_matched_text,en,1828,467,110,204,True,994
53076,Geranium molle,species,taxon_matched_text,en,4178,2948,1669,1862,True,2652
902550,Marcus-kochia littorea,species,taxonomy_only,,0,0,0,38,False,828
372376,Sixalix atropurpurea,species,text_needs_scope_review,en,2691,2167,297,436,True,1226
210510,Ophrys fusca,species,taxon_matched_text,en,6555,5216,369,508,True,1298
64103,Agave americana,species,taxon_matched_text,en,6900,6128,1628,1892,True,2682
56077,Hypericum perforatum,species,taxon_matched_text,en,22140,18775,7250,8037,True,8827
60218,Ficus carica,species,text_needs_scope_review,en,21194,15802,5009,5639,True,6429
69939,Trifolium angustifolium,species,taxon_matched_text,en,1874,766,277,423,True,1213
75771,Bituminaria bituminosa,species,taxon_matched_text,en,3430,1481,422,549,True,1339
82871,Phillyrea angustifolia,species,taxon_matched_text,en,1684,434,181,294,True,1084
122034,Hydrangea macrophylla,species,taxon_matched_text,en,14688,8508,2101,2369,True,3159
82838,Verbascum sinuatum,species,taxon_matched_text,en,2889,1623,659,797,True,1587
54759,Laurus nobilis,species,taxon_matched_text,en,9349,7881,2590,2943,True,3733
167773,Reichardia picroides,species,taxon_matched_text,pt,2776,1211,244,412,True,1202
52287,Borago officinalis,species,text_needs_scope_review,en,7015,5168,1584,1953,True,2743
57413,Narcissus bulbocodium,species,taxon_matched_text,en,3103,1753,480,621,True,1411
82687,Erica umbellata,species,taxon_matched_text,en,2307,964,319,443,True,1233
83004,Lavandula pedunculata,species,taxon_matched_text,en,2469,943,232,352,True,1142
774894,Struthiopteris spicant,species,taxon_matched_text,en,2992,1709,317,479,True,1269
55679,Linum bienne,species,taxon_matched_text,en,2449,1261,264,386,True,1176
79141,Solanum nigrum,species,taxon_matched_text,en,11421,10560,3174,3590,True,4380
774727,Juniperus turbinata,species,taxon_matched_text,en,1823,1823,496,634,True,1424
82848,Rubia peregrina,species,taxon_matched_text,en,3473,1653,633,783,True,1573
183320,Anarrhinum bellidifolium,species,taxon_matched_text,pt,1360,1360,261,440,True,1230
450557,Thapsia villosa,species,taxon_matched_text,en,6409,5064,1735,2000,True,2790
64119,Opuntia ficus-indica,species,taxon_matched_text,en,10495,7822,2312,2715,True,3505
57278,Ailanthus altissima,species,taxon_matched_text,en,26118,25572,9164,10159,True,10949
82688,Erica arborea,species,taxon_matched_text,en,4000,2979,841,1056,True,1846
82691,Dioscorea communis,species,taxon_matched_text,en,5632,2194,643,802,True,1592
125848,Quercus pyrenaica,species,taxon_matched_text,en,2618,2140,525,681,True,1471
208322,Paronychia argentea,species,taxon_matched_text,en,2650,1256,538,707,True,1497
773660,Salix atrocinerea,species,taxon_matched_text,en,1919,644,300,425,True,1215
55757,Chelidonium majus,species,taxon_matched_text,en,8472,7453,2322,2714,True,3504
338067,Asparagus aphyllus,species,taxon_matched_text,en,488,488,47,133,True,923
56992,Lobularia maritima,species,taxon_matched_text,en,4587,3078,1277,1510,True,2300
59318,Anacamptis morio,species,taxon_matched_text,en,4933,2994,979,1236,True,2026
181594,Euphorbia characias,species,taxon_matched_text,en,3863,2469,611,796,True,1586
333950,Carlina hispanica,species,taxon_matched_text,pt,1195,1195,235,404,True,1194
537967,Bellardia viscosa,species,text_needs_scope_review,en,2308,970,208,311,True,1101
132621,Orchis mascula,species,taxon_matched_text,en,4189,4189,2013,2266,True,3056
57076,Trifolium campestre,species,taxon_matched_text,en,2243,933,358,556,True,1346
338109,Ulex minor,species,taxon_matched_text,en,1518,615,291,413,True,1203
47691,Sherardia arvensis,species,taxon_matched_text,pt,4281,1264,287,463,True,1253
51875,Trifolium pratense,species,taxon_matched_text,en,10397,6682,1891,2142,True,2932
61068,Lagurus ovatus,species,taxon_matched_text,en,2538,1339,390,529,True,1319
82616,Oenanthe crocata,species,taxon_matched_text,en,8319,6383,2396,2773,True,3563
139068,Genista tridentata,species,taxon_matched_text,pt,799,799,423,576,True,1366
52720,Dactylis glomerata,species,taxon_matched_text,en,5668,4182,1864,2124,True,2914
53104,Hypochaeris radicata,species,taxon_matched_text,en,10740,8468,2987,3350,True,4140
83012,Erophaca baetica,species,taxon_matched_text,pt,2382,1317,310,471,True,1261
61321,Lythrum salicaria,species,taxon_matched_text,en,7254,6288,2100,2470,True,3260
59055,Cyperus eragrostis,species,taxon_matched_text,en,4762,3298,1461,1700,True,2490
123616,Morella faya,species,text_needs_scope_review,en,5686,1457,417,548,True,1338
334018,Potentilla montana,species,taxon_matched_text,en,1818,607,347,502,True,1292
199324,Agapanthus praecox,species,taxon_matched_text,en,3719,2419,806,980,True,1770
119661,Lupinus angustifolius,species,taxon_matched_text,en,10304,9079,2491,2831,True,3621
56868,Crepis vesicaria,species,taxon_matched_text,en,4442,3152,367,510,True,1300
1504036,Helichrysum serotinum,species,text_needs_scope_review,es,2125,2125,1117,1376,True,2166
68007,Smyrnium olusatrum,species,taxon_matched_text,en,8623,7244,3134,3568,True,4358
337708,Lotus creticus,species,taxon_matched_text,en,2132,1629,457,590,True,1380
76949,Eriobotrya japonica,species,text_needs_scope_review,en,15547,8504,3245,3770,True,4560
55563,Bellis perennis,species,taxon_matched_text,en,5171,3989,1053,1314,True,2104
76598,Cytisus striatus,species,taxon_matched_text,en,7630,4150,1728,2052,True,2842
76363,Cistus monspeliensis,species,taxon_matched_text,en,2908,1624,352,509,True,1299
75255,Acacia saligna,species,taxon_matched_text,en,3537,2867,873,1063,True,1853
78247,Oenothera rosea,species,taxon_matched_text,en,2029,675,119,216,True,1006
1488674,Antirrhinum linkianum,species,taxon_matched_text,pt,1313,1313,271,446,True,1236
82685,Anthyllis vulneraria,species,taxon_matched_text,en,6929,5247,1766,1895,True,2685
55775,Erica cinerea,species,taxon_matched_text,en,3476,1731,518,706,True,1496
82303,Osmunda regalis,species,taxon_matched_text,en,11144,3054,1132,1359,True,2149
341026,Genista triacanthos,species,taxon_matched_text,pt,1113,1113,631,828,True,1618
59270,Misopates orontium,species,taxon_matched_text,en,1788,500,143,251,True,1041
337788,Echium rosulatum,species,taxon_matched_text,en,2089,745,361,472,True,1262
203000,Serapias lingua,species,taxon_matched_text,en,869,869,172,274,True,1064
324710,Arenaria montana,species,taxon_matched_text,en,2223,986,228,352,True,1142
55440,Lupinus luteus,species,taxon_matched_text,en,1599,1239,326,442,True,1232
982856,Alnus lusitanica,species,taxon_matched_text,en,543,543,62,157,True,947
765394,Sambucus nigra,species,taxon_matched_text,en,10602,6278,2134,2504,True,3294
59322,Orchis anthropophora,species,taxon_matched_text,en,2564,964,368,482,True,1272
55666,Veronica persica,species,taxon_matched_text,en,4537,3322,1202,1445,True,2235
82641,Helichrysum stoechas,species,taxon_matched_text,en,2117,1118,363,483,True,1273
82895,Allium roseum,species,taxon_matched_text,en,1610,1054,396,541,True,1331
57470,Cephalanthera longifolia,species,taxon_matched_text,en,5030,3327,914,1123,True,1913
82861,Anemone palmata,species,taxon_matched_text,pt,1438,1438,382,532,True,1322
82662,Campanula lusitanica,species,taxon_matched_text,en,2142,821,64,154,True,944
320929,Hakea decurrens,species,taxon_matched_text,en,2300,2300,827,980,True,1770
82922,Salvia sclareoides,species,taxon_matched_text,pt,1231,1231,232,400,True,1190
153933,Selaginella denticulata,species,taxon_matched_text,en,1219,1219,229,338,True,1128
57635,Hyacinthoides hispanica,species,taxon_matched_text,en,1679,1679,395,523,True,1313
59417,Trifolium stellatum,species,taxon_matched_text,en,1650,389,138,234,True,1024
1197768,Cistus calycinus,species,text_needs_scope_review,es,1687,1687,826,1008,True,1798
82647,Cladanthus mixtus,species,taxon_matched_text,en,1356,1356,559,706,True,1496
52989,Cirsium vulgare,species,taxon_matched_text,en,5824,4505,1071,1262,True,2052
55885,Lonicera periclymenum,species,taxon_matched_text,en,2486,1628,594,757,True,1547
633980,Pallenis spinosa,species,taxon_matched_text,en,2053,816,299,414,True,1204
50298,Fragaria vesca,species,taxon_matched_text,en,9308,7593,1838,2240,True,3030
82664,Lonicera implexa,species,taxon_matched_text,en,2129,789,204,311,True,1101
68838,Mercurialis annua,species,taxon_matched_text,en,10925,8103,3347,3752,True,4542
346413,Polypodium cambricum,species,taxon_matched_text,en,1166,1166,418,559,True,1349
82663,Campanula rapunculus,species,taxon_matched_text,en,3926,2644,895,1095,True,1885
558376,Aeonium glutinosum,species,taxon_matched_text,en,2065,723,255,361,True,1151
61906,Helminthotheca echioides,species,taxon_matched_text,en,6482,6117,2321,2737,True,3527
163974,Hypericum humifusum,species,taxon_matched_text,en,1907,645,212,320,True,1110
55854,Datura stramonium,species,taxon_matched_text,en,16667,12411,4535,4973,True,5763
82742,Ceratonia siliqua,species,text_needs_scope_review,en,17289,13453,4546,5115,True,5905
82591,Asplenium ceterach,species,taxon_matched_text,en,3840,3840,1214,1483,True,2273
210572,Crocus serotinus,species,taxon_matched_text,en,1530,225,40,126,True,916
338636,Genista hirsuta,species,taxon_matched_text,pt,1322,1322,349,488,True,1278
1454328,Sphaeropteris cooperi,species,taxon_matched_text,en,3861,1879,454,605,True,1395
82631,Phagnalon saxatile,species,taxon_matched_text,en,1534,301,32,119,True,909
82907,Asparagus albus,species,taxon_matched_text,en,904,904,98,192,True,982
84281,Clinopodium vulgare,species,taxon_matched_text,en,2465,1225,365,498,True,1288
493202,Clinopodium nepeta,species,taxon_matched_text,en,7334,2565,658,812,True,1602
326752,Corema album,species,taxon_matched_text,en,3142,1937,1033,1281,True,2071
133287,Solanum mauritianum,species,taxon_matched_text,en,5149,3198,1296,1555,True,2345
321609,Sedum hirsutum,species,taxon_matched_text,pt,1264,1264,292,450,True,1240
52796,Hordeum murinum,species,taxon_matched_text,en,6149,3133,976,1180,True,1970
53151,Medicago polymorpha,species,taxon_matched_text,en,3077,1737,701,874,True,1664
55505,Allium triquetrum,species,taxon_matched_text,en,2364,2364,399,531,True,1321
168639,Scirpoides holoschoenus,species,taxon_matched_text,en,1720,369,130,232,True,1022
55828,Lamium maculatum,species,taxon_matched_text,en,3395,2170,900,1086,True,1876
77365,Heliotropium europaeum,species,taxon_matched_text,en,1950,567,176,297,True,1087
57723,Echium candicans,species,taxon_matched_text,en,3108,2468,898,1091,True,1881
82906,Asphodelus ramosus,species,taxon_matched_text,en,2957,1761,448,587,True,1377
57036,Euphorbia peplus,species,taxon_matched_text,en,2770,1682,429,598,True,1388
81518,Aloe arborescens,species,taxon_matched_text,en,3638,1624,605,744,True,1534
153440,Cercis siliquastrum,species,taxon_matched_text,en,3861,3307,1135,1450,True,2240
55918,Papaver dubium,species,taxon_matched_text,en,2189,994,295,398,True,1188
59361,Urospermum picroides,species,taxon_matched_text,en,1885,547,193,281,True,1071
342069,Echium nervosum,species,taxon_matched_text,en,1150,561,101,200,True,990
168763,Selaginella kraussiana,species,taxon_matched_text,en,2983,1873,508,648,True,1438
76238,Chamaemelum fuscatum,species,taxon_matched_text,en,1892,591,172,273,True,1063
638337,Serapias strictiflora,species,text_needs_scope_review,es,1819,1819,908,1110,True,1900
53211,Senecio vulgaris,species,taxon_matched_text,en,14866,14584,3152,3599,True,4389
1467819,Lysimachia loeflingii,species,text_needs_scope_review,en,1844,1844,821,981,True,1771
60982,Cakile maritima,species,taxon_matched_text,en,5127,4373,892,1104,True,1894
75609,Asplenium trichomanes,species,taxon_matched_text,en,4966,3373,1690,1905,True,2695
169309,Stachys arvensis,species,taxon_matched_text,en,3015,1223,551,697,True,1487
62498,Jacobaea vulgaris,species,taxon_matched_text,en,13572,9484,3362,3873,True,4663
53856,Ilex aquifolium,species,taxon_matched_text,en,16968,12896,3752,4280,True,5070
57563,Cynara cardunculus,species,taxon_matched_text,pt,6721,1054,489,658,True,1448
53059,Galium aparine,species,taxon_matched_text,en,11027,5213,1566,1851,True,2641
82629,Pulicaria odora,species,taxon_matched_text,en,1668,316,61,147,True,937
71173,Gladiolus illyricus,species,taxon_matched_text,en,2179,847,103,201,True,991
55935,Bryonia cretica,species,taxon_matched_text,en,723,723,202,315,True,1105
82867,Plantago lagopus,species,taxon_matched_text,en,2634,392,145,241,True,1031
48538,Cytisus scoparius,species,taxon_matched_text,en,7141,6770,1909,2202,True,2992
48208,Clethra arborea,species,taxon_matched_text,en,2289,996,253,360,True,1150
338417,Simethis mattiazzi,species,text_needs_scope_review,en,1804,1804,569,700,True,1490
56292,Euphorbia helioscopia,species,taxon_matched_text,en,3319,2216,413,583,True,1373
122905,Metrosideros excelsa,species,taxon_matched_text,pt,8120,626,300,436,True,1226
771694,Erica azorica,species,taxon_matched_text,en,1415,510,75,169,True,959
59940,Romulea bulbocodium,species,taxon_matched_text,en,416,416,148,269,True,1059
418607,Laurus novocanariensis,species,taxon_matched_text,en,2196,1191,633,804,True,1594
79429,Trifolium resupinatum,species,taxon_matched_text,en,3389,582,194,308,True,1098
132759,Chamaerops humilis,species,taxon_matched_text,es,9077,2211,1166,1431,True,2221
204343,Linaria spartea,species,taxon_matched_text,pt,1222,1222,288,465,True,1255
54498,Beta vulgaris,species,taxon_matched_text,en,10148,9303,3825,4373,True,5163
55703,Lunularia cruciata,species,taxon_matched_text,pt,5300,2368,1241,1435,True,2225
56162,Malva sylvestris,species,taxon_matched_text,en,9134,7829,1909,2255,True,3045
55972,Frangula alnus,species,taxon_matched_text,en,6854,5467,1891,2202,True,2992
64114,Ageratina adenophora,species,taxon_matched_text,en,4931,2252,778,975,True,1765
79025,Sedum album,species,taxon_matched_text,en,4456,1585,442,584,True,1374
82914,Stachys ocymastrum,species,taxon_matched_text,en,1621,315,54,143,True,933
333982,Erica australis,species,taxon_matched_text,en,2211,800,186,298,True,1088
75250,Acacia mearnsii,species,taxon_matched_text,en,10226,5055,1844,2153,True,2943
336677,Solanum chenopodioides,species,taxon_matched_text,en,1623,376,54,141,True,931
61396,Origanum vulgare,species,text_needs_scope_review,en,8328,7086,2547,2905,True,3695
338460,Suaeda vera,species,taxon_matched_text,en,5105,4266,1516,1728,True,2518
82967,Rumex bucephalophorus,species,taxon_matched_text,en,2885,1344,599,750,True,1540
82669,Silene colorata,species,taxon_matched_text,en,1405,302,35,129,True,919
52586,Silybum marianum,species,taxon_matched_text,en,7485,6116,1828,2129,True,2919
702805,Malva trimestris,species,taxon_matched_text,en,3472,965,201,303,True,1093
71162,Gladiolus italicus,species,taxon_matched_text,en,1061,1061,162,247,True,1037
342054,Matthiola maderensis,species,taxon_matched_text,en,1999,416,84,183,True,973
82741,Lathyrus clymenum,species,taxon_matched_text,en,2752,1387,472,623,True,1413
82876,Phillyrea latifolia,species,taxon_matched_text,en,5100,3749,53,139,True,929
338060,Anacyclus radiatus,species,taxon_matched_text,en,1712,454,80,166,True,956
803979,Phelipanche nana,species,taxon_matched_text,en,299,299,17,105,True,895
58991,Portulaca oleracea,species,taxon_matched_text,en,14526,8175,2740,3139,True,3929
133164,Linaria triornithophora,species,taxon_matched_text,en,1554,227,29,120,True,910
338095,Silene scabriflora,species,taxon_matched_text,pt,1337,1337,315,468,True,1258
320779,Phlomis purpurea,species,taxon_matched_text,pt,1283,1283,247,425,True,1215
57116,Mentha pulegium,species,taxon_matched_text,en,11326,7112,2794,3231,True,4021
82943,Quercus lusitanica,species,taxon_matched_text,en,2503,1994,423,569,True,1359
963701,Ononis ramosissima,species,taxon_matched_text,pt,1294,1294,309,461,True,1251
738855,Cistus lasianthus,species,taxon_matched_text,en,965,965,137,233,True,1023
146853,Euphorbia paralias,species,taxon_matched_text,en,1629,1217,401,517,True,1307
54050,Crepis capillaris,species,taxon_matched_text,en,3589,1147,156,252,True,1042
49143,Strelitzia reginae,species,taxon_matched_text,en,3992,3202,1046,1240,True,2030
52973,Cerastium glomeratum,species,taxon_matched_text,en,1942,1486,493,679,True,1469
76904,Erigeron bonariensis,species,taxon_matched_text,en,2660,2660,464,641,True,1431
76449,Coronilla valentina,species,taxon_matched_text,en,954,954,192,289,True,1079
82671,Atriplex halimus,species,taxon_matched_text,en,3747,2549,572,753,True,1543
342019,Armeria pungens,species,taxon_matched_text,en,2135,783,307,436,True,1226
164834,Lotus pedunculatus,species,taxon_matched_text,en,3053,1431,375,515,True,1305
219151,Aristolochia baetica,species,taxon_matched_text,en,1866,591,97,197,True,987
58300,Punica granatum,species,text_needs_scope_review,en,19496,16729,4144,4747,True,5537
71147,Cryptomeria japonica,species,taxon_matched_text,pt,10407,4254,1827,2138,True,2928
129075,Fumaria muralis,species,taxon_matched_text,en,3631,2381,1256,1482,True,2272
53168,Oxalis corniculata,species,taxon_matched_text,en,8408,6543,2383,2771,True,3561
170339,Woodwardia radicans,species,taxon_matched_text,en,3423,1738,574,748,True,1538
56088,Robinia pseudoacacia,species,taxon_matched_text,en,13049,12077,5502,6214,True,7004
77541,Jacaranda mimosifolia,species,taxon_matched_text,en,7671,5620,2385,2768,True,3558
211282,Gennaria diphylla,species,taxon_matched_text,en,1410,1410,293,405,True,1195
164139,Iris xiphium,species,taxon_matched_text,en,2931,1445,450,634,True,1424
204321,Ficaria verna,species,taxon_matched_text,en,10867,10867,3249,3759,True,4549
78579,Phytolacca heterotepala,species,taxon_matched_text,en,1585,305,58,149,True,939
53298,Stellaria media,species,taxon_matched_text,en,5380,4421,1376,1649,True,2439
48229,Ranunculus repens,species,taxon_matched_text,en,6908,2038,722,898,True,1688
75429,Anchusa azurea,species,taxon_matched_text,en,2292,1052,244,358,True,1148
122410,Acis autumnalis,species,taxon_matched_text,en,1821,1821,525,668,True,1458
47602,Taraxacum officinale,species,taxon_matched_text,en,15962,13356,3921,4539,True,5329
59336,Ophrys bombyliflora,species,taxon_matched_text,en,989,989,171,274,True,1064
119791,Acer pseudoplatanus,species,taxon_matched_text,en,20642,15220,5149,5680,True,6470
319120,Cynoglossum creticum,species,taxon_matched_text,en,2190,730,61,165,True,955
986419,Polypodium macaronesicum,species,taxonomy_only,,0,0,0,43,False,833
82891,Lythrum junceum,species,taxon_matched_text,en,1852,641,132,229,True,1019
53326,Vinca major,species,taxon_matched_text,en,2605,2005,795,1012,True,1802
335858,Crucianella maritima,species,taxon_matched_text,pt,1268,1268,266,447,True,1237
625478,Andryala glandulosa,species,taxon_matched_text,pt,1393,1393,351,503,True,1293
77056,Erodium malacoides,species,taxon_matched_text,en,1374,944,265,364,True,1154
76202,Celtis australis,species,taxon_matched_text,en,5371,3033,954,1213,True,2003
56163,Verbena officinalis,species,taxon_matched_text,en,5205,3863,1600,1890,True,2680
180646,Anogramma leptophylla,species,taxon_matched_text,en,1187,1187,399,515,True,1305
57030,Equisetum telmateia,species,taxon_matched_text,en,2558,2059,642,767,True,1557
53007,Carduus tenuiflorus,species,taxon_matched_text,en,2413,1104,320,447,True,1237
286847,Sedum brevifolium,species,taxon_matched_text,en,1514,246,18,106,True,896
82627,Bellis sylvestris,species,taxon_matched_text,en,1650,1028,199,305,True,1095
243824,Potentilla indica,species,taxon_matched_text,en,6504,4654,844,1025,True,1815
78592,Pittosporum tobira,species,taxon_matched_text,en,6154,4829,1935,2224,True,3014
63916,Adiantum capillus-veneris,species,taxon_matched_text,en,4823,3327,962,1153,True,1943
335872,Osyris alba,species,taxon_matched_text,en,2031,812,320,424,True,1214
710296,Petrosedum forsterianum,species,taxon_matched_text,en,2272,2272,936,1115,True,1905
57308,Vicia lutea,species,taxon_matched_text,en,1899,545,129,243,True,1033
342132,Paeonia broteri,species,taxon_matched_text,en,5902,2519,1130,1293,True,2083
47565,Populus nigra,species,taxon_matched_text,en,3340,2803,1015,1185,True,1975
334746,Ornithopus compressus,species,taxon_matched_text,pt,1406,1406,345,533,True,1323
53269,Sonchus asper,species,taxon_matched_text,en,1714,1312,264,379,True,1169
53083,Pseudognaphalium luteoalbum,species,taxon_matched_text,en,3283,1852,516,671,True,1461
58961,Plantago major,species,taxon_matched_text,en,6182,4227,1140,1334,True,2124
336706,Anchusa undulata,species,taxon_matched_text,pt,2031,2031,792,982,True,1772
415177,Aristolochia paucinervis,species,taxon_matched_text,en,5071,3800,1428,1699,True,2489
61827,Amaryllis belladonna,species,taxon_matched_text,en,9714,3220,754,937,True,1727
334196,Achillea maritima,species,taxon_matched_text,en,11829,2061,953,1145,True,1935
338104,Omphalodes nitida,species,taxon_matched_text,pt,1243,1243,270,437,True,1227
57240,Ranunculus muricatus,species,taxon_matched_text,en,3924,562,220,309,True,1099
333976,Spergularia purpurea,species,taxon_matched_text,en,1648,394,125,226,True,1016
60880,Calystegia soldanella,species,taxon_matched_text,en,2431,1133,300,428,True,1218
124135,Saxifraga granulata,species,taxon_matched_text,en,4626,657,89,187,True,977
771658,Erica platycodon,species,taxon_matched_text,en,953,314,46,143,True,933
1433992,Centaurea polyacantha,species,text_needs_scope_review,es,1340,1340,866,1070,True,1860
82592,Asplenium onopteris,species,taxon_matched_text,en,2471,1480,457,586,True,1376
56136,Primula vulgaris,species,taxon_matched_text,en,6957,5270,2104,2513,True,3303
82659,Echium tuberculatum,species,taxon_matched_text,en,1498,242,61,160,True,950
342965,Tolpis succulenta,species,taxon_matched_text,en,1770,655,100,205,True,995
83056,Camellia japonica,species,taxon_matched_text,en,15831,15090,4450,5152,True,5942
47687,Erodium cicutarium,species,taxon_matched_text,en,6402,4001,1581,1829,True,2619
78954,Salpichroa origanifolia,species,taxon_matched_text,en,4095,1566,491,643,True,1433
332963,Helosciadium nodiflorum,species,taxon_matched_text,en,2642,2642,647,792,True,1582
481941,Conocephalum conicum,species,taxon_matched_text,en,1617,1617,350,511,True,1301
450816,Viola alba,species,taxon_matched_text,en,677,380,97,188,True,978
354566,Limoniastrum monopetalum,species,taxon_matched_text,en,8280,6940,1946,2449,True,3239
56846,Torilis arvensis,species,taxon_matched_text,en,2177,690,202,286,True,1076
342091,Aeonium glandulosum,species,taxon_matched_text,en,2071,711,225,330,True,1120
146643,Canna indica,species,taxon_matched_text,en,12773,10743,4933,5509,True,6299
210354,Medicago marina,species,taxon_matched_text,en,1458,281,63,144,True,934
64237,Phragmites australis,species,taxon_matched_text,en,12507,3897,1504,1730,True,2520
76595,Cyrtomium falcatum,species,taxon_matched_text,en,1284,1284,555,715,True,1505
82989,Stachys germanica,species,taxon_matched_text,pt,1233,1233,244,406,True,1196
125733,Narcissus triandrus,species,taxon_matched_text,en,3359,1948,725,947,True,1737
76596,Cytisus multiflorus,species,taxon_matched_text,en,3182,1507,359,497,True,1287
76943,Erigeron sumatrensis,species,taxon_matched_text,en,3730,2443,435,572,True,1362
82854,Geum sylvaticum,species,taxon_matched_text,pt,1289,1289,271,442,True,1232
332433,Rumex induratus,species,taxon_matched_text,pt,1265,1265,274,441,True,1231
50856,Scorpiurus muricatus,species,taxon_matched_text,en,2804,670,149,250,True,1040
53333,Vicia benghalensis,species,taxon_matched_text,en,2028,832,248,345,True,1135
342072,Argyranthemum pinnatifidum,species,taxon_matched_text,pt,612,612,397,561,True,1351
135388,Dracaena draco,species,taxon_matched_text,en,7986,4767,1298,1571,True,2361
342011,Cistanche phelypaea,species,taxon_matched_text,en,2859,1010,386,504,True,1294
77261,Geranium rotundifolium,species,taxon_matched_text,en,2137,797,285,395,True,1185
47779,Iris pseudacorus,species,taxon_matched_text,en,4847,3561,1062,1306,True,2096
50616,Mirabilis jalapa,species,taxon_matched_text,en,9870,7440,3573,3956,True,4746
57283,Centranthus ruber,species,taxon_matched_text,pt,8123,5664,1886,2294,True,3084
77550,Juncus acutus,species,taxon_matched_text,en,5457,4108,1107,1283,True,2073
75606,Asphodelus fistulosus,species,taxon_matched_text,en,2460,1014,362,496,True,1286
56121,Capsella bursa-pastoris,species,taxon_matched_text,en,6785,5752,1449,1725,True,2515
82653,Calendula suffruticosa,species,taxon_matched_text,en,2423,1187,626,734,True,1524
1628098,Hibiscus × rosa-sinensis,hybrid,taxon_matched_text,en,9207,6743,2380,2747,True,3537
58876,Polycarpon tetraphyllum,species,taxon_matched_text,en,3938,2503,571,742,True,1532
60029,Orobanche minor,species,taxon_matched_text,en,4136,2802,784,961,True,1751
78346,Papaver somniferum,species,taxon_matched_text,en,22574,21849,7710,8666,True,9456
57439,Teucrium scorodonia,species,taxon_matched_text,en,2491,1299,663,805,True,1595
204401,Rosa sempervirens,species,taxon_matched_text,en,1460,1105,412,567,True,1357
55721,Silene vulgaris,species,taxon_matched_text,en,3293,1930,619,811,True,1601
627615,Globularia salicina,species,taxon_matched_text,en,1314,794,333,450,True,1240
823684,Chrysojasminum fruticans,species,taxon_matched_text,en,5202,3902,476,673,True,1463
333677,Ferula communis,species,taxon_matched_text,en,3767,2551,757,946,True,1736
61821,Lathyrus tingitanus,species,taxon_matched_text,en,1918,620,136,223,True,1013
57433,Linaria amethystea,species,taxon_matched_text,en,2517,1889,729,886,True,1676
52669,Athyrium filix-femina,species,taxon_matched_text,en,1918,1918,619,840,True,1630
82905,Ornithogalum narbonense,species,taxon_matched_text,en,2300,1131,360,484,True,1274
52793,Holcus lanatus,species,taxon_matched_text,en,3149,1779,804,995,True,1785
82656,Achillea ageratum,species,taxon_matched_text,en,2697,1454,318,500,True,1290
338227,Ilex perado,species,taxon_matched_text,en,2987,2147,798,969,True,1759
78554,Phoenix canariensis,species,taxon_matched_text,en,4569,3798,1200,1395,True,2185
162699,Eryngium campestre,species,taxon_matched_text,en,3046,1755,568,745,True,1535
1197769,Cistus halimifolius,species,taxon_matched_text,en,659,659,66,157,True,947
79519,Vitis vinifera,species,taxon_matched_text,en,27971,13356,4603,5191,True,5981
123907,Silene littorea,species,taxon_matched_text,en,2726,1491,275,423,True,1213
488542,Prospero autumnale,species,taxon_matched_text,en,1025,1025,331,443,True,1233
53075,Geranium dissectum,species,taxon_matched_text,en,1772,521,83,189,True,979
55631,Trifolium nigrescens,species,taxon_matched_text,en,1364,223,46,145,True,935
81695,Anacamptis coriophora,species,taxon_matched_text,en,1735,1735,144,241,True,1031
56018,Tamarix africana,species,taxon_matched_text,en,793,360,115,209,True,999
56153,Juncus effusus,species,taxon_matched_text,en,5086,3746,914,1141,True,1931
57852,Fumaria capreolata,species,taxon_matched_text,en,3366,931,181,292,True,1082
118545,Silene uniflora,species,taxon_matched_text,en,7241,6250,2232,2567,True,3357
75499,Araujia sericifera,species,taxon_matched_text,en,6382,3447,1268,1512,True,2302
64130,Verbascum virgatum,species,taxon_matched_text,en,4677,526,133,249,True,1039
82612,Eryngium dilatatum,species,taxon_matched_text,pt,1282,1282,268,453,True,1243
53097,Hirschfeldia incana,species,taxon_matched_text,pt,3001,1309,300,453,True,1243
558362,Sonchus fruticosus,species,taxon_matched_text,en,4495,3914,1072,1261,True,2051
53107,Lactuca serriola,species,taxon_matched_text,en,6890,4339,1247,1509,True,2299
1410514,Antirrhinum cirrhigerum,species,taxon_matched_text,pt,1342,1342,271,450,True,1240
57162,Briza minor,species,taxon_matched_text,en,1603,402,89,171,True,961
956048,Chamaeleon gummifer,species,taxon_matched_text,en,2727,2727,528,659,True,1449
69936,Prunus amygdalus,species,text_needs_scope_review,en,24172,21193,6581,7595,True,8385
342093,Phyllis nobla,species,taxon_matched_text,en,1911,636,260,385,True,1175
78839,Reseda luteola,species,taxon_matched_text,en,2506,1923,718,879,True,1669
209357,Agave attenuata,species,taxon_matched_text,en,3988,3092,1020,1206,True,1996
635285,Quercus orocantabrica,species,taxon_matched_text,en,304,304,51,153,True,943
78786,Pulicaria paludosa,species,taxon_matched_text,en,1873,606,215,303,True,1093
363485,Hakea salicifolia,species,taxon_matched_text,en,4478,3174,1030,1203,True,1993
55851,Lamium purpureum,species,taxon_matched_text,en,4854,3599,1075,1282,True,2072
342114,Ocotea foetens,species,taxon_matched_text,en,4096,2534,877,1044,True,1834
64261,Cupressus sempervirens,species,taxon_matched_text,en,7296,6200,1773,2075,True,2865
58334,Nicotiana glauca,species,taxon_matched_text,en,7982,2887,1061,1266,True,2056
82925,Salvia verbenaca,species,taxon_matched_text,en,3559,2297,361,509,True,1299
319738,Polystichum setiferum,species,taxon_matched_text,en,1432,1432,437,571,True,1361
962637,Pontederia crassipes,species,taxon_matched_text,en,26669,26669,7710,8579,True,9369
55811,Prunus spinosa,species,taxon_matched_text,en,10598,7706,2667,3085,True,3875
129759,Carpobrotus acinaciformis,species,taxon_matched_text,en,2307,1007,541,728,True,1518
333965,Dianthus lusitanus,species,taxon_matched_text,en,1704,491,86,195,True,985
77834,Lonicera etrusca,species,taxon_matched_text,en,1894,1482,304,434,True,1224
79123,Sinapis alba,species,taxon_matched_text,pt,4600,779,496,691,True,1481
122912,Allium ampeloprasum,species,taxon_matched_text,en,5104,3829,777,990,True,1780
362516,Trachelium caeruleum,species,taxon_matched_text,en,2233,862,202,310,True,1100
53197,Rumex crispus,species,taxon_matched_text,en,4794,3493,1172,1378,True,2168
162850,Euphorbia segetalis,species,taxon_matched_text,en,1159,496,141,240,True,1030
1607477,Artemisia crithmifolia,species,text_needs_scope_review,en,7659,6316,321,435,True,1225
58127,Chenopodium album,species,taxon_matched_text,en,9385,5002,1786,2089,True,2879
63611,Myoporum laetum,species,taxon_matched_text,en,3850,2579,1123,1367,True,2157
160921,Corrigiola litoralis,species,taxon_matched_text,en,3252,501,83,179,True,969
199876,Pallenis maritima,species,taxon_matched_text,en,1814,598,340,445,True,1235
50203,Bidens pilosa,species,taxon_matched_text,en,5235,4746,687,873,True,1663
127890,Araucaria heterophylla,species,taxon_matched_text,en,4063,2724,1419,1635,True,2425
76877,Erica lusitanica,species,taxon_matched_text,en,2185,966,305,442,True,1232
341172,Serapias cordigera,species,taxon_matched_text,en,882,467,24,113,True,903
324427,Vaccinium cylindraceum,species,taxon_matched_text,en,2302,1436,313,450,True,1240
342121,Vaccinium padifolium,species,taxon_matched_text,en,2557,1003,486,651,True,1441
472312,Carlina salicifolia,species,taxon_matched_text,en,1733,1229,534,665,True,1455
82889,Malva hispanica,species,taxon_matched_text,en,1990,561,76,162,True,952
189600,Azorina vidalii,species,taxon_matched_text,pt,2950,684,429,597,True,1387
341169,Retama monosperma,species,taxon_matched_text,en,2960,817,223,328,True,1118
78835,Rapistrum rugosum,species,taxon_matched_text,en,2524,1138,224,311,True,1101
82660,Campanula erinus,species,taxon_matched_text,en,1645,395,108,203,True,993
62313,Nigella damascena,species,taxon_matched_text,en,7353,1793,565,731,True,1521
338384,Davallia canariensis,species,taxon_matched_text,en,1121,1121,284,404,True,1194
82853,Cydonia oblonga,species,text_needs_scope_review,en,12050,8232,2695,3240,True,4030
77255,Geranium lucidum,species,taxon_matched_text,en,2743,1528,700,845,True,1635
181465,Crocosmia × crocosmiiflora,hybrid,taxon_matched_text,en,2003,2003,667,833,True,1623
347324,Sibthorpia peregrina,species,taxon_matched_text,pt,1376,1376,278,449,True,1239
338414,Scrophularia auriculata,species,taxon_matched_text,en,2057,693,274,393,True,1183
83074,Magnolia grandiflora,species,taxon_matched_text,en,15059,8281,3300,3661,True,4451
123159,Narcissus papyraceus,species,taxon_matched_text,en,2352,986,282,409,True,1199
342090,Euphorbia piscatoria,species,taxon_matched_text,en,1084,587,70,158,True,948
333964,Carlina racemosa,species,taxon_matched_text,en,1559,351,79,176,True,966
338057,Dipsacus comosus,species,taxon_matched_text,pt,818,818,357,508,True,1298
359739,Asplenium obovatum,species,text_needs_scope_review,es,1385,1385,748,971,True,1761
78233,Nothoscordum gracile,species,taxon_matched_text,en,1517,861,295,432,True,1222
47570,Populus alba,species,taxon_matched_text,en,6433,4062,1674,1947,True,2737
47406,Spartium junceum,species,taxon_matched_text,pt,4914,1151,485,632,True,1422
51712,Bidens frondosa,species,taxon_matched_text,en,4884,3686,955,1143,True,1933
63954,Pyrus bourgaeana,species,taxon_matched_text,en,5010,2299,948,1106,True,1896
589815,Mesembryanthemum cordifolium,species,taxon_matched_text,en,4019,2784,1169,1363,True,2153
82722,Pinus halepensis,species,taxon_matched_text,en,4527,3722,1262,1516,True,2306
59320,Anacamptis papilionacea,species,taxon_matched_text,en,524,524,84,187,True,977
77835,Lonicera japonica,species,taxon_matched_text,en,5748,4713,1462,1692,True,2482
334744,Lathyrus ochrus,species,taxon_matched_text,en,1641,377,117,214,True,1004
341038,Cheirolophus sempervirens,species,taxon_matched_text,pt,1326,1326,251,428,True,1218
79408,Trifolium arvense,species,taxon_matched_text,en,3626,2461,1076,1296,True,2086
55884,Rosa canina,species,taxon_matched_text,en,11213,8051,2343,2838,True,3628
1017210,Persea barbujana,species,taxon_matched_text,en,1179,1179,108,203,True,993
167210,Polygala vulgaris,species,taxon_matched_text,en,2626,1374,692,870,True,1660
53720,Melia azedarach,species,taxon_matched_text,en,9175,6486,1807,2157,True,2947
129399,Scrophularia scorodonia,species,taxon_matched_text,en,1758,311,44,145,True,935
57057,Medicago sativa,species,taxon_matched_text,pt,26500,2167,698,892,True,1682
57065,Melilotus indicus,species,taxon_matched_text,en,6090,3099,744,939,True,1729
122835,Colocasia esculenta,species,text_needs_scope_review,en,41343,34295,14976,16746,True,17536
64612,Ulex argenteus,species,taxon_matched_text,en,2379,1088,236,366,True,1156
1628703,Falona echinata,species,text_needs_scope_review,es,1868,1868,1244,1447,True,2237
154290,Ceiba speciosa,species,taxon_matched_text,en,2977,2073,787,943,True,1733
326880,Limbarda crithmoides,species,text_needs_scope_review,en,3160,1845,457,632,True,1422
76465,Crassula ovata,species,taxon_matched_text,en,5067,3398,1699,1959,True,2749
430578,Cenchrus longisetus,species,taxon_matched_text,en,2094,798,199,317,True,1107
343001,Hedera azorica,species,taxon_matched_text,en,1088,608,337,464,True,1254
771657,Erica scoparia,species,taxon_matched_text,en,2130,909,163,278,True,1068
56790,Fritillaria lusitanica,species,taxon_matched_text,en,2458,1058,291,427,True,1217
63371,Rumex obtusifolius,species,taxon_matched_text,en,4179,2797,1145,1403,True,2193
451461,Orobanche foetida,species,taxon_matched_text,pt,1404,1404,362,576,True,1366
78174,Nasturtium officinale,species,taxon_matched_text,pt,6769,1578,854,1059,True,1849
169489,Symphyotrichum squamatum,species,text_needs_scope_review,en,5062,5062,702,876,True,1666
552449,Platanus × hispanica,hybrid,taxon_matched_text,pt,8107,3320,1084,1274,True,2064
162161,Ecballium elaterium,species,taxon_matched_text,pt,4607,1439,541,721,True,1511
212113,Fedia cornucopiae,species,taxon_matched_text,pt,1490,1490,390,550,True,1340
912871,Daucus decipiens,species,taxon_matched_text,en,2441,1730,397,574,True,1364
78464,Petrorhagia nanteuilii,species,taxon_matched_text,en,1951,656,157,259,True,1049
336800,Laurus azorica,species,taxon_matched_text,en,2540,1070,316,430,True,1220
55459,Lamium amplexicaule,species,taxon_matched_text,en,3709,2413,818,1006,True,1796
418653,Tetragonia tetragonoides,species,taxon_matched_text,pt,4603,1268,300,480,True,1270
338649,Cytinus hypocistis,species,taxon_matched_text,en,3925,2603,460,606,True,1396
342039,Osyris lanceolata,species,taxon_matched_text,en,2536,1266,163,271,True,1061
60232,Rumex pulcher,species,taxon_matched_text,en,1942,636,230,342,True,1132
50717,Epipactis helleborine,species,taxon_matched_text,en,19179,17817,7276,8007,True,8797
78631,Plumbago auriculata,species,taxon_matched_text,en,3398,1973,624,812,True,1602
472317,Helichrysum melaleucum,species,taxon_matched_text,pt,1321,1321,254,431,True,1221
118814,Atriplex portulacoides,species,text_needs_scope_review,en,2335,1075,262,393,True,1183
122521,Monstera deliciosa,species,taxon_matched_text,en,8359,6177,2009,2300,True,3090
942779,Calamagrostis arenaria,species,text_needs_scope_review,en,5725,4354,1487,1726,True,2516
1158203,Ulex jussiaei,species,taxon_matched_text,pt,940,940,368,542,True,1332
55837,Prunus cerasifera,species,taxon_matched_text,en,3861,3236,780,939,True,1729
77257,Geranium palmatum,species,taxon_matched_text,en,1751,483,169,265,True,1055
1515661,Hesperocyparis lusitanica,species,taxon_matched_text,en,3718,3107,858,1050,True,1840
51884,Urtica dioica,species,taxon_matched_text,en,17948,17085,6047,6773,True,7563
57005,Spergula arvensis,species,taxon_matched_text,en,3866,2116,853,1093,True,1883
78301,Oxalis purpurea,species,taxon_matched_text,en,1831,521,208,332,True,1122
210513,Asparagus acutifolius,species,taxon_matched_text,en,2270,1147,323,456,True,1246
363523,Solanum linnaeanum,species,taxon_matched_text,en,3158,1780,942,1108,True,1898
57481,Calystegia sepium,species,taxon_matched_text,en,4622,3113,976,1174,True,1964
430581,Cenchrus setaceus,species,taxon_matched_text,en,3774,1689,262,368,True,1158
326746,Thymus caespititius,species,taxon_matched_text,en,2431,634,155,262,True,1052
1422979,Neotinea conica,species,text_needs_scope_review,es,1771,1771,1312,1545,True,2335
56170,Galinsoga quadriradiata,species,taxon_matched_text,en,3202,1901,600,758,True,1548
135976,Juniperus brevifolia,species,taxon_matched_text,en,3331,2189,727,867,True,1657
127306,Wisteria sinensis,species,taxon_matched_text,en,2866,2866,872,1087,True,1877
995835,Rhamnus oleoides,species,taxon_matched_text,en,987,987,297,424,True,1214
47898,Opuntia stricta,species,taxon_matched_text,en,5172,3141,1074,1240,True,2030
77310,Gunnera tinctoria,species,taxon_matched_text,en,4803,3075,892,1091,True,1881
339360,Lycianthes rantonnetii,species,taxon_matched_text,en,1986,1986,871,1027,True,1817
61009,Lathyrus latifolius,species,taxon_matched_text,en,4561,1893,689,870,True,1660
78917,Ruta chalepensis,species,taxon_matched_text,en,2438,1191,259,372,True,1162
82658,Iberis procumbens,species,taxon_matched_text,pt,1373,1373,346,498,True,1288
56166,Persicaria maculosa,species,taxon_matched_text,en,4267,2723,665,803,True,1593
82985,Ulex australis,species,taxon_matched_text,pt,1414,1414,446,613,True,1403
127529,Prunus lusitanica,species,taxon_matched_text,en,5532,3315,744,953,True,1743
367076,Armeria welwitschii,species,taxon_matched_text,en,2692,1011,253,365,True,1155
76660,Dimorphotheca ecklonis,species,taxon_matched_text,en,3286,3286,765,938,True,1728
244096,Scilla peruviana,species,taxon_matched_text,en,2754,2754,531,656,True,1446
338405,Reseda media,species,taxon_matched_text,pt,1201,1201,261,424,True,1214
76434,Convolvulus tricolor,species,taxon_matched_text,en,2413,1171,439,617,True,1407
334041,Colchicum montanum,species,text_needs_scope_review,pt,3691,3691,1742,2100,True,2890
47726,Acer negundo,species,taxon_matched_text,en,9708,8454,2955,3450,True,4240
159235,Bidens aurea,species,taxon_matched_text,en,3014,1167,111,205,True,995
62208,Oenothera glazioviana,species,taxon_matched_text,en,4221,2770,690,845,True,1635
342038,Sesamoides purpurascens,species,taxon_matched_text,pt,1331,1331,286,459,True,1249
60295,Paspalum dilatatum,species,taxon_matched_text,en,2563,820,264,382,True,1172
342991,Lysimachia azorica,species,taxon_matched_text,en,2831,348,87,178,True,968
166466,Pentaglottis sempervirens,species,taxon_matched_text,pt,4140,1315,282,462,True,1252
342133,Digitalis thapsi,species,taxon_matched_text,en,8586,7346,2683,3028,True,3818
1098487,Caroxylon vermiculatum,species,taxon_matched_text,en,3258,2064,752,902,True,1692
76464,Crassula multicava,species,taxon_matched_text,en,2383,1122,339,454,True,1244
159346,Bougainvillea glabra,species,taxon_matched_text,en,2730,2210,699,850,True,1640
53195,Rumex acetosella,species,taxon_matched_text,en,4055,2767,797,1024,True,1814
57090,Erodium botrys,species,taxon_matched_text,en,905,522,199,338,True,1128
79461,Ulmus minor,species,taxon_matched_text,en,11739,11739,3587,4037,True,4827
338112,Frankenia laevis,species,taxon_matched_text,en,973,526,116,212,True,1002
71191,Mesembryanthemum nodiflorum,species,taxon_matched_text,en,2021,661,225,328,True,1118
823599,Thapsia gummifera,species,taxon_matched_text,en,530,530,76,168,True,958
61964,Prunus avium,species,taxon_matched_text,en,7699,7248,2695,3142,True,3932
64331,Iris foetidissima,species,taxon_matched_text,en,980,980,339,487,True,1277
49658,Liquidambar styraciflua,species,taxon_matched_text,en,11521,9827,4112,4560,True,5350
884843,Gazania rigens,species,taxon_matched_text,en,4122,2834,984,1167,True,1957
82913,Thymus zygis,species,taxon_matched_text,en,5147,3728,2123,2448,True,3238
57636,Pteris vittata,species,taxon_matched_text,en,2212,2212,720,856,True,1646
57805,Oxalis articulata,species,taxon_matched_text,en,4104,2885,636,804,True,1594
58893,Euphorbia maculata,species,taxon_matched_text,en,4279,2923,1102,1326,True,2116
58379,Lamarckia aurea,species,taxon_matched_text,pt,2913,1264,286,464,True,1254
521693,Lupinus cosentinii,species,taxon_matched_text,en,1553,339,42,129,True,919
121263,Tipuana tipu,species,text_needs_scope_review,en,4389,2580,737,890,True,1680
79157,Sonchus tenerrimus,species,taxon_matched_text,en,2329,1046,200,298,True,1088
201452,Yucca gigantea,species,taxon_matched_text,en,2907,2907,1039,1233,True,2023
341027,Genista tournefortii,species,taxon_matched_text,pt,1282,1282,271,419,True,1209
68846,Muscari neglectum,species,taxon_matched_text,en,2399,2399,404,531,True,1321
514012,Chenopodiastrum murale,species,taxon_matched_text,en,2502,1255,314,448,True,1238
181612,Ranunculus cortusifolius,species,taxon_matched_text,en,3017,1040,397,527,True,1317
1046657,Erica canariensis,species,taxon_matched_text,en,1158,1158,340,466,True,1256
56028,Chasmanthe floribunda,species,taxon_matched_text,en,1122,1122,439,588,True,1378
469970,Ornithogalum baeticum,species,taxon_matched_text,pt,1506,1506,561,681,True,1471
484935,Viburnum treleasei,species,taxon_matched_text,en,2166,494,98,188,True,978
55893,Agrimonia eupatoria,species,taxon_matched_text,en,8276,2224,669,881,True,1671
61839,Oxalis latifolia,species,taxon_matched_text,en,2130,875,247,392,True,1182
153047,Erysimum bicolor,species,text_needs_scope_review,pt,508,508,311,456,True,1246
209483,Dipcadi serotinum,species,taxon_matched_text,pt,1273,1273,291,426,True,1216
64350,Ginkgo biloba,species,taxon_matched_text,en,27043,23465,6900,7799,True,8589
333978,Cistus populifolius,species,taxon_matched_text,en,2370,1046,119,230,True,1020
163932,Hymenophyllum tunbrigense,species,taxon_matched_text,en,6892,2626,886,1088,True,1878
76300,Chondrilla juncea,species,taxon_matched_text,en,2878,1617,560,715,True,1505
320052,Austrocylindropuntia subulata,species,taxon_matched_text,en,1378,1378,441,601,True,1391
157127,Coleus barbatus,species,taxon_matched_text,en,10010,3297,938,1146,True,1936
64268,Trifolium incarnatum,species,taxon_matched_text,en,4379,2897,925,1095,True,1885
163549,Hedera hibernica,species,taxon_matched_text,en,2651,1410,568,740,True,1530
243619,Neotinea maculata,species,taxon_matched_text,en,570,570,120,219,True,1009
338461,Narcissus obesus,species,taxon_matched_text,en,384,384,99,217,True,1007
60202,Myriophyllum aquaticum,species,taxon_matched_text,en,4084,2806,1179,1415,True,2205
51988,Physalis peruviana,species,taxon_matched_text,en,12854,4957,2078,2387,True,3177
63935,Juglans regia,species,taxon_matched_text,en,10440,9744,3853,4342,True,5132
333688,Seseli tortuosum,species,taxon_matched_text,pt,1139,1139,232,402,True,1192
123645,Pseudoscleropodium purum,species,text_needs_scope_review,en,3326,1682,750,922,True,1712
245746,Blackstonia perfoliata,species,taxon_matched_text,en,1947,634,244,351,True,1141
335032,Ranunculus peltatus,species,taxon_matched_text,en,2102,875,176,285,True,1075
461042,Pericallis aurita,species,text_needs_scope_review,pt,587,587,392,548,True,1338
710806,Aichryson divaricatum,species,taxon_matched_text,en,1951,603,176,291,True,1081
49319,Mesembryanthemum crystallinum,species,taxon_matched_text,en,3961,2651,1072,1292,True,2082
55925,Geranium robertianum,species,taxon_matched_text,en,6971,5631,2452,2754,True,3544
82642,Mantisalca salmantica,species,taxon_matched_text,pt,1299,1299,274,444,True,1234
168407,Samolus valerandi,species,taxon_matched_text,en,4014,2345,510,664,True,1454
57779,Asparagopsis armata,species,taxon_matched_text,en,4692,3872,1317,1519,True,2309
77740,Ligustrum lucidum,species,taxon_matched_text,en,3090,2340,571,756,True,1546
495257,Lotus glaucus,species,taxon_matched_text,en,3770,2547,964,1112,True,1902
77302,Grevillea robusta,species,taxon_matched_text,en,4391,3021,870,1075,True,1865
333945,Cyperus longus,species,taxon_matched_text,en,3161,1196,480,629,True,1419
163682,Heracleum sphondylium,species,taxon_matched_text,en,12294,10735,2775,3410,True,4200
53208,Delairea odorata,species,taxon_matched_text,en,11214,7547,1773,2077,True,2867
56154,Saponaria officinalis,species,taxon_matched_text,en,4658,3335,1264,1512,True,2302
67717,Aeonium arboreum,species,taxon_matched_text,en,3441,2066,672,827,True,1617
437996,Leontodon tuberosus,species,taxon_matched_text,en,1724,341,87,186,True,976
71192,Linum strictum,species,taxon_matched_text,en,4047,2862,1042,1217,True,2007
333960,Sanguisorba verrucosa,species,taxon_matched_text,es,2206,2206,1475,1695,True,2485
341931,Dactylorhiza foliosa,species,taxon_matched_text,en,1119,1119,279,394,True,1184
81870,Pistacia terebinthus,species,taxon_matched_text,en,5473,3901,1622,1818,True,2608
514168,Fumaria agraria,species,taxon_matched_text,en,1687,543,142,237,True,1027
52703,Bromus hordeaceus,species,taxon_matched_text,en,4225,2997,1854,2103,True,2893
82858,Delphinium pentagynum,species,taxon_matched_text,pt,1248,1248,252,427,True,1217
55829,Cardamine hirsuta,species,taxon_matched_text,en,4919,3639,1254,1462,True,2252
77976,Melaleuca citrina,species,taxon_matched_text,en,3311,3311,1276,1494,True,2284
319385,Tripodion tetraphyllum,species,taxon_matched_text,pt,2384,1297,288,460,True,1250
57056,Medicago lupulina,species,taxon_matched_text,en,4661,3330,1020,1222,True,2012
338393,Hypericum undulatum,species,taxon_matched_text,en,3085,1899,1286,1500,True,2290
57317,Vicia villosa,species,taxon_matched_text,en,4112,2907,591,754,True,1544
341107,Acis trichophylla,species,taxon_matched_text,en,2840,2840,740,898,True,1688
118897,Spiranthes spiralis,species,taxon_matched_text,en,6974,6068,3843,4213,True,5003
82900,Thymus mastichina,species,taxon_matched_text,en,1767,375,114,232,True,1022
139851,Paraserianthes lophantha,species,taxon_matched_text,es,4438,1311,916,1126,True,1916
158020,Adiantum hispidulum,species,taxon_matched_text,en,3239,1596,475,614,True,1404
702674,Aichryson villosum,species,taxon_matched_text,en,1936,586,97,189,True,979
158023,Adiantum raddianum,species,taxon_matched_text,en,2690,1674,335,444,True,1234
485745,Blackstonia acuminata,species,taxon_matched_text,pt,1362,1362,350,501,True,1291
774742,Juniperus navicularis,species,taxon_matched_text,en,2114,1553,74,163,True,953
59265,Cerinthe major,species,taxon_matched_text,en,2249,1109,272,391,True,1181
342998,Hypericum foliosum,species,taxon_matched_text,en,6459,6034,2548,2849,True,3639
181666,Teucrium fruticans,species,taxon_matched_text,en,1865,683,190,297,True,1087
341993,Tuberaria lignosa,species,taxon_matched_text,en,2522,1315,444,571,True,1361
905463,Thymbra capitata,species,taxon_matched_text,pt,2176,1393,314,500,True,1290
346023,Diplazium caudatum,species,taxon_matched_text,pt,349,349,204,313,True,1103
1180933,Tortella squarrosa,species,taxonomy_only,,0,0,0,44,False,834
189743,Bellis annua,species,taxon_matched_text,en,1446,890,392,563,True,1353
75379,Aloe maculata,species,taxon_matched_text,en,3779,1516,594,759,True,1549
77281,Glebionis segetum,species,taxon_matched_text,en,2105,2105,631,791,True,1581
82841,Misopates calycinum,species,taxon_matched_text,en,1902,565,95,198,True,988
51454,Passiflora caerulea,species,taxon_matched_text,en,4332,3521,995,1238,True,2028
126536,Verbascum pulverulentum,species,taxon_matched_text,en,2817,1526,285,393,True,1183
55748,Veronica arvensis,species,taxon_matched_text,en,2772,1525,501,647,True,1437
76907,Erigeron canadensis,species,taxon_matched_text,en,5874,4544,1000,1204,True,1994
82159,Dactylorhiza maculata,species,taxon_matched_text,en,3594,3151,1043,1253,True,2043
82894,Thymus capitellatus,species,taxon_matched_text,en,2060,810,232,341,True,1131
163992,Hypnum cupressiforme,species,taxon_matched_text,en,1023,1023,336,437,True,1227
48685,Typha latifolia,species,taxon_matched_text,en,5409,4948,1405,1646,True,2436
57197,Polypogon monspeliensis,species,taxon_matched_text,en,1856,497,121,209,True,999
326759,Lithophyllum incrustans,species,taxon_matched_text,en,2269,935,245,382,True,1172
61012,Medicago arabica,species,taxon_matched_text,en,2150,894,237,350,True,1140
61963,Oxalis debilis,species,taxon_matched_text,en,2912,1679,468,647,True,1437
78755,Prunus persica,species,text_needs_scope_review,en,34650,32430,8682,9832,True,10622
337880,Linaria polygalifolia,species,taxon_matched_text,pt,1368,1368,338,490,True,1280
54516,Brassica oleracea,species,taxon_matched_text,en,11664,10082,2393,2751,True,3541
61475,Allium neapolitanum,species,taxon_matched_text,en,2339,1600,260,378,True,1168
154802,Illecebrum verticillatum,species,taxon_matched_text,pt,3217,1365,309,484,True,1274
443220,Salix pedicellata,species,taxon_matched_text,en,1421,1421,513,642,True,1432
55976,Eupatorium cannabinum,species,taxon_matched_text,en,6042,2989,612,750,True,1540
82651,Carthamus caeruleus,species,taxon_matched_text,en,1647,366,87,184,True,974
82864,Plantago serraria,species,taxon_matched_text,en,1557,339,83,178,True,968
165894,Opuntia monacantha,species,taxon_matched_text,en,935,935,346,484,True,1274
52821,Achillea millefolium,species,taxon_matched_text,en,13504,12441,3436,4048,True,4838
55821,Rumex acetosa,species,taxon_matched_text,pt,8708,5081,1767,2128,True,2918
336239,Lobelia urens,species,taxon_matched_text,en,2430,1178,625,790,True,1580
61432,Prunus laurocerasus,species,taxon_matched_text,en,7415,3318,1057,1305,True,2095
49005,Quercus rubra,species,taxon_matched_text,en,10523,9339,3312,3689,True,4479
84298,Aesculus hippocastanum,species,taxon_matched_text,en,7452,6628,1938,2257,True,3047
57354,Schinus molle,species,taxon_matched_text,en,7062,5222,1452,1716,True,2506
57858,Veronica anagallis-aquatica,species,taxon_matched_text,en,2684,1358,514,675,True,1465
129783,Cycas revoluta,species,taxon_matched_text,en,6004,4573,1537,1765,True,2555
59901,Melissa officinalis,species,text_needs_scope_review,en,7163,4061,1513,1827,True,2617
52808,Poa annua,species,taxon_matched_text,en,3740,2490,604,809,True,1599
60973,Leontodon saxatilis,species,taxon_matched_text,en,1406,1406,197,284,True,1074
418587,Ranunculus bullatus,species,taxon_matched_text,en,2387,1212,270,407,True,1197
424497,Thymus camphoratus,species,taxon_matched_text,en,2317,948,475,595,True,1385
127228,Bergenia crassifolia,species,taxon_matched_text,en,2501,2501,1049,1258,True,2048
426018,Cynara algarbiensis,species,taxon_matched_text,en,1595,335,41,133,True,923
327046,Plocamium cartilagineum,species,taxon_matched_text,en,737,737,241,379,True,1169
1556899,Helminthotheca spinosa,species,taxonomy_only,,0,0,0,46,False,836
278242,Psidium cattleyanum,species,taxon_matched_text,en,12111,5366,1846,2165,True,2955
467116,Asphodelus serotinus,species,taxon_matched_text,en,262,262,22,114,True,904
514999,Polygonum maritimum,species,taxon_matched_text,pt,818,818,413,591,True,1381
51737,Solanum lycopersicum,species,text_needs_scope_review,en,33263,26008,6874,7873,True,8663
78820,Ranunculus bulbosus,species,taxon_matched_text,en,3179,1626,579,741,True,1531
82731,Retama sphaerocarpa,species,taxon_matched_text,en,2860,523,40,129,True,919
771656,Stauracanthus genistoides,species,taxon_matched_text,pt,1366,1366,295,482,True,1272
77990,Mentha aquatica,species,taxon_matched_text,en,7408,4279,791,952,True,1742
345097,Roldana petasitis,species,taxon_matched_text,en,3142,1854,409,566,True,1356
1150209,Celtica gigantea,species,taxon_matched_text,en,1197,1197,298,434,True,1224
338650,Salix salviifolia,species,taxon_matched_text,en,599,599,193,341,True,1131
47435,Lotus corniculatus,species,taxon_matched_text,en,5821,4484,1026,1277,True,2067
338352,Allium sphaerocephalon,species,taxon_matched_text,en,2681,2681,693,876,True,1666
514295,Diplotaxis catholica,species,taxon_matched_text,pt,1331,1331,316,484,True,1274
61454,Polygonatum odoratum,species,taxon_matched_text,en,2530,2530,670,859,True,1649
342957,Euphorbia azorica,species,taxon_matched_text,en,862,450,59,158,True,948
354469,Lavandula viridis,species,taxon_matched_text,en,3068,1811,715,861,True,1651
77119,Euphorbia terracina,species,taxon_matched_text,en,2399,1199,326,459,True,1249
48233,Nephrolepis cordifolia,species,taxon_matched_text,en,4914,3198,1076,1237,True,2027
524183,Oloptum miliaceum,species,taxon_matched_text,en,2059,645,100,186,True,976
338065,Senecio gallicus,species,taxon_matched_text,en,4596,3372,1030,1212,True,2002
338090,Anthyllis lotoides,species,text_needs_scope_review,es,1180,1180,624,795,True,1585
84517,Epilobium hirsutum,species,taxon_matched_text,en,3536,2241,492,651,True,1441
424478,Linaria ricardoi,species,taxon_matched_text,en,3611,2162,881,1099,True,1889
75938,Callitriche stagnalis,species,taxon_matched_text,en,3056,1745,948,1152,True,1942
58883,Crassula tillaea,species,taxon_matched_text,en,1881,556,137,225,True,1015
343003,Festuca petraea,species,taxon_matched_text,en,2663,334,37,122,True,912
348231,Sonchus bulbosus,species,taxon_matched_text,en,997,997,210,311,True,1101
516307,Daucus muricatus,species,taxon_matched_text,pt,1261,1261,272,443,True,1233
79521,Washingtonia robusta,species,taxon_matched_text,pt,4454,715,392,541,True,1331
483252,Scrophularia grandiflora,species,taxon_matched_text,en,2087,755,284,396,True,1186
67423,Ulva lactuca,species,taxon_matched_text,en,7070,4148,969,1149,True,1939
338064,Reichardia gaditana,species,taxon_matched_text,pt,1225,1225,240,406,True,1196
62018,Hypericum pulchrum,species,taxon_matched_text,en,2047,896,309,426,True,1216
469472,Malus domestica,species,taxon_matched_text,pt,42642,1262,301,462,True,1252
58812,Cotula coronopifolia,species,taxon_matched_text,en,2827,1574,337,453,True,1243
59264,Lathyrus cicera,species,taxon_matched_text,en,3948,544,216,311,True,1101
211188,Orchis olbiensis,species,taxonomy_only,,0,0,0,40,False,830
53025,Cotula australis,species,taxon_matched_text,en,2473,1270,215,318,True,1108
133036,Lycopus europaeus,species,taxon_matched_text,en,3583,2331,639,776,True,1566
342988,Picconia azorica,species,taxon_matched_text,en,2553,1285,388,516,True,1306
348004,Limonium virgatum,species,taxon_matched_text,en,1598,362,100,200,True,990
699253,Rumex maderensis,species,taxon_matched_text,en,2904,1670,441,588,True,1378
336802,Persea indica,species,taxon_matched_text,en,2018,1096,305,435,True,1225
48178,Galinsoga parviflora,species,taxon_matched_text,en,4579,3144,812,963,True,1753
54491,Corylus avellana,species,taxon_matched_text,en,6481,4942,1720,2032,True,2822
56865,Centaurea calcitrapa,species,taxon_matched_text,en,4238,3265,1062,1293,True,2083
62009,Nymphaea alba,species,taxon_matched_text,en,4923,4564,1098,1308,True,2098
159852,Cardiospermum grandiflorum,species,taxon_matched_text,en,3295,1967,524,684,True,1474
208830,Rhododendron indicum,species,taxon_matched_text,en,881,881,102,211,True,1001
440301,Maytenus umbellata,species,taxon_matched_text,en,1294,787,139,249,True,1039
48225,Eschscholzia californica,species,taxon_matched_text,en,7396,7082,2741,3155,True,3945
467294,Ranunculus ollissiponensis,species,taxon_matched_text,pt,1386,1386,303,460,True,1250
402665,Hypericum linariifolium,species,taxon_matched_text,pt,1210,1210,114,269,True,1059
82948,Scorpiurus vermiculatus,species,taxon_matched_text,pt,1938,1938,771,1036,True,1826
59810,Orobanche crenata,species,taxon_matched_text,en,2134,820,131,218,True,1008
78283,Ornithopus pinnatus,species,taxon_matched_text,en,2026,707,101,208,True,998
51807,Aquilegia vulgaris,species,taxon_matched_text,en,12720,10098,4782,5266,True,6056
58934,Lythrum hyssopifolia,species,taxon_matched_text,en,2194,899,266,381,True,1171
82995,Nepeta tuberosa,species,taxon_matched_text,pt,1241,1241,272,420,True,1210
57254,Pyracantha coccinea,species,taxon_matched_text,en,2531,2184,375,557,True,1347
181588,Echium lusitanicum,species,taxon_matched_text,pt,1285,1285,243,429,True,1219
418789,Silene niceensis,species,taxon_matched_text,pt,1117,1117,249,415,True,1205
181610,Polygala myrtifolia,species,taxon_matched_text,en,2256,960,397,528,True,1318
358135,Iris lutescens,species,taxon_matched_text,en,834,834,172,278,True,1068
341158,Senecio lividus,species,taxon_matched_text,pt,1212,1212,249,428,True,1218
208766,Cyperus alternifolius,species,taxon_matched_text,en,1313,1313,265,364,True,1154
485518,Euphorbia mellifera,species,taxon_matched_text,en,4016,1693,246,376,True,1166
123632,Corallina officinalis,species,taxon_matched_text,en,2765,1171,447,603,True,1393
401979,Galium debile,species,taxon_matched_text,pt,730,730,230,398,True,1188
338378,Sedum arenarium,species,taxon_matched_text,pt,1295,1295,239,405,True,1195
55736,Sanguisorba minor,species,taxon_matched_text,en,5519,4190,1703,2014,True,2804
1613714,Zostera noltii,species,taxon_matched_text,en,4769,3545,1279,1454,True,2244
338107,Genista falcata,species,taxon_matched_text,pt,1287,1287,256,433,True,1223
333940,Onobrychis humilis,species,taxon_matched_text,pt,1295,1295,276,446,True,1236
70260,Myrsine africana,species,taxon_matched_text,en,1671,1320,287,413,True,1203
443714,Silene longicilia,species,taxon_matched_text,en,1987,696,130,226,True,1016
485614,Ranunculus paludosus,species,taxon_matched_text,en,1568,361,113,211,True,1001
162372,Equisetum ramosissimum,species,taxon_matched_text,en,1151,1151,366,497,True,1287
341980,Anchusa calcarea,species,taxon_matched_text,pt,1198,1198,246,421,True,1211
163950,Hyoscyamus albus,species,taxon_matched_text,en,2200,895,344,451,True,1241
331122,Citrus × aurantium,hybrid,text_needs_scope_review,en,9247,8422,1430,1810,True,2600
364009,Deparia petersenii,species,taxon_matched_text,en,891,891,267,384,True,1174
129020,Veronica officinalis,species,taxon_matched_text,en,2106,814,261,397,True,1187
162718,Erythrina crista-galli,species,taxon_matched_text,en,4808,2510,843,1084,True,1874
338062,Cirsium filipendulum,species,taxon_matched_text,pt,1484,1484,388,550,True,1340
54797,Gleditsia triacanthos,species,taxon_matched_text,pt,17817,1458,352,527,True,1317
325916,Elymus farctus,species,taxon_matched_text,pt,2661,1337,336,484,True,1274
55827,Helleborus foetidus,species,taxon_matched_text,en,3839,1662,550,719,True,1509
79487,Verbena bonariensis,species,taxon_matched_text,en,4264,2895,961,1218,True,2008
79325,Teesdalia nudicaulis,species,taxon_matched_text,en,2474,1126,295,405,True,1195
143243,Chamaemelum nobile,species,taxon_matched_text,en,4684,3374,1271,1534,True,2324
82850,Ruta montana,species,taxon_matched_text,pt,1167,1167,269,440,True,1230
319682,Phlomis lychnitis,species,taxon_matched_text,pt,1251,1251,259,439,True,1229
1184685,Viola sequeirae,species,taxonomy_only,,0,0,0,44,False,834
338396,Malva tournefortiana,species,taxon_matched_text,en,1909,652,60,146,True,936
82873,Plantago afra,species,taxon_matched_text,en,1855,528,121,216,True,1006
126585,Hibiscus syriacus,species,taxon_matched_text,en,5395,4853,1526,1781,True,2571
162822,Euphorbia exigua,species,taxon_matched_text,en,1928,503,49,136,True,926
492418,Anemonoides trifolia,species,taxon_matched_text,en,1151,1151,420,569,True,1359
76473,Crepis bursifolia,species,taxon_matched_text,en,848,848,136,231,True,1021
181543,Pelargonium × hybridum,hybrid,text_needs_scope_review,en,2475,2475,1768,2005,True,2795
78465,Petroselinum crispum,species,text_needs_scope_review,en,9773,6980,2045,2453,True,3243
82730,Ononis spinosa,species,taxon_matched_text,en,2539,1219,503,636,True,1426
338399,Polygala microphylla,species,taxon_matched_text,pt,1388,1388,444,636,True,1426
76746,Dysphania ambrosioides,species,taxon_matched_text,en,7540,3942,1158,1418,True,2208
342964,Tolpis azorica,species,taxon_matched_text,pt,413,413,171,274,True,1064
52998,Conium maculatum,species,taxon_matched_text,en,22561,15604,4088,4742,True,5532
60176,Atriplex prostrata,species,taxon_matched_text,en,3399,2179,201,311,True,1101
130197,Ulva intestinalis,species,taxon_matched_text,en,3238,1389,473,613,True,1403
58316,Salix babylonica,species,taxon_matched_text,en,5723,3862,1758,2114,True,2904
76033,Carex divulsa,species,taxon_matched_text,en,969,969,176,268,True,1058
1010195,Sonchus latifolius,species,taxonomy_only,,0,0,0,46,False,836
54227,Fagus sylvatica,species,taxon_matched_text,en,13868,12282,3432,3946,True,4736
82628,Staehelina dubia,species,taxon_matched_text,pt,1237,1237,239,411,True,1201
126507,Ficus elastica,species,taxon_matched_text,en,5391,3675,1218,1443,True,2233
77950,Malva arborea,species,taxon_matched_text,en,3182,3182,969,1183,True,1973
77480,Hypericum androsaemum,species,taxon_matched_text,en,11706,9833,4172,4728,True,5518
401772,Eucalyptus nitens,species,taxon_matched_text,en,3267,3267,1362,1535,True,2325
518424,Kalanchoe × houghtonii,hybrid,taxon_matched_text,en,1112,1112,210,311,True,1101
78284,Ornithopus sativus,species,taxon_matched_text,en,2543,1139,210,310,True,1100
82400,Palhinhaea cernua,species,taxon_matched_text,en,1789,1789,573,767,True,1557
709635,Iris × germanica,hybrid,taxon_matched_text,en,6370,4798,1424,1778,True,2568
914922,Reynoutria japonica,species,taxon_matched_text,en,17273,13440,4548,5183,True,5973
52702,Bromus diandrus,species,taxon_matched_text,en,2509,1323,649,771,True,1561
123498,Tortula muralis,species,taxon_matched_text,en,2515,2515,1043,1248,True,2038
341975,Pimpinella villosa,species,taxon_matched_text,pt,1152,1152,260,432,True,1222
125789,Spiraea cantoniensis,species,taxon_matched_text,en,1626,1626,505,623,True,1413
75291,Aegilops geniculata,species,taxon_matched_text,en,1739,464,51,150,True,940
75865,Brachypodium sylvaticum,species,taxon_matched_text,en,3390,2047,789,980,True,1770
342092,Semele androgyna,species,taxon_matched_text,pt,617,617,402,560,True,1350
492929,Ononis pubescens,species,taxon_matched_text,pt,1237,1237,237,388,True,1178
1197779,Cistus ocymoides,species,taxon_matched_text,en,948,948,135,233,True,1023
485760,Centaurium maritimum,species,taxon_matched_text,pt,832,832,379,538,True,1328
60987,Lepidium didymum,species,taxon_matched_text,en,3234,1551,402,541,True,1331
167116,Podranea ricasoliana,species,taxon_matched_text,en,3001,1568,566,734,True,1524
322492,Chlorophytum comosum,species,taxon_matched_text,en,9870,5075,2042,2381,True,3171
338467,Euphorbia portlandica,species,taxon_matched_text,pt,1171,1171,95,226,True,1016
1154346,Lotus rectus,species,taxonomy_only,,0,0,0,40,False,830
55981,Lapsana communis,species,taxon_matched_text,en,3886,2615,699,841,True,1631
467311,Plantago arborescens,species,taxon_matched_text,pt,1313,1313,289,440,True,1230
54518,Lemna minor,species,taxon_matched_text,en,7768,5943,1970,2241,True,3031
129582,Phytolacca dioica,species,taxon_matched_text,en,3502,968,396,502,True,1292
167999,Rostraria cristata,species,taxon_matched_text,en,1712,425,32,119,True,909
286772,Tecomaria capensis,species,taxon_matched_text,en,2199,2199,674,868,True,1658
334743,Lathyrus annuus,species,taxon_matched_text,en,1794,528,133,230,True,1020
360164,Clinopodium menthifolium,species,taxon_matched_text,en,2096,2096,1003,1208,True,1998
142247,Silene acutifolia,species,taxon_matched_text,en,1964,796,183,295,True,1085
162895,Euryops chrysanthemoides,species,taxon_matched_text,en,812,812,210,329,True,1119
137093,Pteris incompleta,species,taxonomy_only,,0,0,0,41,False,831
771692,Carduus lusitanicus,species,taxon_matched_text,pt,1032,1032,486,658,True,1448
47553,Taxus baccata,species,taxon_matched_text,en,21900,20362,5752,6616,True,7406
976085,Rubia occidens,species,taxonomy_only,,0,0,0,41,False,831
123776,Homalothecium sericeum,species,taxon_matched_text,en,205,205,30,131,True,921
57920,Xanthium strumarium,species,taxon_matched_text,en,3776,2345,479,599,True,1389
58722,Pinus sylvestris,species,taxon_matched_text,en,13432,9781,3370,3835,True,4625
371528,Platanthera pollostantha,species,taxonomy_only,,0,0,0,45,False,835
861386,Sonchus pinnatus,species,taxon_matched_text,pt,542,542,341,489,True,1279
60132,Cirsium arvense,species,taxon_matched_text,en,10208,9120,2735,3141,True,3931
160257,Cedronella canariensis,species,taxon_matched_text,pt,4366,2792,924,1203,True,1993
64232,Carthamus lanatus,species,taxon_matched_text,en,2473,1177,577,715,True,1505
53108,Lactuca virosa,species,taxon_matched_text,en,2871,2434,696,881,True,1671
61977,Orobanche hederae,species,taxon_matched_text,en,6460,5202,1689,1926,True,2716
78358,Passiflora tarminiana,species,taxon_matched_text,en,4954,4954,2137,2494,True,3284
182174,Sibthorpia europaea,species,taxon_matched_text,en,2345,1046,394,523,True,1313
55798,Tulipa sylvestris,species,taxon_matched_text,en,4326,3026,357,531,True,1321
341987,Dianthus broteri,species,taxon_matched_text,en,2059,866,103,188,True,978
64238,Tribulus terrestris,species,taxon_matched_text,en,14770,5415,2365,2744,True,3534
162972,Ficus pumila,species,taxon_matched_text,en,3527,2318,674,826,True,1616
337881,Scrophularia frutescens,species,taxon_matched_text,pt,1394,1394,328,487,True,1277
342994,Leontodon rigens,species,taxon_matched_text,en,1776,516,54,140,True,930
79434,Trifolium vessiculosum,species,text_needs_scope_review,en,1000,1000,176,274,True,1064
129442,Asplenium marinum,species,taxon_matched_text,en,1817,1225,302,407,True,1197
60298,Cenchrus clandestinus,species,taxon_matched_text,en,3233,1890,804,979,True,1769
334577,Cyperus capitatus,species,taxon_matched_text,en,2023,767,278,394,True,1184
67555,Codium fragile,species,taxon_matched_text,en,3245,2573,920,1172,True,1962
157960,Achyranthes aspera,species,taxon_matched_text,en,2164,1619,793,940,True,1730
342154,Culcita macrocarpa,species,taxon_matched_text,en,4926,1642,784,1004,True,1794
492104,Geropogon hybridus,species,taxon_matched_text,es,3289,2255,1092,1297,True,2087
341039,Iris albicans,species,text_needs_scope_review,en,11044,11044,3911,4692,True,5482
53103,Hypochaeris glabra,species,taxon_matched_text,en,4372,1495,236,331,True,1121
76237,Chamaecyparis lawsoniana,species,taxon_matched_text,en,9134,7262,2197,2477,True,3267
492864,Hedypnois rhagadioloides,species,taxon_matched_text,en,1577,1577,218,320,True,1110
341114,Ornithogalum broteroi,species,taxon_matched_text,en,5134,4064,996,1228,True,2018
76584,Cyperus esculentus,species,taxon_matched_text,en,13411,10156,3427,3809,True,4599
323010,Saxifraga spathularis,species,taxon_matched_text,en,1676,396,122,215,True,1005
129098,Pedicularis sylvatica,species,taxon_matched_text,en,2471,1158,484,610,True,1400
338408,Pyrus cordata,species,taxon_matched_text,en,5670,2785,1012,1213,True,2003
56843,Scandix pecten-veneris,species,taxon_matched_text,en,3945,2483,1716,1906,True,2696
58392,Typha domingensis,species,taxon_matched_text,en,5642,2705,559,714,True,1504
60364,Rhododendron ponticum,species,taxon_matched_text,en,6842,5002,1651,1906,True,2696
75931,Calendula officinalis,species,taxon_matched_text,en,5471,4312,1306,1607,True,2397
181509,Linaria supina,species,taxon_matched_text,pt,1327,1327,339,496,True,1286
349786,Euonymus japonicus,species,taxon_matched_text,en,1751,1751,548,693,True,1483
55620,Solanum dulcamara,species,taxon_matched_text,en,5403,4699,1309,1569,True,2359
281273,Gomphocarpus physocarpus,species,taxon_matched_text,en,3059,2499,754,958,True,1748
492060,Cichorium pumilum,species,taxon_matched_text,en,517,517,57,143,True,933
771654,Stauracanthus boivinii,species,taxon_matched_text,en,2466,1134,39,134,True,924
60107,Drosanthemum floribundum,species,taxon_matched_text,en,1838,536,153,244,True,1034
75457,Anredera cordifolia,species,taxon_matched_text,en,6584,4692,1763,2109,True,2899
57107,Juncus bufonius,species,taxon_matched_text,en,2611,1319,298,447,True,1237
58371,Cynodon dactylon,species,taxon_matched_text,en,7388,5889,1490,1844,True,2634
75253,Acacia pycnantha,species,taxon_matched_text,en,11250,10471,3398,3786,True,4576
133397,Buxus sempervirens,species,taxon_matched_text,en,6410,5078,1870,2229,True,3019
331124,Citrus × limon,hybrid,text_needs_scope_review,en,17163,11213,2620,3145,True,3935
769616,Cynoglossum clandestinum,species,taxon_matched_text,pt,1273,1273,256,441,True,1231
985185,Phyllosiphon arisari,species,taxonomy_only,,0,0,0,47,False,837
57215,Rumex conglomeratus,species,taxon_matched_text,en,1531,287,59,141,True,931
467475,Teucrium vincentinum,species,taxon_matched_text,en,1709,392,86,175,True,965
491306,Ophrys omegaifera,species,taxon_matched_text,en,758,758,268,369,True,1159
75417,Ammi majus,species,taxon_matched_text,en,5320,4087,984,1207,True,1997
77840,Ludwigia grandiflora,species,taxon_matched_text,en,2569,2569,333,458,True,1248
181908,Hypericum grandifolium,species,taxon_matched_text,en,7666,7186,2926,3232,True,4022
48256,Pseudotsuga menziesii,species,taxon_matched_text,pt,11731,948,381,554,True,1344
61024,Trifolium tomentosum,species,taxon_matched_text,en,2003,397,120,221,True,1011
77239,Genista maderensis,species,taxonomy_only,,0,0,0,39,False,829
158112,Ageratina riparia,species,taxon_matched_text,en,8670,7434,2170,2429,True,3219
62831,Persea americana,species,taxon_matched_text,pt,27543,2743,1860,2095,True,2885
337957,Prasium majus,species,taxon_matched_text,pt,2753,1197,243,410,True,1200
508221,Callianthe megapotamica,species,text_needs_scope_review,en,3768,442,195,312,True,1102
135361,Crinum moorei,species,taxon_matched_text,en,2906,1224,232,368,True,1158
164272,Juncus maritimus,species,taxon_matched_text,en,532,532,125,221,True,1011
338359,Ornithogalum concinnum,species,taxon_matched_text,pt,1558,1558,462,582,True,1372
341116,Andryala arenaria,species,taxon_matched_text,pt,1318,1318,320,470,True,1260
76661,Dimorphotheca fruticosa,species,taxon_matched_text,en,802,802,71,173,True,963
158777,Asplenium adiantum-nigrum,species,taxon_matched_text,en,2045,2045,462,600,True,1390
53266,Sisymbrium officinale,species,taxon_matched_text,en,3450,1892,597,763,True,1553
77977,Melaleuca viminalis,species,taxon_matched_text,en,8258,4631,1434,1643,True,2433
60201,Trifolium subterraneum,species,taxon_matched_text,en,3195,1845,780,981,True,1771
77633,Lathyrus angulatus,species,taxon_matched_text,en,1682,422,144,261,True,1051
163638,Helichrysum foetidum,species,taxon_matched_text,pt,1386,1386,286,458,True,1248
342009,Thymus carnosus,species,taxon_matched_text,en,2036,720,119,216,True,1006
1501890,Dryopteris affinis,species,taxon_matched_text,en,1399,1399,428,561,True,1351
334756,Vicia parviflora,species,taxon_matched_text,en,1635,349,111,208,True,998
68286,Polytrichum juniperinum,species,taxon_matched_text,en,1726,1726,626,766,True,1556
467566,Micromeria graeca,species,taxon_matched_text,en,1618,335,84,179,True,969
75968,Calystegia silvatica,species,taxon_matched_text,en,2737,1329,592,743,True,1533
338749,Orobanche rapum-genistae,species,taxon_matched_text,en,2823,1432,438,560,True,1350
79210,Stenotaphrum secundatum,species,taxon_matched_text,pt,3793,1355,297,469,True,1259
127412,Leycesteria formosa,species,taxon_matched_text,en,14428,13666,4546,4890,True,5680
77624,Lantana montevidensis,species,taxon_matched_text,en,2202,2202,962,1166,True,1956
714939,Freesia leichtlinii,species,taxon_matched_text,en,788,788,370,491,True,1281
71134,Lavandula dentata,species,taxon_matched_text,en,1121,1121,256,359,True,1149
363595,Senecio angulatus,species,taxon_matched_text,en,8734,7506,2303,2680,True,3470
133994,Juniperus oxycedrus,species,taxon_matched_text,en,4915,3460,939,1081,True,1871
159951,Carex flacca,species,taxon_matched_text,en,1954,745,352,454,True,1244
559450,Epipactis lusitanica,species,text_needs_scope_review,en,19179,17817,7276,8003,True,8793
82725,Ulex densus,species,taxon_matched_text,en,1743,772,270,383,True,1173
493110,Lupinus gussoneanus,species,taxonomy_only,,0,0,0,43,False,833
78834,Ranunculus trilobus,species,taxon_matched_text,en,1607,360,94,192,True,982
439699,Linaria algarviana,species,taxon_matched_text,en,3356,2233,733,959,True,1749
47372,Sequoia sempervirens,species,taxon_matched_text,en,40616,22379,8413,9274,True,10064
52344,Ipomoea purpurea,species,taxon_matched_text,en,5201,1821,490,658,True,1448
53313,Trifolium dubium,species,taxon_matched_text,en,2352,1004,186,305,True,1095
54841,Salix alba,species,taxon_matched_text,en,5562,4058,1597,1833,True,2623
58202,Malva parviflora,species,taxon_matched_text,en,5273,3941,1083,1307,True,2097
62888,Casuarina equisetifolia,species,taxon_matched_text,en,10904,7076,1758,2017,True,2807
160623,Cirsium palustre,species,taxon_matched_text,en,3067,1819,416,544,True,1334
320641,Sedum mucizonia,species,taxon_matched_text,pt,1250,1250,267,434,True,1224
785917,Lithophyllum byssoides,species,taxon_matched_text,pt,1020,1020,612,762,True,1552
57662,Euphorbia amygdaloides,species,taxon_matched_text,en,1741,724,246,368,True,1158
79000,Schoenus nigricans,species,taxon_matched_text,en,1974,721,157,264,True,1054
52990,Carduus pycnocephalus,species,taxon_matched_text,en,3254,1936,811,1018,True,1808
63951,Pyrus communis,species,taxon_matched_text,en,2916,2627,696,904,True,1694
75604,Asparagus setaceus,species,taxon_matched_text,en,2424,2424,502,682,True,1472
82849,Ruta angustifolia,species,taxon_matched_text,en,1744,572,74,177,True,967
765426,Citrus deliciosa,species,text_needs_scope_review,en,1601,1601,385,536,True,1326
334903,Luzula forsteri,species,taxon_matched_text,en,2224,390,73,169,True,959
82918,Lavandula multifida,species,taxon_matched_text,en,2267,1069,183,289,True,1079
338415,Viola lactea,species,taxon_matched_text,en,2894,1727,435,579,True,1369
367951,Rhaphiolepis umbellata,species,taxon_matched_text,en,2965,1227,316,446,True,1236
372549,Ulva rigida,species,taxon_matched_text,en,547,547,24,106,True,896
71174,Ajuga iva,species,taxon_matched_text,en,961,677,82,162,True,952
47443,Albizia julibrissin,species,taxon_matched_text,en,4350,3541,1689,1951,True,2741
931428,Arthrocaulon macrostachyum,species,taxon_matched_text,en,2098,2098,686,842,True,1632
568745,Chondria coerulescens,species,taxonomy_only,,0,0,0,45,False,835
444329,Teucrium betonicum,species,taxon_matched_text,pt,1192,1192,126,255,True,1045
1095846,Bidens alba,species,taxon_matched_text,en,1464,1464,786,948,True,1738
61006,Lathyrus hirsutus,species,taxon_matched_text,en,2142,876,179,287,True,1077
71065,Alisma lanceolatum,species,taxon_matched_text,en,3354,1959,368,537,True,1327
792228,Lysimachia tenella,species,taxon_matched_text,en,1011,1011,216,354,True,1144
83468,Diospyros kaki,species,taxon_matched_text,en,7614,6328,2769,3197,True,3987
165209,Medicago littoralis,species,taxon_matched_text,en,3119,1853,263,389,True,1179
54605,Marrubium vulgare,species,taxon_matched_text,en,5628,3038,881,1114,True,1904
1062612,Leontodon longirostris,species,taxon_matched_text,es,2422,2422,1481,1660,True,2450
57922,Centaurea melitensis,species,taxon_matched_text,en,1966,642,149,250,True,1040
78249,Oenothera stricta,species,taxon_matched_text,en,3074,1376,384,495,True,1285
126882,Aloe vera,species,taxon_matched_text,en,22020,9485,2302,2753,True,3543
179304,Tulbaghia violacea,species,taxon_matched_text,en,2546,2546,669,872,True,1662
548146,Cistus umbellatus,species,taxonomy_only,,0,0,0,41,False,831
55881,Hedera maderensis,species,taxon_matched_text,en,1223,736,310,416,True,1206
168688,Scolymus maculatus,species,taxon_matched_text,en,3533,2271,1354,1558,True,2348
170020,Tripolium pannonicum,species,taxon_matched_text,en,2204,970,225,342,True,1132
469968,Polygonum equisetiforme,species,taxon_matched_text,pt,1502,1502,433,624,True,1414
58345,Bolboschoenus maritimus,species,taxon_matched_text,en,3086,1773,241,340,True,1130
58822,Dittrichia graveolens,species,taxon_matched_text,en,3342,1945,414,546,True,1336
75393,Amaranthus deflexus,species,taxon_matched_text,en,1908,591,156,264,True,1054
54712,Fuchsia boliviana,species,taxon_matched_text,en,3510,719,201,307,True,1097
77479,Hyparrhenia hirta,species,taxon_matched_text,en,2058,723,197,295,True,1085
78678,Polygonum aviculare,species,taxon_matched_text,en,4566,3902,1090,1298,True,2088
1044281,Micromeria maderensis,species,taxonomy_only,,0,0,0,42,False,832
209319,Dactylorhiza elata,species,taxon_matched_text,en,1706,1706,211,343,True,1133
52351,Gomphocarpus fruticosus,species,taxon_matched_text,en,3691,1659,122,239,True,1029
53315,Urtica urens,species,taxon_matched_text,en,2933,1647,383,527,True,1317
60027,Orobanche gracilis,species,taxon_matched_text,pt,1310,1310,301,481,True,1271
60253,Alisma plantago-aquatica,species,taxon_matched_text,en,7697,3087,773,964,True,1754
1504228,Wahlenbergia hederacea,species,taxon_matched_text,en,3250,1975,403,525,True,1315
194769,Linaria elegans,species,taxon_matched_text,pt,1202,1202,247,412,True,1202
47447,Leucaena leucocephala,species,taxon_matched_text,en,11289,5999,1371,1745,True,2535
57983,Helianthus annuus,species,text_needs_scope_review,en,20162,17317,4868,5573,True,6363
124349,Solandra maxima,species,taxon_matched_text,en,947,947,323,425,True,1215
203017,Baldellia repens,species,taxon_matched_text,pt,1254,1254,276,425,True,1215
335853,Clematis flammula,species,taxon_matched_text,en,3928,740,280,419,True,1209
139087,Genista tenera,species,taxon_matched_text,pt,757,757,444,616,True,1406
56063,Sorbus aucuparia,species,taxon_matched_text,en,13853,13079,4523,5058,True,5848
717962,Dorycnopsis gerardi,species,taxon_matched_text,pt,1225,1225,248,420,True,1210
168386,Salvia microphylla,species,taxon_matched_text,en,2827,2827,1258,1453,True,2243
193676,Ilex canariensis,species,taxon_matched_text,en,1771,1194,663,810,True,1600
1616015,Sideroxylon mirmulano,species,taxon_matched_text,en,1983,1165,296,416,True,1206
57309,Vicia faba,species,taxon_matched_text,en,12669,11899,6762,7712,True,8502
79514,Viola palustris,species,taxon_matched_text,en,5985,4736,1641,1915,True,2705
121267,Pinguicula lusitanica,species,taxon_matched_text,en,1703,718,254,362,True,1152
140907,Musa acuminata,species,taxon_matched_text,en,8674,8165,2360,2710,True,3500
1024536,Rabelera holostea,species,taxon_matched_text,en,2707,2233,637,795,True,1585
1335579,Foeniculum sanguineum,species,taxonomy_only,,0,0,0,44,False,834
53785,Fumaria officinalis,species,taxon_matched_text,en,5348,3297,1414,1650,True,2440
63735,Prunus domestica,species,taxon_matched_text,en,4292,3595,904,1175,True,1965
135659,Platycladus orientalis,species,taxon_matched_text,pt,3726,598,492,632,True,1422
223831,Linaria incarnata,species,taxon_matched_text,pt,1197,1197,257,424,True,1214
77279,Glaucium flavum,species,taxon_matched_text,en,6040,4831,1677,2034,True,2824
79502,Vicia disperma,species,taxon_matched_text,pt,1233,1233,289,466,True,1256
867614,Festuca geniculata,species,taxonomy_only,,0,0,0,41,False,831
64107,Asparagus asparagoides,species,taxon_matched_text,en,2798,2798,872,1095,True,1885
326210,Codium tomentosum,species,taxon_matched_text,en,1620,1620,564,708,True,1498
342989,Pericallis malvifolia,species,taxon_matched_text,en,1076,542,100,191,True,981
861402,Tolpis macrorhiza,species,taxon_matched_text,pt,1296,1296,261,422,True,1212
56133,Quercus robur,species,taxon_matched_text,en,16075,14924,3763,4289,True,5079
126914,Brugmansia arborea,species,taxon_matched_text,en,2074,1403,601,757,True,1547
338389,Adenocarpus lainzii,species,taxon_matched_text,pt,1333,1333,278,457,True,1247
135250,Strelitzia nicolai,species,taxon_matched_text,en,1951,1951,698,852,True,1642
607089,Adiantum reniforme,species,taxon_matched_text,en,2164,1354,454,589,True,1379
55845,Viola odorata,species,taxon_matched_text,en,4212,2979,1046,1277,True,2067
82727,Ulex parviflorus,species,taxon_matched_text,en,1086,307,49,149,True,939
82610,Bupleurum rigidum,species,taxon_matched_text,pt,1298,1298,302,452,True,1242
128137,Limodorum abortivum,species,taxon_matched_text,en,474,474,198,307,True,1097
513727,Klasea boetica,species,taxonomy_only,,0,0,0,43,False,833
52698,Avena fatua,species,taxon_matched_text,en,2505,1294,256,347,True,1137
162726,Escallonia rubra,species,taxon_matched_text,en,1744,1744,488,643,True,1433
60261,Juncus capitatus,species,taxon_matched_text,pt,2975,1252,267,442,True,1232
123288,Drosophyllum lusitanicum,species,taxon_matched_text,pt,4647,2433,1480,1798,True,2588
57634,Viola kitaibeliana,species,taxon_matched_text,en,1972,739,209,335,True,1125
467407,Delphinium gracile,species,taxon_matched_text,en,1842,666,56,152,True,942
119061,Betula pubescens,species,taxon_matched_text,en,9759,6810,2302,2593,True,3383
163112,Fuchsia magellanica,species,taxon_matched_text,en,5463,3237,1210,1424,True,2214
1515385,Quercus pseudococcifera,species,taxon_matched_text,en,920,920,145,268,True,1058
62338,Lysimachia vulgaris,species,taxon_matched_text,en,3892,2619,674,861,True,1651
75916,Buddleja davidii,species,taxon_matched_text,en,22205,20975,2217,2570,True,3360
143800,Tilia tomentosa,species,taxon_matched_text,en,2192,2192,675,837,True,1627
322849,Adenocarpus complicatus,species,taxon_matched_text,pt,999,999,281,453,True,1243
342993,Luzula purpureosplendens,species,taxon_matched_text,pt,840,840,464,613,True,1403
777664,Lomelosia simplex,species,taxon_matched_text,pt,1300,1300,322,470,True,1260
1229224,Coleus neochilus,species,taxon_matched_text,en,3373,1747,434,600,True,1390
56099,Ajuga reptans,species,taxon_matched_text,en,4736,2862,920,1125,True,1915
57311,Lathyrus aphaca,species,taxon_matched_text,en,4473,3192,1090,1270,True,2060
497830,Lepidophorum repandum,species,taxon_matched_text,pt,2023,1073,623,791,True,1581
62652,Mentha spicata,species,text_needs_scope_review,en,10041,7775,1910,2262,True,3052
162845,Euphorbia pulcherrima,species,text_needs_scope_review,en,12801,9159,2939,3301,True,4091
450558,Echium gaditanum,species,taxon_matched_text,pt,1230,1230,235,406,True,1196
418752,Sinapidendron gymnocalyx,species,taxon_matched_text,pt,1355,1355,266,443,True,1233
1121982,Ptychostomum capillare,species,text_needs_scope_review,en,3920,3920,86,187,True,977
52707,Bromus madritensis,species,taxon_matched_text,en,3020,1697,810,974,True,1764
122987,Rhus coriaria,species,taxon_matched_text,en,2789,1571,418,582,True,1372
129105,Asplenium scolopendrium,species,taxon_matched_text,en,9838,6911,2103,2408,True,3198
243550,Potamogeton polygonifolius,species,taxon_matched_text,en,3501,2168,1018,1198,True,1988
320905,Linaria saxatilis,species,taxon_matched_text,pt,1222,1222,255,423,True,1213
349248,Brachychiton populneus,species,taxon_matched_text,en,4115,1948,611,788,True,1578
128769,Ligustrum sinense,species,taxon_matched_text,en,2614,2276,618,770,True,1560
338164,Cleonia lusitanica,species,taxon_matched_text,pt,2100,1229,261,426,True,1216
739822,Acacia provincialis,species,taxon_matched_text,en,1037,1037,455,556,True,1346
76593,Cyperus rotundus,species,taxon_matched_text,en,8370,6389,2057,2450,True,3240
56949,Logfia gallica,species,taxon_matched_text,en,1883,657,182,306,True,1096
126741,Morus nigra,species,taxon_matched_text,en,7904,4114,1367,1590,True,2380
126854,Ficus macrophylla,species,taxon_matched_text,en,12920,11822,3918,4310,True,5100
342095,Codium adhaerens,species,taxonomy_only,,0,0,0,43,False,833
424498,Thymus lotocephalus,species,taxon_matched_text,en,1931,537,110,202,True,992
322755,Farfugium japonicum,species,taxon_matched_text,en,1436,1436,341,468,True,1258
902553,Marcus-kochia triloba,species,taxonomy_only,,0,0,0,41,False,831
53210,Senecio sylvaticus,species,taxon_matched_text,en,1908,587,192,281,True,1071
56090,Morus alba,species,taxon_matched_text,en,10150,8748,2248,2579,True,3369
59005,Galium murale,species,taxon_matched_text,en,2100,906,199,301,True,1091
136231,Araucaria bidwillii,species,taxon_matched_text,en,11721,10418,4163,4682,True,5472
200053,Euphorbia prostrata,species,taxon_matched_text,en,2838,1836,433,572,True,1362
341997,Pycnocomon rutifolium,species,taxon_matched_text,pt,1289,1289,283,460,True,1250
371651,Daboecia cantabrica,species,taxon_matched_text,pt,3111,1443,323,457,True,1247
82601,Bupleurum fruticosum,species,taxon_matched_text,en,1779,537,237,360,True,1150
158380,Angelica sylvestris,species,taxon_matched_text,en,2881,1591,339,473,True,1263
333720,Anthemis maritima,species,taxon_matched_text,pt,6784,1225,241,409,True,1199
55667,Sagina procumbens,species,taxon_matched_text,en,3183,1982,799,945,True,1735
64144,Polypogon viridis,species,taxon_matched_text,en,3159,1870,165,270,True,1060
164326,Kalanchoe blossfeldiana,species,taxon_matched_text,en,3839,3395,828,1006,True,1796
57897,Salsola kali,species,taxon_matched_text,en,4777,2894,1104,1251,True,2041
64265,Medicago orbicularis,species,taxon_matched_text,en,1959,649,94,188,True,978
164074,Ionopsidium acaule,species,taxon_matched_text,en,2199,613,95,180,True,970
210194,Clivia miniata,species,taxon_matched_text,en,2938,2235,548,690,True,1480
245745,Centaurium scilloides,species,taxon_matched_text,en,1829,1353,378,536,True,1326
343000,Holcus rigidus,species,taxon_matched_text,pt,1319,1319,260,386,True,1176
450810,Valantia muralis,species,taxon_matched_text,en,1563,405,109,202,True,992
205947,Umbilicus horizontalis,species,taxon_matched_text,en,1783,547,262,389,True,1179
544571,Hyparrhenia sinaica,species,taxon_matched_text,pt,1348,1348,299,472,True,1262
714078,Lupinus gredensis,species,taxon_matched_text,pt,1234,1234,252,423,True,1213
77253,Geranium columbinum,species,taxon_matched_text,en,2199,960,279,407,True,1197
138477,Trifolium scabrum,species,taxon_matched_text,en,1800,486,126,225,True,1015
163871,Hydrocotyle bonariensis,species,taxon_matched_text,en,4283,2719,426,551,True,1341
193642,Hypericum elodes,species,taxon_matched_text,en,1105,734,188,303,True,1093
51633,Digitaria sanguinalis,species,taxon_matched_text,en,3681,2415,490,625,True,1415
126566,Spathodea campanulata,species,taxon_matched_text,pt,7278,2402,943,1212,True,2002
167373,Potentilla reptans,species,taxon_matched_text,en,2846,1540,533,684,True,1474
342116,Picconia excelsa,species,taxon_matched_text,en,2239,1616,550,685,True,1475
625502,Helichrysum devium,species,taxon_matched_text,pt,1231,1231,244,415,True,1205
82899,Thymus villosus,species,taxon_matched_text,pt,1342,1342,321,474,True,1264
51738,Salvia officinalis,species,taxon_matched_text,en,6186,3906,1740,2031,True,2821
169761,Tilia platyphyllos,species,taxon_matched_text,en,3865,3865,1461,1645,True,2435
341591,Romulea ramiflora,species,taxon_matched_text,en,1729,348,87,188,True,978
482356,Helichrysum obconicum,species,taxon_matched_text,pt,1279,1279,237,401,True,1191
53778,Santolina chamaecyparissus,species,taxon_matched_text,en,4538,1718,487,648,True,1438
53779,Humulus lupulus,species,taxon_matched_text,en,13477,8392,2217,2637,True,3427
70265,Myosotis discolor,species,taxon_matched_text,en,2253,873,194,287,True,1077
142250,Narcissus calcicola,species,taxon_matched_text,en,2123,824,142,260,True,1050
166867,Picris hieracioides,species,taxon_matched_text,en,2058,764,164,274,True,1064
334749,Trifolium cherleri,species,taxon_matched_text,en,1793,546,79,167,True,957
343006,Daboecia azorica,species,taxon_matched_text,pt,495,495,206,324,True,1114
53858,Solanum tuberosum,species,text_needs_scope_review,en,46254,26326,7634,8831,True,9621
170388,Yucca gloriosa,species,taxon_matched_text,en,8433,8433,2975,3361,True,4151
52658,Drosera rotundifolia,species,taxon_matched_text,en,7568,5010,1445,1718,True,2508
164229,Jasminum mesnyi,species,taxon_matched_text,en,1624,1624,409,555,True,1345
370492,Lantana strigocamara,species,taxonomy_only,,0,0,0,41,False,831
950859,Solidago azorica,species,taxon_matched_text,en,772,772,220,325,True,1115
55730,Spergularia rubra,species,taxon_matched_text,en,1745,515,184,283,True,1073
342981,Spergularia azorica,species,taxon_matched_text,pt,1200,1200,548,718,True,1508
346024,Dryopteris azorica,species,taxon_matched_text,pt,348,348,190,310,True,1100
803774,Boulardia latisquama,species,text_needs_scope_review,en,922,922,265,376,True,1166
1471395,Hexaphylla hirsuta,species,taxonomy_only,,0,0,0,46,False,836
61021,Trifolium glomeratum,species,taxon_matched_text,en,2988,512,170,290,True,1080
78563,Phyllostachys aurea,species,taxon_matched_text,en,1533,1533,561,708,True,1498
56188,Vicia hirsuta,species,taxon_matched_text,en,3792,882,331,435,True,1225
61116,Sparganium erectum,species,taxon_matched_text,en,511,511,100,220,True,1010
82954,Scrophularia canina,species,taxon_matched_text,en,1950,612,182,307,True,1097
169872,Tradescantia pallida,species,taxon_matched_text,en,4501,2598,856,1048,True,1838
209586,Asphodelus albus,species,taxon_matched_text,en,2684,1408,592,760,True,1550
56289,Targionia hypophylla,species,taxonomy_only,,0,0,0,45,False,835
83992,Betula pendula,species,taxon_matched_text,en,16504,14684,3189,3536,True,4326
189479,Armeria pseudarmeria,species,text_needs_scope_review,pt,1156,1156,593,796,True,1586
340757,Vandenboschia speciosa,species,taxon_matched_text,en,7779,2180,794,982,True,1772
1535043,Canna × hybrida,hybrid,text_needs_scope_review,en,4546,4546,1021,1278,True,2068
54053,Pyracantha angustifolia,species,taxon_matched_text,en,642,642,162,252,True,1042
161469,Cyperus papyrus,species,taxon_matched_text,en,5767,5259,1557,1841,True,2631
338097,Juncus valvatus,species,taxon_matched_text,pt,1441,1441,566,743,True,1533
411074,Cotoneaster coriaceus,species,taxon_matched_text,en,978,978,190,317,True,1107
118863,Gentiana pneumonanthe,species,taxon_matched_text,en,949,569,122,219,True,1009
330716,Salicornia ramosissima,species,taxon_matched_text,pt,1272,1272,352,529,True,1319
341162,Colchicum filifolium,species,taxon_matched_text,es,860,860,579,735,True,1525
50859,Catalpa bignonioides,species,taxon_matched_text,en,11317,4426,2119,2367,True,3157
51754,Phormium tenax,species,taxon_matched_text,en,5640,4053,1419,1677,True,2467
75722,Avena sterilis,species,taxon_matched_text,en,5531,4375,1074,1353,True,2143
430142,Leucodon sciuroides,species,taxon_matched_text,en,250,250,28,127,True,917
49365,Carex pendula,species,taxon_matched_text,en,2172,925,356,479,True,1269
133395,Lavandula angustifolia,species,taxon_matched_text,en,4645,3913,1624,1888,True,2678
341021,Carduus carpetanus,species,taxon_matched_text,pt,1189,1189,242,407,True,1197
60220,Ludwigia peploides,species,taxon_matched_text,en,3156,2270,1443,1674,True,2464
64191,Kickxia spuria,species,taxon_matched_text,en,1928,585,217,311,True,1101
129169,Lotus subbiflorus,species,taxon_matched_text,en,667,667,118,231,True,1021
161257,Cuphea hyssopifolia,species,taxon_matched_text,en,985,985,375,533,True,1323
369851,Christella dentata,species,taxon_matched_text,en,2096,861,194,305,True,1095
514443,Biscutella valentina,species,taxon_matched_text,pt,1380,1380,386,538,True,1328
792216,Lysimachia foemina,species,taxon_matched_text,en,3141,1844,821,983,True,1773
135394,Lagerstroemia indica,species,taxon_matched_text,en,4232,3281,1193,1431,True,2221
342641,Jasminum polyanthum,species,taxon_matched_text,en,4524,2381,764,945,True,1735
493054,Teucrium capitatum,species,taxon_matched_text,pt,1187,1187,116,234,True,1024
58725,Juniperus communis,species,taxon_matched_text,en,9113,6112,2027,2407,True,3197
77552,Juncus articulatus,species,taxon_matched_text,en,2145,858,248,342,True,1132
338092,Antirrhinum graniticum,species,taxon_matched_text,pt,1327,1327,287,471,True,1261
493536,Serapias perez-chiscanoi,species,taxon_matched_text,en,775,775,327,495,True,1285
831147,Myriolimon ferulaceum,species,taxonomy_only,,0,0,0,45,False,835
49662,Platanus occidentalis,species,taxon_matched_text,en,7627,7438,2411,2743,True,3533
58167,Trifolium fragiferum,species,taxon_matched_text,en,2806,1485,607,767,True,1557
68225,Bauhinia variegata,species,taxon_matched_text,en,5061,4249,1039,1247,True,2037
77741,Ligustrum ovalifolium,species,taxon_matched_text,en,3879,2577,789,999,True,1789
82934,Hypericum tomentosum,species,taxon_matched_text,en,1987,843,183,292,True,1082
120488,Salvia leucantha,species,taxon_matched_text,en,2297,1057,346,472,True,1262
181447,Brachypodium phoenicoides,species,taxon_matched_text,pt,1488,1488,421,585,True,1375
906118,Betonica officinalis,species,taxon_matched_text,en,6162,3814,1440,1717,True,2507
1263850,Pleroma urvilleanum,species,taxon_matched_text,en,1134,1134,312,443,True,1233
52614,Zostera marina,species,taxon_matched_text,en,7603,5789,2060,2321,True,3111
219548,Scrophularia sambucifolia,species,taxon_matched_text,en,2586,1172,311,454,True,1244
343008,Carex hochstetteriana,species,taxonomy_only,,0,0,0,41,False,831
68293,Polytrichum commune,species,taxon_matched_text,en,5574,3128,1622,1787,True,2577
127298,Pelargonium graveolens,species,taxon_matched_text,en,4828,4828,1629,1852,True,2642
129744,Aichryson laxum,species,taxon_matched_text,pt,745,745,418,593,True,1383
638292,Limodorum trabutianum,species,taxonomy_only,,0,0,0,45,False,835
861414,Carex peregrina,species,taxon_matched_text,en,1069,552,104,187,True,977
130289,Campylopus introflexus,species,taxon_matched_text,en,2890,2890,1009,1217,True,2007
280909,Solanum betaceum,species,taxon_matched_text,pt,9265,2615,701,937,True,1727
359750,Dryopteris aemula,species,taxon_matched_text,en,1064,1064,342,504,True,1294
435320,Smilax azorica,species,taxon_matched_text,en,1179,476,125,223,True,1013
467521,Astragalus tragacantha,species,taxon_matched_text,en,2476,1106,473,643,True,1433
53582,Liriodendron tulipifera,species,taxon_matched_text,en,14979,10093,4833,5438,True,6228
61027,Centaurium tenuiflorum,species,taxon_matched_text,en,2488,1159,378,499,True,1289
124138,Silene nutans,species,taxon_matched_text,en,3352,2187,648,812,True,1602
82643,Echinops strigosus,species,taxon_matched_text,pt,1273,1273,270,443,True,1233
338088,Flueggea tinctoria,species,taxon_matched_text,en,2485,1166,412,538,True,1328
1341071,Feijoa sellowiana,species,text_needs_scope_review,en,13443,6152,2363,2693,True,3483
915673,Rumex spinosus,species,taxon_matched_text,en,1020,1020,314,430,True,1220
163184,Galium palustre,species,taxon_matched_text,en,2443,1168,242,336,True,1126
898113,Phlegmariurus dentatus,species,taxon_matched_text,en,1224,1224,224,335,True,1125
51446,Passiflora edulis,species,taxon_matched_text,en,9132,8219,3528,3947,True,4737
162839,Euphorbia milii,species,taxon_matched_text,en,5899,3612,1113,1311,True,2101
191916,Eryngium corniculatum,species,taxon_matched_text,pt,1277,1277,251,426,True,1216
866715,Thapsia foetida,species,taxonomy_only,,0,0,0,43,False,833
1008575,Opuntia bonaerensis,species,taxonomy_only,,0,0,0,44,False,834
1467121,Limonium eduardi-diasii,species,taxonomy_only,,0,0,0,46,False,836
50996,Ficus benjamina,species,taxon_matched_text,en,7662,6590,1459,1674,True,2464
62811,Carica papaya,species,taxon_matched_text,pt,17091,6448,4383,4899,True,5689
64128,Eucalyptus camaldulensis,species,taxon_matched_text,en,9860,9003,3807,4279,True,5069
75475,Anthoxanthum odoratum,species,taxon_matched_text,en,2838,1515,486,635,True,1425
83642,Eugenia uniflora,species,taxon_matched_text,en,7257,4609,864,1091,True,1881
469095,Melilotus segetalis,species,taxon_matched_text,en,1649,340,85,182,True,972
1498006,Roemeria sicula,species,taxon_matched_text,en,2299,2299,647,796,True,1586
739615,Rubia agostinhoi,species,taxon_matched_text,en,2254,712,222,329,True,1119
55882,Hedera helix,species,taxon_matched_text,en,14882,11192,3157,3695,True,4485
63512,Acer palmatum,species,taxon_matched_text,en,9620,8276,3610,3980,True,4770
203002,Rhynchospora modesti-lucennoi,species,taxon_matched_text,pt,1753,1753,649,891,True,1681
739605,Hypericum glandulosum,species,taxon_matched_text,en,1640,468,81,178,True,968
77058,Eruca vesicaria,species,taxon_matched_text,en,2211,855,100,184,True,974
153366,Gamochaeta americana,species,taxon_matched_text,en,492,492,22,106,True,896
211064,Crocus carpetanus,species,taxon_matched_text,en,984,474,26,112,True,902
48448,Zea mays,species,text_needs_scope_review,en,44043,27328,7520,8519,True,9309
276978,Ornithogalum thyrsoides,species,taxon_matched_text,en,1481,1481,453,606,True,1396
63886,Persicaria lapathifolia,species,taxon_matched_text,en,3507,2132,428,547,True,1337
69923,Parentucellia latifolia,species,taxon_matched_text,en,1752,475,173,263,True,1053
160922,Corsinia coriandrina,species,taxonomy_only,,0,0,0,41,False,831
162431,Erica tetralix,species,taxon_matched_text,en,2606,1268,403,575,True,1365
192460,Frangula azorica,species,taxon_matched_text,en,1361,586,57,144,True,934
338056,Verbascum litigiosum,species,taxon_matched_text,en,1674,497,46,135,True,925
82598,Acer monspessulanum,species,taxon_matched_text,en,2753,2088,604,772,True,1562
518546,Nogopterium gracile,species,taxon_matched_text,de,603,603,152,260,True,1050
770219,Iberodes linifolia,species,taxon_matched_text,en,1939,689,182,291,True,1081
1584965,Limonium auriculifolium,species,taxonomy_only,,0,0,0,48,False,838
53375,Cotoneaster pannosus,species,taxon_matched_text,en,605,605,176,274,True,1064
58754,Azolla filiculoides,species,taxon_matched_text,en,3371,3371,643,786,True,1576
170297,Watsonia borbonica,species,taxon_matched_text,en,1880,595,277,404,True,1194
338404,Thalictrum speciosissimum,species,taxon_matched_text,en,806,806,278,390,True,1180
861416,Ruscus streptophyllus,species,taxon_matched_text,es,492,492,63,155,True,945
56916,Hydrocotyle vulgaris,species,taxon_matched_text,en,3026,1403,558,715,True,1505
68290,Polytrichum formosum,species,text_needs_scope_review,en,4819,4819,1565,1819,True,2609
733282,Thapsia minor,species,taxon_matched_text,pt,1142,1142,260,425,True,1215
1559090,Andryala subglabrata,species,taxonomy_only,,0,0,0,46,False,836
56406,Marchantia polymorpha,species,taxon_matched_text,en,3664,3664,1229,1491,True,2281
76563,Cyclospermum leptophyllum,species,taxon_matched_text,en,2881,694,194,292,True,1082
76782,Eleocharis palustris,species,taxon_matched_text,en,3947,2467,267,395,True,1185
133012,Ajuga pyramidalis,species,taxon_matched_text,en,2814,1547,556,701,True,1491
372731,Thapsia transtagana,species,taxon_matched_text,pt,1247,1247,248,420,True,1210
545061,Malva olbia,species,taxon_matched_text,en,3915,2640,198,300,True,1090
631018,Saxifraga maderensis,species,taxon_matched_text,pt,1273,1273,264,436,True,1226
1611172,Ophrys bilunulata,species,text_needs_scope_review,es,3731,3731,2609,2891,True,3681
54699,Leptospermum scoparium,species,taxon_matched_text,pt,6614,685,532,708,True,1498
56027,Narcissus tazetta,species,taxon_matched_text,en,4502,3247,588,759,True,1549
77758,Limonium sinuatum,species,taxon_matched_text,en,2417,1124,509,686,True,1476
119546,Pelargonium cucullatum,species,taxon_matched_text,en,4495,4495,3022,3283,True,4073
451473,Rhaponticum coniferum,species,taxon_matched_text,es,2269,2269,1363,1550,True,2340
70086,Lathyrus sphaericus,species,taxon_matched_text,en,3372,2093,1103,1300,True,2090
55886,Lunaria annua,species,taxon_matched_text,en,4111,2854,765,902,True,1692
79523,Watsonia meriana,species,taxon_matched_text,en,1171,1171,505,632,True,1422
282330,Euphorbia hirsuta,species,taxon_matched_text,en,1561,382,89,189,True,979
359744,Cystopteris diaphana,species,taxon_matched_text,en,518,518,89,204,True,994
889195,Filago pyramidata,species,taxon_matched_text,en,2467,1240,145,239,True,1029
54785,Quercus palustris,species,taxon_matched_text,en,4124,4124,2391,2761,True,3551
60297,Paspalum distichum,species,taxon_matched_text,en,552,552,151,259,True,1049
119602,Epilobium parviflorum,species,taxon_matched_text,en,3994,2610,712,906,True,1696
514865,Rhagadiolus edulis,species,taxon_matched_text,en,1981,596,133,282,True,1072
60283,Echinochloa crus-galli,species,taxon_matched_text,en,5166,3615,802,1031,True,1821
76404,Coincya monensis,species,taxon_matched_text,en,2552,1051,246,363,True,1153
82709,Fumana thymifolia,species,taxon_matched_text,en,1653,379,119,217,True,1007
440836,Musschia aurea,species,taxon_matched_text,en,1710,452,46,130,True,920
67710,Sansevieria trifasciata,species,text_needs_scope_review,en,7206,4241,1217,1508,True,2298
78778,Pteris tremula,species,taxon_matched_text,en,2128,2128,617,782,True,1572
288259,Catapodium rigidum,species,taxon_matched_text,en,2895,1679,231,354,True,1144
338052,Cytisus grandiflorus,species,taxon_matched_text,pt,1453,1453,358,506,True,1296
1239449,Heptapleurum arboricola,species,taxon_matched_text,en,4027,2833,882,1073,True,1863
79068,Setaria parviflora,species,taxon_matched_text,en,3471,2175,193,302,True,1092
130872,Schinus terebinthifolia,species,taxon_matched_text,en,18314,6942,1705,1972,True,2762
166958,Plagiochasma rupestre,species,taxonomy_only,,0,0,0,41,False,831
469288,Sphaerococcus coronopifolius,species,taxonomy_only,,0,0,0,49,False,839
52838,Anthemis arvensis,species,taxon_matched_text,en,3547,2253,406,531,True,1321
58387,Sorghum halepense,species,taxon_matched_text,pt,3904,1672,474,664,True,1454
75583,Arrhenatherum elatius,species,taxon_matched_text,en,3102,1610,674,844,True,1634
79147,Soleirolia soleirolii,species,taxon_matched_text,pt,4218,2290,729,958,True,1748
85053,Scutellaria minor,species,taxon_matched_text,en,1915,707,194,309,True,1099
125761,Magnolia liliiflora,species,taxon_matched_text,en,1698,1698,303,429,True,1219
142833,Asplenium monanthes,species,taxon_matched_text,en,3747,3747,1216,1520,True,2310
559793,Verbena incompta,species,taxon_matched_text,en,418,418,55,148,True,938
1294831,Leptogramma pozoi,species,taxonomy_only,,0,0,0,43,False,833
1573984,Linaria bimaculata,species,taxonomy_only,,0,0,0,42,False,832
48625,Oenothera speciosa,species,taxon_matched_text,en,2043,2043,725,904,True,1694
55668,Ornithopus perpusillus,species,taxon_matched_text,en,1548,180,25,113,True,903
62949,Bougainvillea spectabilis,species,taxon_matched_text,en,1423,869,277,414,True,1204
82652,Asteriscus aquaticus,species,taxon_matched_text,en,3740,2104,105,199,True,989
129853,Geranium sanguineum,species,taxon_matched_text,en,3732,2333,569,718,True,1508
138121,Asplenium hemionitis,species,taxon_matched_text,en,3096,1076,456,633,True,1423
236883,Anacamptis collina,species,taxon_matched_text,en,2763,1024,351,509,True,1299
338358,Hyacinthoides paivae,species,taxon_matched_text,en,1974,1974,772,924,True,1714
343014,Angelica lignescens,species,taxon_matched_text,pt,518,518,178,293,True,1083
358151,Dactylorhiza romana,species,taxon_matched_text,en,1084,1084,170,277,True,1067
738485,Sonchus ustulatus,species,taxon_matched_text,en,1997,619,168,313,True,1103
60257,Isolepis cernua,species,taxon_matched_text,en,2060,764,126,223,True,1013
60887,Chaenorhinum origanifolium,species,taxon_matched_text,en,2712,1273,599,717,True,1507
129499,Scilla verna,species,taxon_matched_text,en,1388,1388,442,573,True,1363
342003,Astragalus boeticus,species,taxon_matched_text,en,2378,1184,342,503,True,1293
342016,Plantago bellardii,species,taxon_matched_text,pt,1235,1235,273,451,True,1241
418747,Sinapidendron angustifolium,species,taxon_matched_text,pt,1375,1375,272,448,True,1238
68765,Trifolium lappaceum,species,taxon_matched_text,en,1742,373,111,213,True,1003
77378,Hesperocyparis macrocarpa,species,taxon_matched_text,en,7467,6542,2134,2520,True,3310
334745,Ononis reclinata,species,taxon_matched_text,en,1638,345,109,205,True,995
347783,Lycium intricatum,species,taxon_matched_text,en,1840,650,384,547,True,1337
342127,Musschia wollastonii,species,taxon_matched_text,en,1134,413,95,194,True,984
380721,Begonia × semperflorens-cultorum,hybrid,taxonomy_only,,0,0,0,46,False,836
1555600,Elodea densa,species,taxon_matched_text,en,5348,4123,1426,1682,True,2472
68479,Lolium multiflorum,species,taxon_matched_text,en,6942,1953,357,502,True,1292
162366,Epilobium obscurum,species,taxon_matched_text,en,1661,347,35,134,True,924
273763,Graptopetalum paraguayense,species,taxon_matched_text,en,1726,1213,363,496,True,1286
514814,Galium verrucosum,species,taxon_matched_text,en,2051,752,103,187,True,977
59029,Verbascum thapsus,species,taxon_matched_text,en,32723,17456,4858,5446,True,6236
135934,Juniperus cedrus,species,taxon_matched_text,en,2125,1160,634,780,True,1570
164833,Lotus parviflorus,species,taxon_matched_text,pt,1341,1341,291,464,True,1254
372170,Tetrapanax papyrifer,species,taxon_matched_text,pt,3677,1298,283,452,True,1242
487244,Linum tenue,species,taxonomy_only,,0,0,0,37,False,827
570676,Callianthe picta,species,taxon_matched_text,en,2349,1701,573,742,True,1532
1433993,Centaurea lusitanica,species,text_needs_scope_review,es,1340,1340,866,1070,True,1860
209481,Sideritis hirsuta,species,taxon_matched_text,pt,1228,1228,242,411,True,1201
775417,Arundo micrantha,species,taxonomy_only,,0,0,0,41,False,831
77482,Hypericum canariense,species,taxon_matched_text,en,2592,1844,497,656,True,1446
126735,Fatsia japonica,species,taxon_matched_text,en,2568,2070,632,797,True,1587
336113,Sedum anglicum,species,taxon_matched_text,en,1765,535,198,302,True,1092
507820,Hyacinthoides mauritanica,species,taxon_matched_text,en,1077,1077,171,298,True,1088
132323,Juncus bulbosus,species,taxon_matched_text,en,2381,1107,72,159,True,949
363489,Colchicum lusitanum,species,taxon_matched_text,en,4981,361,64,161,True,951
502780,Vachellia karroo,species,taxon_matched_text,en,3620,2908,1290,1554,True,2344
973569,Nemalion elminthoides,species,text_needs_scope_review,en,489,489,181,316,True,1106
1263326,Trocdaris verticillata,species,text_needs_scope_review,en,3381,262,41,127,True,917
53945,Styphnolobium japonicum,species,taxon_matched_text,en,4018,2842,850,1052,True,1842
62205,Alcea rosea,species,taxon_matched_text,en,3438,2027,551,706,True,1496
169784,Tolpis umbellata,species,text_needs_scope_review,es,1939,1939,1086,1262,True,2052
323997,Melaleuca armillaris,species,taxon_matched_text,en,2797,2797,1087,1269,True,2059
333959,Sanguisorba hybrida,species,taxonomy_only,,0,0,0,43,False,833
62924,Catharanthus roseus,species,taxon_matched_text,en,15459,8688,1674,1963,True,2753
160927,Corynephorus canescens,species,taxon_matched_text,en,2382,1077,289,389,True,1179
627571,Sideritis candicans,species,taxon_matched_text,en,2738,678,224,309,True,1099
53304,Torilis nodosa,species,taxon_matched_text,en,1632,449,185,269,True,1059
243623,Ophrys sphegodes,species,taxon_matched_text,en,4771,4771,1201,1447,True,2237
334192,Lactuca viminea,species,taxon_matched_text,en,2044,748,180,288,True,1078
341160,Iberis ciliata,species,taxon_matched_text,pt,1329,1329,334,485,True,1275
359470,Physospermum cornubiense,species,taxon_matched_text,pt,1233,1233,265,437,True,1227
450963,Neatostema apulum,species,taxon_matched_text,pt,1980,1260,261,429,True,1219
497846,Echinospartum ibericum,species,taxon_matched_text,pt,1352,1352,275,452,True,1242
1283661,Rosa mandonii,species,taxon_matched_text,en,1042,441,65,152,True,942
60361,Geranium maderense,species,taxon_matched_text,en,2132,863,167,264,True,1054
127079,Polypodium vulgare,species,taxon_matched_text,en,3940,3940,1320,1548,True,2338
136234,Cedrus atlantica,species,taxon_matched_text,en,6144,3390,1018,1242,True,2032
165730,Nonea vesicaria,species,taxon_matched_text,pt,1224,1224,251,419,True,1209
468833,Armeria macrophylla,species,taxon_matched_text,pt,1706,1706,657,899,True,1689
902415,Quercus estremadurensis,species,taxon_matched_text,en,1515,1515,477,606,True,1396
130672,Aizoon canariense,species,taxon_matched_text,en,1992,871,174,301,True,1091
210929,Impatiens sodenii,species,taxon_matched_text,en,2471,1229,447,605,True,1395
792837,Salicornia fruticosa,species,taxon_matched_text,en,2080,767,123,226,True,1016
809289,Opuntia anahuacensis,species,taxon_matched_text,en,465,465,155,277,True,1067
50278,Parthenocissus quinquefolia,species,taxon_matched_text,en,7447,4423,1455,1760,True,2550
77206,Galium mollugo,species,taxon_matched_text,en,2321,1035,298,412,True,1202
82675,Helianthemum marifolium,species,taxon_matched_text,en,1743,302,34,124,True,914
341584,Atractylis cancellata,species,taxon_matched_text,en,1702,434,134,232,True,1022
52694,Aira caryophyllea,species,taxon_matched_text,en,1788,416,104,202,True,992
78805,Quercus ilex,species,taxon_matched_text,en,6358,4767,1556,1812,True,2602
162153,Duranta erecta,species,taxon_matched_text,en,4994,3234,1311,1512,True,2302
340941,Calicotome villosa,species,taxon_matched_text,en,2401,1185,506,640,True,1430
122965,Ananas comosus,species,text_needs_scope_review,en,25043,16779,5985,6660,True,7450
123438,Plumeria rubra,species,taxon_matched_text,en,9474,8330,2919,3309,True,4099
130204,Mastocarpus stellatus,species,taxon_matched_text,en,4451,3615,1667,1852,True,2642
321283,Salix repens,species,taxon_matched_text,en,3937,2731,992,1214,True,2004
338402,Ranunculus bupleuroides,species,taxon_matched_text,pt,1399,1399,286,464,True,1254
338470,Lotus hispidus,species,taxon_matched_text,pt,1255,1255,290,459,True,1249
338709,Cleome violacea,species,taxon_matched_text,pt,1072,1072,320,469,True,1259
341571,Narcissus serotinus,species,taxon_matched_text,en,2138,721,131,239,True,1029
343010,Cardamine caldeirarum,species,taxon_matched_text,pt,363,363,132,246,True,1036
747463,Arenaria conimbricensis,species,taxon_matched_text,pt,1329,1329,301,457,True,1247
747476,Euphorbia oxyphylla,species,taxon_matched_text,pt,1183,1183,112,246,True,1036
56035,Kniphofia uvaria,species,taxon_matched_text,en,962,962,297,413,True,1203
68608,Trentepohlia aurea,species,taxon_matched_text,en,1389,1389,342,460,True,1250
169228,Sphagnum palustre,species,taxon_matched_text,en,1445,1445,620,793,True,1583
401314,Delphinium ajacis,species,text_needs_scope_review,en,2316,1044,460,580,True,1370
1403424,Macrochloa tenacissima,species,taxon_matched_text,en,3789,1999,304,431,True,1221
56622,Epilobium tetragonum,species,taxon_matched_text,en,2044,628,168,299,True,1089
161582,Dahlia pinnata,species,taxon_matched_text,en,2257,2257,841,1042,True,1832
165927,Ornithogalum pyrenaicum,species,taxon_matched_text,en,2934,938,97,217,True,1007
326763,Silene portensis,species,taxon_matched_text,pt,1225,1225,277,422,True,1212
513726,Klasea integrifolia,species,taxonomy_only,,0,0,0,43,False,833
746415,Ulex micranthus,species,taxon_matched_text,pt,1222,1222,260,438,True,1228
58776,Amaranthus retroflexus,species,taxon_matched_text,en,4611,3280,775,1031,True,1821
77641,Lathyrus odoratus,species,taxon_matched_text,pt,4837,1299,272,436,True,1226
79169,Spergularia marina,species,taxon_matched_text,en,4478,3201,505,614,True,1404
625485,Carduus squarrosus,species,taxon_matched_text,pt,1236,1236,249,420,True,1210
866390,Sicyos edulis,species,text_needs_scope_review,en,12174,10129,4527,5031,True,5821
1232567,Biserrula pelecinus,species,text_needs_scope_review,es,2735,2735,2238,2782,True,3572
51384,Caulerpa prolifera,species,taxon_matched_text,en,1455,1455,612,770,True,1560
77622,Lagunaria patersonia,species,taxon_matched_text,en,714,714,92,190,True,980
78150,Myosotis laxa,species,taxon_matched_text,en,3847,2582,862,1039,True,1829
130870,Iresine diffusa,species,taxon_matched_text,en,841,841,147,263,True,1053
190991,Crambe fruticosa,species,taxon_matched_text,pt,1317,1317,281,436,True,1226
343009,Carex vulcani,species,taxon_matched_text,en,1633,346,32,117,True,907
450800,Silene fuscata,species,taxon_matched_text,pt,1121,1121,245,414,True,1204
497831,Phalacrocarpum oppositifolium,species,taxon_matched_text,pt,1415,1415,270,454,True,1244
67905,Polytrichum piliferum,species,taxon_matched_text,en,3525,3525,1125,1354,True,2144
131622,Prunella grandiflora,species,taxon_matched_text,en,710,374,39,126,True,916
171203,Viola × wittrockiana,hybrid,text_needs_scope_review,en,8241,7630,3504,4053,True,4843
192294,Euphorbia paniculata,species,taxon_matched_text,en,2784,1423,388,558,True,1348
590726,Oenothera lindheimeri,species,taxon_matched_text,en,2718,1724,604,802,True,1592
709798,Prangos trifida,species,taxon_matched_text,en,1499,366,41,124,True,914
52801,Lolium perenne,species,taxon_matched_text,en,3553,1874,854,1038,True,1828
76790,Eleusine indica,species,taxon_matched_text,en,1330,659,271,383,True,1173
82947,Ononis mitissima,species,taxon_matched_text,en,1595,339,104,200,True,990
167598,Pulicaria dysenterica,species,taxon_matched_text,en,2738,1069,274,381,True,1171
772998,Sporobolus maritimus,species,taxon_matched_text,en,3874,1312,538,657,True,1447
54522,Pisum sativum,species,text_needs_scope_review,en,17691,16887,5615,6387,True,7177
57773,Osmundea pinnatifida,species,taxon_matched_text,en,723,723,322,471,True,1261
54504,Juglans nigra,species,taxon_matched_text,en,13903,12579,5449,6145,True,6935
130176,Chondrus crispus,species,taxon_matched_text,en,7146,3541,1506,1707,True,2497
204350,Logfia minima,species,taxon_matched_text,en,5852,4717,1509,1756,True,2546
208078,Plagiomnium undulatum,species,text_needs_scope_review,de,1195,1195,505,642,True,1432
338466,Sedum andegavense,species,taxon_matched_text,pt,1315,1315,300,484,True,1274
403834,Melica minuta,species,taxon_matched_text,en,2025,792,420,530,True,1320
54906,Lupinus albus,species,taxon_matched_text,en,7619,5889,2888,3342,True,4132
62941,Ipomoea batatas,species,text_needs_scope_review,en,34087,31425,9326,10353,True,11143
165499,Molinia caerulea,species,taxon_matched_text,en,4001,2759,948,1130,True,1920
166096,Panicum repens,species,taxon_matched_text,en,3740,2263,1042,1177,True,1967
319387,Myosotis secunda,species,taxon_matched_text,en,2964,1726,425,597,True,1387
410471,Alstroemeria aurea,species,taxon_matched_text,en,1051,1051,347,484,True,1274
461577,Ellisolandia elongata,species,taxonomy_only,,0,0,0,42,False,832
902045,Nothobartsia asperrima,species,taxon_matched_text,pt,1304,1304,258,435,True,1225
76217,Centaurium pulchellum,species,taxon_matched_text,en,2429,1180,437,545,True,1335
118850,Solidago virgaurea,species,taxon_matched_text,en,3425,2014,625,748,True,1538
125440,Fraxinus excelsior,species,taxon_matched_text,en,11435,9475,2939,3301,True,4091
319280,Smyrnium perfoliatum,species,taxon_matched_text,pt,1244,1244,256,430,True,1220
338059,Eleocharis multicaulis,species,taxon_matched_text,pt,1294,1294,272,428,True,1218
462078,Caulacanthus ustulatus,species,taxonomy_only,,0,0,0,47,False,837
58045,Xanthium spinosum,species,taxon_matched_text,en,2780,2023,763,930,True,1720
76541,Cucurbita pepo,species,taxon_matched_text,en,8851,8851,3320,3707,True,4497
126575,Centaurea nigra,species,taxon_matched_text,en,3222,1911,568,744,True,1534
169078,Solanum pseudocapsicum,species,taxon_matched_text,en,5095,3844,1772,2008,True,2798
201464,Dombeya wallichii,species,taxon_matched_text,en,948,948,247,391,True,1181
332455,Aloysia citrodora,species,taxon_matched_text,en,4395,3281,1015,1193,True,1983
547335,Grevillea rosmarinifolia,species,taxon_matched_text,en,6093,2797,786,932,True,1722
59570,Arctium minus,species,taxon_matched_text,en,3030,1727,376,502,True,1292
126236,Annona cherimola,species,taxon_matched_text,pt,14240,5458,2439,2812,True,3602
181635,Argyranthemum frutescens,species,taxon_matched_text,en,2739,2474,746,899,True,1689
244884,Banksia integrifolia,species,taxon_matched_text,en,14743,14170,4579,5078,True,5868
342015,Linaria bipunctata,species,taxon_matched_text,pt,1367,1367,365,515,True,1305
569596,Dimorphotheca jucunda,species,taxon_matched_text,en,810,810,209,309,True,1099
64697,Elaeagnus umbellata,species,taxon_matched_text,en,4771,3476,1496,1749,True,2539
467556,Biscutella vicentina,species,taxonomy_only,,0,0,0,43,False,833
1154339,Lotus hirsutus,species,taxon_matched_text,en,1138,1138,259,386,True,1176
77283,Glinus lotoides,species,taxon_matched_text,en,1642,480,205,310,True,1100
163657,Heliotropium supinum,species,taxon_matched_text,pt,1235,1235,237,408,True,1198
441366,Oenanthe divaricata,species,taxon_matched_text,pt,1332,1332,276,451,True,1241
1443447,Elaphoglossum semicylindricum,species,taxon_matched_text,pt,538,538,242,361,True,1151
353888,Westringia fruticosa,species,taxon_matched_text,en,493,493,143,253,True,1043
623581,Bupleurum salicifolium,species,taxon_matched_text,pt,1351,1351,299,453,True,1243
1612378,Ophrys pintoi,species,taxonomy_only,,0,0,0,42,False,832
52846,Anthriscus caucalis,species,taxon_matched_text,en,1663,359,118,204,True,994
200054,Euphorbia serpens,species,taxon_matched_text,en,1553,550,159,257,True,1047
359494,Polystichum falcinellum,species,taxonomy_only,,0,0,0,44,False,834
428049,Bulbine frutescens,species,taxon_matched_text,en,837,837,264,402,True,1192
1612508,Ophrys lenae,species,taxonomy_only,,0,0,0,42,False,832
81701,Sedum rubens,species,taxon_matched_text,en,1651,445,115,210,True,1000
120000,Funaria hygrometrica,species,taxon_matched_text,en,724,724,232,338,True,1128
189231,Anarrhinum longipedicellatum,species,taxon_matched_text,en,1846,383,52,150,True,940
346786,Bellevalia dubia,species,taxon_matched_text,de,999,999,411,553,True,1343
58205,Maclura pomifera,species,taxon_matched_text,en,10669,9282,3168,3594,True,4384
60997,Ceratophyllum demersum,species,taxon_matched_text,en,4807,3409,1106,1294,True,2084
77966,Matthiola incana,species,taxon_matched_text,en,3966,2676,1212,1406,True,2196
79312,Tagetes erecta,species,taxon_matched_text,en,11639,6356,1982,2311,True,3101
135562,Ephedra fragilis,species,taxon_matched_text,en,1025,1025,237,369,True,1159
338403,Ranunculus nigrescens,species,taxon_matched_text,pt,1222,1222,254,425,True,1215
349271,Impatiens hawkeri,species,taxon_matched_text,en,1633,732,154,271,True,1061
411075,Erica erigena,species,taxon_matched_text,en,2246,1055,306,432,True,1222
48688,Setaria pumila,species,taxon_matched_text,en,2893,1619,298,401,True,1191
129267,Spergularia rupicola,species,taxon_matched_text,en,1475,222,29,131,True,921
165153,Marchantia paleacea,species,taxon_matched_text,en,848,848,38,121,True,911
212157,Iris planifolia,species,taxon_matched_text,en,5179,3279,984,1300,True,2090
326751,Eryngium pandanifolium,species,taxon_matched_text,en,2192,850,229,340,True,1130
489795,Cyperus brevifolius,species,taxon_matched_text,en,1118,1118,152,242,True,1032
125742,Prunus serrulata,species,taxon_matched_text,en,11489,6268,2559,2856,True,3646
126515,Dracaena fragrans,species,taxon_matched_text,en,4755,2839,1085,1291,True,2081
338370,Myosotis welwitschii,species,taxon_matched_text,pt,1318,1318,281,466,True,1256
515316,Erysimum linifolium,species,taxon_matched_text,pt,1397,1397,293,466,True,1256
60276,Bromus catharticus,species,taxon_matched_text,en,6474,4622,1325,1623,True,2413
75995,Campsis radicans,species,taxon_matched_text,en,5631,3971,1284,1553,True,2343
181901,Zinnia elegans,species,taxon_matched_text,en,3036,3036,951,1133,True,1923
189379,Arabis sadina,species,taxon_matched_text,pt,2434,1771,736,906,True,1696
291284,Coleus scutellarioides,species,taxon_matched_text,en,9421,8225,2695,3031,True,3821
342984,Rubus hochstetterorum,species,taxon_matched_text,en,860,404,37,123,True,913
431626,Solanum bonariense,species,taxon_matched_text,en,501,501,33,119,True,909
132808,Sphagnum subnitens,species,taxon_matched_text,en,3939,371,88,210,True,1000
468424,Tuberaria globulariifolia,species,taxon_matched_text,pt,1447,1447,386,545,True,1335
488310,Agrostis curtisii,species,taxon_matched_text,en,2218,355,110,227,True,1017
933404,Centaurea cyanus,species,taxon_matched_text,en,11484,10914,3622,4312,True,5102
75395,Amaranthus hybridus,species,taxon_matched_text,en,2780,1567,308,462,True,1252
164778,Lophospermum erubescens,species,taxon_matched_text,en,5620,4065,1715,1960,True,2750
192333,Euphorbia transtagana,species,taxon_matched_text,pt,1203,1203,126,260,True,1050
206192,Beaucarnea recurvata,species,taxon_matched_text,en,4094,2912,828,989,True,1779
338103,Genista florida,species,taxon_matched_text,en,2506,1286,701,896,True,1686
346025,Thamnobryum alopecurum,species,taxon_matched_text,en,330,330,21,113,True,903
52724,Equisetum arvense,species,taxon_matched_text,en,6351,5831,1816,2133,True,2923
55749,Veronica serpyllifolia,species,taxon_matched_text,en,4444,3113,886,1090,True,1880
78932,Salicornia perennis,species,taxon_matched_text,en,2114,813,107,192,True,982
170458,Abelia × grandiflora,hybrid,taxon_matched_text,en,1162,1162,413,542,True,1332
209307,Scorzonera angustifolia,species,taxon_matched_text,pt,1349,1349,298,462,True,1252
318952,Melittis melissophyllum,species,taxon_matched_text,pt,3920,1303,277,458,True,1248
338094,Centaurea ornata,species,taxon_matched_text,pt,1331,1331,334,485,True,1275
342002,Euphorbia boetica,species,taxon_matched_text,en,1550,364,32,124,True,914
475573,Sulla coronaria,species,taxon_matched_text,en,694,694,113,206,True,996
53403,Genista monspessulana,species,taxon_matched_text,en,4000,2725,642,815,True,1605
59108,Potamogeton nodosus,species,taxon_matched_text,en,2051,777,169,258,True,1048
164547,Leptodon smithii,species,taxonomy_only,,0,0,0,43,False,833
51303,Tamarix gallica,species,taxon_matched_text,en,2438,999,271,396,True,1186
123005,Camellia sinensis,species,taxon_matched_text,en,19414,16434,5355,5985,True,6775
579676,Aloiampelos ciliaris,species,taxon_matched_text,en,1894,1894,963,1173,True,1963
886458,Lysimachia linum-stellatum,species,text_needs_scope_review,de,1697,1697,697,886,True,1676
972826,Asplenium azoricum,species,taxon_matched_text,en,1549,695,243,365,True,1155
75371,Allium vineale,species,taxon_matched_text,en,3979,3195,822,1015,True,1805
76603,Danthonia decumbens,species,taxon_matched_text,en,2354,1104,283,430,True,1220
164269,Juncus inflexus,species,taxon_matched_text,en,2868,1578,458,624,True,1414
183314,Anarrhinum duriminium,species,taxon_matched_text,pt,1316,1316,271,456,True,1246
451743,Polygala monspeliaca,species,taxon_matched_text,en,1616,363,111,213,True,1003
1062691,Riccia gougetiana,species,taxonomy_only,,0,0,0,42,False,832
48363,Tecoma stans,species,taxon_matched_text,en,4355,3242,915,1117,True,1907
67826,Ranunculus flammula,species,taxon_matched_text,en,2080,835,146,255,True,1045
467550,Notobasis syriaca,species,taxon_matched_text,en,2032,763,188,305,True,1095
64323,Trachycarpus fortunei,species,taxon_matched_text,en,3612,3612,1294,1521,True,2311
158480,Arabis caucasica,species,taxon_matched_text,en,3177,1497,215,329,True,1119
189941,Brugmansia aurea,species,taxon_matched_text,en,3724,3097,722,932,True,1722
323009,Saxifraga fragosoi,species,taxon_matched_text,pt,1235,1235,258,431,True,1221
338622,Narcissus gaditanus,species,taxon_matched_text,en,2501,1243,438,618,True,1408
342129,Erica maderensis,species,taxon_matched_text,en,967,361,21,105,True,895
400433,Carex otrubae,species,taxon_matched_text,en,1756,461,169,274,True,1064
1425391,Carex demissa,species,taxon_matched_text,en,2047,851,135,230,True,1020
56206,Aucuba japonica,species,taxon_matched_text,en,3217,2279,829,981,True,1771
75603,Asparagus aethiopicus,species,taxon_matched_text,en,2819,2819,675,832,True,1622
76545,Cuscuta campestris,species,taxon_matched_text,en,4528,3305,1353,1572,True,2362
77159,Frankenia pulverulenta,species,taxon_matched_text,en,1661,367,117,215,True,1005
77481,Hypericum calycinum,species,taxon_matched_text,en,4715,2521,955,1181,True,1971
77971,Medicago minima,species,taxon_matched_text,en,1706,503,95,176,True,966
82632,Phagnalon rupestre,species,taxon_matched_text,en,2032,812,202,318,True,1108
82834,Valeriana tuberosa,species,taxon_matched_text,pt,1226,1226,251,421,True,1211
155124,Cornus sanguinea,species,taxon_matched_text,en,3109,1521,733,898,True,1688
164711,Lolium rigidum,species,taxon_matched_text,en,4376,3010,1334,1539,True,2329
208548,Asparagopsis taxiformis,species,taxon_matched_text,en,8153,4094,944,1145,True,1935
333666,Allium subvillosum,species,taxon_matched_text,en,1298,1298,154,270,True,1060
489726,Erodium acaule,species,taxon_matched_text,en,1322,480,257,403,True,1193
777243,Tagetes patula,species,taxon_matched_text,en,8424,4714,1012,1259,True,2049
1019125,Petasites pyrenaicus,species,taxon_matched_text,en,1133,1133,359,478,True,1268
61398,Ocimum basilicum,species,text_needs_scope_review,en,13184,12005,3836,4391,True,5181
79324,Teesdalia coronopifolia,species,taxon_matched_text,pt,1370,1370,291,466,True,1256
84531,Justicia brandegeeana,species,taxon_matched_text,en,2729,1723,790,1034,True,1824
85469,Thymus vulgaris,species,taxon_matched_text,en,1123,1123,360,556,True,1346
132620,Orchis provincialis,species,taxon_matched_text,en,1636,1636,781,984,True,1774
372454,Dianthus cintranus,species,taxon_matched_text,pt,1949,1949,792,965,True,1755
418748,Sinapidendron frutescens,species,taxon_matched_text,pt,1433,1433,342,500,True,1290
497820,Andryala laxiflora,species,taxon_matched_text,pt,1280,1280,273,454,True,1244
506777,Asphodelus macrocarpus,species,taxon_matched_text,en,2214,854,346,468,True,1258
53717,Araucaria columnaris,species,taxon_matched_text,en,2152,1708,546,689,True,1479
56951,Gazania linearis,species,taxon_matched_text,en,1967,1967,727,904,True,1694
61043,Malva nicaeensis,species,taxon_matched_text,en,2514,1212,274,412,True,1202
61424,Conopodium majus,species,taxon_matched_text,en,2728,1444,602,763,True,1553
68562,Cosmos bipinnatus,species,taxon_matched_text,en,5612,4449,1388,1614,True,2404
77965,Matricaria chamomilla,species,taxon_matched_text,en,8462,3054,986,1247,True,2037
122976,Lactuca sativa,species,text_needs_scope_review,en,19626,16836,5747,6361,True,7151
170883,Musa × paradisiaca,hybrid,taxon_matched_text,en,3191,2095,708,864,True,1654
341586,Coronilla repanda,species,taxon_matched_text,pt,1382,1382,366,529,True,1319
48514,Capsicum annuum,species,taxon_matched_text,en,8525,6885,2142,2463,True,3253
50191,Cordyline australis,species,taxon_matched_text,en,20664,18891,8578,9391,True,10181
56933,Cuscuta epithymum,species,taxon_matched_text,en,4420,3090,1162,1351,True,2141
79077,Sida rhombifolia,species,taxon_matched_text,en,3090,1675,855,991,True,1781
126634,Pyrostegia venusta,species,taxon_matched_text,en,3900,1486,437,603,True,1393
131135,Cymodocea nodosa,species,taxon_matched_text,en,5055,3773,1210,1446,True,2236
322086,Quercus canariensis,species,taxon_matched_text,en,2476,1742,748,957,True,1747
357682,Jacobaea maritima,species,taxon_matched_text,en,3182,3182,839,1042,True,1832
513537,Jasione maritima,species,taxon_matched_text,pt,1328,1328,317,468,True,1258
127066,Youngia japonica,species,taxon_matched_text,en,1230,1230,452,591,True,1381
133163,Viola langeana,species,taxon_matched_text,pt,1179,1179,240,405,True,1195
181682,Platanus orientalis,species,taxon_matched_text,en,7424,6177,2129,2503,True,3293
320908,Hispidella hispanica,species,taxon_matched_text,pt,2043,1270,257,431,True,1221
333963,Galium broterianum,species,taxon_matched_text,pt,1241,1241,244,416,True,1206
450651,Frullania dilatata,species,taxon_matched_text,en,476,476,218,336,True,1126
514166,Papaver pinnatifidum,species,taxon_matched_text,en,1625,373,87,186,True,976
52468,Philadelphus coronarius,species,taxon_matched_text,en,6130,4893,1444,1694,True,2484
71180,Centaurea aspera,species,taxon_matched_text,en,1442,338,32,120,True,910
78356,Paspalum urvillei,species,taxon_matched_text,en,2156,606,155,244,True,1034
168628,Schoenoplectus lacustris,species,taxon_matched_text,en,2600,2141,632,774,True,1564
327092,Chondracanthus acicularis,species,taxonomy_only,,0,0,0,47,False,837
401378,Doodia caudata,species,taxon_matched_text,en,448,448,64,151,True,941
78718,Potentilla anglica,species,taxon_matched_text,pt,813,813,426,594,True,1384
124155,Atrichum undulatum,species,taxon_matched_text,en,265,265,31,128,True,918
192326,Euphorbia stygiana,species,taxon_matched_text,en,2373,1986,626,815,True,1605
407259,Cuscuta planiflora,species,taxon_matched_text,pt,1233,1233,259,429,True,1219
441362,Odontites hollianus,species,taxon_matched_text,de,2220,2220,1293,1475,True,2265
516062,Silene bellidifolia,species,taxon_matched_text,en,1539,359,92,192,True,982
734824,Petrosedum amplexicaule,species,text_needs_scope_review,es,1063,1063,564,738,True,1528
56117,Grimmia pulvinata,species,taxon_matched_text,en,1346,1346,326,505,True,1295
68763,Prunus cerasus,species,taxon_matched_text,en,6483,4085,1682,2006,True,2796
69820,Cedrus deodara,species,taxon_matched_text,en,6517,5613,1840,2207,True,2997
82935,Hypericum perfoliatum,species,taxon_matched_text,pt,1282,1282,128,278,True,1068
160369,Chaenomeles speciosa,species,taxon_matched_text,en,1174,1174,301,419,True,1209
164328,Kalanchoe delagoensis,species,taxon_matched_text,en,3721,2313,610,786,True,1576
467463,Cosentinia vellea,species,text_needs_scope_review,en,709,709,159,253,True,1043
1093017,Cistus × incanus,hybrid,taxon_matched_text,en,1717,1717,536,683,True,1473
1154342,Lotus dorycnium,species,taxon_matched_text,en,906,906,212,331,True,1121
1244282,Centaurea langei,species,taxonomy_only,,0,0,0,44,False,834
1555489,Mutarda nigra,species,text_needs_scope_review,en,4913,4427,1132,1392,True,2182
50843,Sparaxis tricolor,species,taxon_matched_text,en,796,796,112,207,True,997
56408,Reboulia hemisphaerica,species,text_needs_scope_review,en,2527,1280,133,242,True,1032
57163,Bromus sterilis,species,taxon_matched_text,en,3027,1492,427,577,True,1367
78555,Phoenix dactylifera,species,text_needs_scope_review,en,16165,15067,4740,5342,True,6132
79291,Syagrus romanzoffiana,species,taxon_matched_text,en,13412,11411,3165,3591,True,4381
119792,Paulownia tomentosa,species,taxon_matched_text,en,5970,5017,1367,1696,True,2486
127029,Vaccinium myrtillus,species,taxon_matched_text,en,11232,5362,1468,1748,True,2538
167699,Radiola linoides,species,taxon_matched_text,en,8267,7068,2359,2775,True,3565
202282,Helianthemum apenninum,species,taxon_matched_text,en,2186,805,295,434,True,1224
963261,Genista polyanthos,species,taxon_matched_text,pt,1277,1277,267,440,True,1230
56998,Sagina apetala,species,taxon_matched_text,en,1698,509,142,224,True,1014
57158,Brachypodium distachyon,species,taxon_matched_text,en,6510,5202,735,893,True,1683
75390,Alyssum simplex,species,taxon_matched_text,pt,1218,1218,256,420,True,1210
199408,Cenchrus ciliaris,species,taxon_matched_text,en,4121,2587,733,889,True,1679
738802,Veronica speciosa,species,taxon_matched_text,en,1132,1132,419,564,True,1354
1038928,Selenicereus undatus,species,taxon_matched_text,en,3712,3091,1558,1802,True,2592
1393593,Aloe × nobilis,hybrid,taxon_matched_text,en,1849,479,114,223,True,1013
79060,Senna didymobotrya,species,taxon_matched_text,en,1693,1693,779,999,True,1789
127598,Asparagus densiflorus,species,taxon_matched_text,en,2129,1673,482,633,True,1423
223926,Lippia alba,species,taxon_matched_text,en,5750,2167,385,529,True,1319
478638,Aesculus × carnea,hybrid,taxon_matched_text,en,1704,1704,675,808,True,1598
77669,Lepidium heterophyllum,species,taxon_matched_text,en,3640,3136,1165,1418,True,2208
78157,Myriophyllum spicatum,species,taxon_matched_text,en,5091,3791,1285,1516,True,2306
78657,Poa trivialis,species,taxon_matched_text,en,2868,1575,503,698,True,1488
79170,Spergularia media,species,taxon_matched_text,en,2000,803,202,299,True,1089
170056,Ulmus glabra,species,taxon_matched_text,en,13567,11749,3145,3547,True,4337
512435,Cheirolophus uliginosus,species,taxon_matched_text,pt,1355,1355,267,447,True,1237
514618,Ionopsidium abulense,species,taxonomy_only,,0,0,0,43,False,833
53105,Lactuca saligna,species,taxon_matched_text,en,2168,982,329,445,True,1235
55848,Narcissus pseudonarcissus,species,taxon_matched_text,en,6129,4588,1786,2051,True,2841
60076,Melampyrum pratense,species,taxon_matched_text,en,1954,626,214,352,True,1142
67759,Coriandrum sativum,species,text_needs_scope_review,en,12173,8746,3230,3703,True,4493
68185,Impatiens walleriana,species,taxon_matched_text,en,3506,2740,769,957,True,1747
135331,Prunus armeniaca,species,taxon_matched_text,en,8534,6759,2434,2811,True,3601
160928,Corynocarpus laevigatus,species,taxon_matched_text,en,15302,12903,3916,4375,True,5165
244657,Carex halleriana,species,taxon_matched_text,en,1590,368,30,114,True,904
276053,Sedum farinosum,species,taxon_matched_text,pt,1246,1246,248,416,True,1206
333981,Juncus acutiflorus,species,taxon_matched_text,en,2653,1306,590,725,True,1515
341117,Carduus meonanthus,species,taxon_matched_text,pt,1304,1304,290,441,True,1231
891924,Lathyrus amphicarpos,species,taxon_matched_text,pt,1256,1256,241,415,True,1205
58774,Amaranthus blitoides,species,taxon_matched_text,en,2226,654,186,294,True,1084
58788,Apium graveolens,species,taxon_matched_text,en,5161,4010,952,1152,True,1942
60302,Phalaris paradoxa,species,taxon_matched_text,en,1621,363,100,207,True,997
77952,Malva neglecta,species,taxon_matched_text,en,6691,5476,1141,1379,True,2169
78377,Pelargonium inquinans,species,taxon_matched_text,en,2745,1441,659,879,True,1669
336671,Myosotis ramosissima,species,taxon_matched_text,en,1626,256,41,128,True,918
473295,Thymelaea villosa,species,taxon_matched_text,pt,1298,1298,306,487,True,1277
1045161,Rosa luciae,species,text_needs_scope_review,en,793,793,199,301,True,1091
1454325,Linaria pseudamethystea,species,taxonomy_only,,0,0,0,44,False,834
52696,Avena barbata,species,taxon_matched_text,en,6429,5227,1476,1716,True,2506
54520,Tanacetum parthenium,species,taxon_matched_text,en,4623,2865,778,1014,True,1804
160278,Centaurea paniculata,species,taxon_matched_text,en,1717,274,29,119,True,909
82744,Astragalus echinatus,species,taxon_matched_text,pt,1462,1462,314,485,True,1275
513733,Klasea flavescens,species,taxonomy_only,,0,0,0,45,False,835
775623,Euphorbia pterococca,species,taxon_matched_text,pt,1271,1271,122,272,True,1062
775897,Agrostis juressi,species,taxon_matched_text,pt,2252,2252,639,881,True,1671
861384,Senecio incrassatus,species,taxon_matched_text,pt,1272,1272,242,412,True,1202
48969,Antirrhinum majus,species,taxon_matched_text,en,7168,5483,2302,2631,True,3421
53038,Drosera intermedia,species,taxon_matched_text,en,3917,1403,472,606,True,1396
58382,Poa bulbosa,species,taxon_matched_text,en,2261,1093,463,567,True,1357
59946,Gladiolus communis,species,taxon_matched_text,en,906,906,160,256,True,1046
64161,Triticum aestivum,species,taxon_matched_text,pt,5930,1785,354,552,True,1342
83970,Solanum villosum,species,taxon_matched_text,en,3478,2262,261,365,True,1155
85422,Prunella laciniata,species,taxon_matched_text,en,1731,482,60,158,True,948
166615,Phaeoceros carolinianus,species,taxon_matched_text,en,9129,9129,3856,4353,True,5143
367884,Asparagus umbellatus,species,taxon_matched_text,pt,1263,1263,280,425,True,1215
424499,Tuberaria major,species,taxonomy_only,,0,0,0,39,False,829
469091,Allium massaessylum,species,taxon_matched_text,en,472,472,24,110,True,900
472454,Armeria beirana,species,taxon_matched_text,pt,1249,1249,245,413,True,1203
707316,Cytisus arboreus,species,taxon_matched_text,pt,1490,1490,406,573,True,1363
1122172,Kindbergia praelonga,species,taxon_matched_text,en,582,582,85,183,True,973
1562069,Mutarda arvensis,species,text_needs_scope_review,en,5932,4577,2405,2712,True,3502
55149,Actinidia chinensis,species,taxon_matched_text,en,5216,4993,1843,2103,True,2893
55795,Luzula campestris,species,taxon_matched_text,en,1141,1141,354,509,True,1299
69235,Anthurium andraeanum,species,taxon_matched_text,en,1587,1587,489,666,True,1456
77975,Medicago truncatula,species,taxon_matched_text,en,5800,4494,804,1002,True,1792
82893,Linum setaceum,species,taxon_matched_text,pt,1165,1165,238,407,True,1197
137178,Polypodium interjectum,species,taxon_matched_text,en,861,861,445,604,True,1394
189476,Armeria berlengensis,species,taxon_matched_text,en,1401,982,514,697,True,1487
1503602,Campanula primulifolia,species,taxon_matched_text,en,555,555,404,575,True,1365
1632151,Anacamptis fragrans,species,text_needs_scope_review,en,1735,1735,144,241,True,1031
58990,Montia fontana,species,taxon_matched_text,en,5799,4419,1494,1748,True,2538
132848,Protea cynaroides,species,taxon_matched_text,en,3903,3903,1440,1710,True,2500
160682,Clematis campaniflora,species,taxon_matched_text,pt,3489,3489,1128,1402,True,2192
333955,Linaria viscosa,species,taxon_matched_text,pt,1244,1244,271,417,True,1207
482135,Pogonatum aloides,species,taxon_matched_text,en,205,205,29,124,True,914
515498,Arabis planisiliqua,species,taxon_matched_text,pt,1273,1273,251,423,True,1213
627679,Galium productum,species,taxon_matched_text,pt,1156,1156,230,376,True,1166
179305,Rhaphiolepis indica,species,taxon_matched_text,en,3407,1676,716,861,True,1651
320575,Bartramia pomiformis,species,taxon_matched_text,en,649,649,189,306,True,1096
333961,Melica ciliata,species,taxon_matched_text,en,2200,953,351,464,True,1254
52329,Amaranthus blitum,species,taxon_matched_text,en,2803,1260,483,629,True,1419
75293,Aeonium haworthii,species,taxon_matched_text,en,1608,1608,548,697,True,1487
122024,Corymbia ficifolia,species,taxon_matched_text,en,6207,2807,966,1155,True,1945
126510,Dracaena reflexa,species,taxon_matched_text,en,3412,3412,1424,1677,True,2467
162719,Erythronium dens-canis,species,taxon_matched_text,en,1758,1758,516,660,True,1450
333948,Ononis viscosa,species,taxon_matched_text,en,1604,332,104,198,True,988
442267,Plantago malato-belizii,species,taxon_matched_text,pt,1394,1394,290,464,True,1254
450555,Linaria pedunculata,species,taxon_matched_text,pt,1229,1229,246,418,True,1208
468007,Corrigiola telephiifolia,species,taxon_matched_text,pt,1452,1452,405,559,True,1349
521846,Centaurea limbata,species,taxon_matched_text,pt,1355,1355,337,488,True,1278
741011,Eudianthe laeta,species,taxonomy_only,,0,0,0,41,False,831
48872,Mangifera indica,species,taxon_matched_text,en,6416,4606,1004,1276,True,2066
62859,Psidium guajava,species,taxon_matched_text,en,4900,2372,689,902,True,1692
78590,Pittosporum crassifolium,species,taxon_matched_text,en,4363,4363,1688,1999,True,2789
144275,Fritillaria pyrenaica,species,taxon_matched_text,en,1167,1167,235,363,True,1153
164948,Luzula multiflora,species,taxon_matched_text,en,2958,1606,495,623,True,1413
165118,Malvaviscus penduliflorus,species,taxon_matched_text,en,1160,1160,338,490,True,1280
337685,Cytinus ruber,species,taxon_matched_text,pt,1214,1214,279,457,True,1247
372276,Platanthera micrantha,species,taxon_matched_text,en,1967,537,123,234,True,1024
416202,Aechmea fasciata,species,taxon_matched_text,en,4150,3507,1748,2040,True,2830
50902,Cynomorium coccineum,species,taxon_matched_text,pt,6117,1289,279,428,True,1218
118870,Limonium vulgare,species,taxon_matched_text,en,1068,808,79,165,True,955
169856,Trachelospermum jasminoides,species,taxon_matched_text,en,3118,1874,752,932,True,1722
342959,Leontodon filii,species,taxon_matched_text,pt,390,390,200,305,True,1095
771639,Linaria diffusa,species,taxon_matched_text,pt,1228,1228,251,415,True,1205
981918,Ulex erinaceus,species,taxon_matched_text,pt,1571,1571,574,821,True,1611
1456784,Orchis × bivonae,hybrid,taxon_matched_text,es,821,821,626,803,True,1593
54436,Rubus idaeus,species,taxon_matched_text,en,4914,3584,891,1112,True,1902
59006,Galium parisiense,species,taxon_matched_text,en,2355,1142,342,455,True,1245
63913,Lemna gibba,species,taxon_matched_text,en,1341,1341,379,493,True,1283
76650,Dichondra micrantha,species,taxon_matched_text,en,2153,883,127,225,True,1015
190605,Cirsium latifolium,species,taxon_matched_text,pt,1338,1338,258,432,True,1222
341579,Ridolfia segetum,species,taxon_matched_text,pt,1939,1220,269,437,True,1227
867543,Ononis baetica,species,taxon_matched_text,pt,1226,1226,247,390,True,1180
51306,Linum usitatissimum,species,text_needs_scope_review,en,16101,15604,5766,6586,True,7376
78707,Potamogeton crispus,species,taxon_matched_text,en,4145,2878,893,1062,True,1852
326086,Portulacaria afra,species,taxon_matched_text,en,4007,4007,1172,1412,True,2202
338785,Kickxia lanigera,species,taxon_matched_text,pt,1297,1297,284,452,True,1242
469772,Chaetonychia cymosa,species,taxon_matched_text,pt,1402,1136,259,429,True,1219
56132,Hyacinthoides non-scripta,species,taxon_matched_text,en,10042,8378,2794,3115,True,3905
79066,Setaria adhaerens,species,taxon_matched_text,pt,7155,1228,258,428,True,1218
162205,Echium creticum,species,taxon_matched_text,en,1662,409,80,171,True,961
189480,Armeria rouyana,species,taxon_matched_text,pt,1288,1288,273,441,True,1231
208800,Lagarosiphon major,species,taxon_matched_text,en,696,696,157,265,True,1055
524877,Cachrys libanotis,species,taxon_matched_text,pt,1185,1185,240,412,True,1202
1277876,Karpatiosorbus latifolia,species,text_needs_scope_review,en,4509,3283,877,1047,True,1837
190857,Convolvulus massonii,species,text_needs_scope_review,pt,503,503,330,486,True,1276
281562,Acalypha wilkesiana,species,taxon_matched_text,en,2673,2142,1283,1509,True,2299
284040,Spathiphyllum wallisii,species,taxon_matched_text,en,2409,1207,357,485,True,1275
341575,Daucus crinitus,species,taxon_matched_text,pt,1278,1278,295,476,True,1266
361840,Jania rubens,species,taxon_matched_text,en,1756,489,28,110,True,900
425158,Santolina impressa,species,taxon_matched_text,en,1748,481,68,153,True,943
516100,Silene diversifolia,species,taxonomy_only,,0,0,0,41,False,831
605663,Sambucus lanceolata,species,taxon_matched_text,en,1208,316,59,157,True,947
902727,Anthyllis hamosa,species,taxon_matched_text,es,905,905,566,728,True,1518
1262449,Pentanema squarrosum,species,taxon_matched_text,en,3803,3803,1324,1596,True,2386
1511231,Lotus carpetanus,species,taxon_matched_text,en,347,347,102,206,True,996
77226,Gaudinia fragilis,species,taxon_matched_text,pt,1312,1312,335,513,True,1303
160233,Casuarina cunninghamiana,species,taxon_matched_text,en,4282,2674,789,957,True,1747
164329,Kalanchoe fedtschenkoi,species,taxon_matched_text,en,2955,1313,359,482,True,1272
491849,Allium polyanthum,species,taxon_matched_text,en,807,807,106,203,True,993
58727,Berberis thunbergii,species,taxon_matched_text,en,5160,5160,1226,1444,True,2234
76665,Diplotaxis tenuifolia,species,taxon_matched_text,en,6555,5258,2045,2361,True,3151
78217,Nicandra physalodes,species,taxon_matched_text,en,9477,4695,2127,2315,True,3105
78589,Pistia stratiotes,species,taxon_matched_text,es,15069,2837,1765,2037,True,2827
78712,Potamogeton natans,species,taxon_matched_text,en,2093,809,255,422,True,1212
79065,Sesbania punicea,species,taxon_matched_text,en,3675,3675,1366,1625,True,2415
132600,Tilia cordata,species,taxon_matched_text,en,6288,5823,2071,2346,True,3136
162855,Euphorbia tirucalli,species,taxon_matched_text,en,4353,2052,742,898,True,1688
163800,Hieracium sabaudum,species,taxon_matched_text,en,2114,887,181,298,True,1088
273757,Sedum palmeri,species,taxon_matched_text,en,1599,1599,723,895,True,1685
342035,Delphinium halteratum,species,taxon_matched_text,en,1744,375,88,187,True,977
740984,Silene flos-cuculi,species,taxon_matched_text,en,3475,1828,526,719,True,1509
58320,Koelreuteria paniculata,species,taxon_matched_text,en,3867,3286,718,923,True,1713
60957,Gamochaeta purpurea,species,taxon_matched_text,en,2200,891,182,311,True,1101
78452,Persicaria hydropiper,species,taxon_matched_text,en,4188,2851,935,1142,True,1932
117836,Polysiphonia,genus,taxon_matched_text,en,6731,6731,2175,2360,True,3150
122300,Brachychiton acerifolius,species,taxon_matched_text,en,4499,3885,1116,1317,True,2107
130303,Galium saxatile,species,taxon_matched_text,en,2725,1438,195,299,True,1089
147998,Calceolaria tripartita,species,taxon_matched_text,pt,1306,1306,283,452,True,1242
166296,Pellia epiphylla,species,taxon_matched_text,en,1024,1024,368,493,True,1283
204586,Magnolia × soulangeana,hybrid,taxon_matched_text,en,1714,1714,703,870,True,1660
219470,Linaria aeruginea,species,taxon_matched_text,pt,1293,1293,286,435,True,1225
334741,Euphorbia peplis,species,taxon_matched_text,en,1832,700,240,378,True,1168
338108,Crepis lampsanoides,species,taxon_matched_text,pt,1214,1214,248,416,True,1206
1111355,Lotus castellanus,species,taxon_matched_text,en,1691,481,106,235,True,1025
1557910,Utricularia × neglecta,hybrid,taxonomy_only,,0,0,0,43,False,833
48592,Allium cepa,species,text_needs_scope_review,en,25096,21710,6192,7080,True,7870
55733,Chaerophyllum temulum,species,taxon_matched_text,en,3241,1956,1052,1234,True,2024
56158,Ballota nigra,species,taxon_matched_text,en,3987,2622,1036,1257,True,2047
57130,Narcissus jonquilla,species,taxon_matched_text,en,2416,1163,245,348,True,1138
60150,Soliva sessilis,species,taxon_matched_text,en,2536,1320,471,593,True,1383
63352,Lepidium draba,species,taxon_matched_text,en,6361,5110,1775,2090,True,2880
76486,Crucianella angustifolia,species,taxon_matched_text,pt,1274,1274,255,438,True,1228
83063,Dianthus caryophyllus,species,taxon_matched_text,en,6824,6014,2255,2589,True,3379
83634,Archontophoenix cunninghamiana,species,taxon_matched_text,en,3642,3642,1110,1314,True,2104
123356,Citrus medica,species,text_needs_scope_review,en,24904,12401,3527,4191,True,4981
157839,Abutilon grandifolium,species,taxon_matched_text,en,2471,1146,392,512,True,1302
911602,Chondracanthus teedei,species,taxonomy_only,,0,0,0,47,False,837
1499006,Anacamptis × gennarii,hybrid,taxonomy_only,,0,0,0,47,False,837
56193,Acer campestre,species,taxon_matched_text,en,5515,5136,1115,1341,True,2131
57850,Nuphar lutea,species,taxon_matched_text,en,5991,4732,1283,1555,True,2345
67667,Pterocladiella capillacea,species,taxon_matched_text,pt,775,775,528,681,True,1471
77129,Fallopia convolvulus,species,taxon_matched_text,en,2866,1634,695,839,True,1629
78379,Pelargonium peltatum,species,taxon_matched_text,en,5547,4243,2481,2734,True,3524
127055,Thuidium tamariscinum,species,taxon_matched_text,en,382,382,63,163,True,953
154776,Alpinia zerumbet,species,taxon_matched_text,en,5403,3961,1145,1332,True,2122
169883,Tradescantia zebrina,species,taxon_matched_text,en,4877,3471,1152,1387,True,2177
347968,Euryops pectinatus,species,taxon_matched_text,en,914,914,265,403,True,1193
596690,Melaleuca linearis,species,taxon_matched_text,en,3993,3993,1061,1261,True,2051
737583,Echium boissieri,species,taxon_matched_text,en,2050,811,459,618,True,1408
861337,Dryopteris aitoniana,species,taxonomy_only,,0,0,0,43,False,833
1532996,Filago gaditana,species,taxonomy_only,,0,0,0,40,False,830
64332,Kickxia elatine,species,taxon_matched_text,en,1982,624,198,292,True,1082
82892,Linum trigynum,species,taxon_matched_text,en,1772,425,142,236,True,1026
122519,Russelia equisetiformis,species,taxon_matched_text,en,1448,1448,631,787,True,1577
128667,Solanum laxum,species,taxon_matched_text,en,2607,1410,609,798,True,1588
143921,Dicksonia antarctica,species,taxon_matched_text,en,5510,4691,1513,1776,True,2566
244525,Iris × hollandica,hybrid,taxon_matched_text,en,840,840,310,457,True,1247
319664,Ruscus hypophyllum,species,taxon_matched_text,en,358,358,107,207,True,997
338168,Eryngium tenue,species,taxon_matched_text,pt,1227,1227,260,438,True,1228
341105,Allium pruinatum,species,taxon_matched_text,en,530,530,21,107,True,897
369917,Persicaria decipiens,species,taxon_matched_text,en,1971,1971,396,533,True,1323
425160,Rhaponticum longifolium,species,taxon_matched_text,unspecified,388,388,388,512,True,1302
451212,Trifolium ligusticum,species,taxon_matched_text,pt,1327,1327,301,468,True,1258
466732,Thapsia nitida,species,taxon_matched_text,pt,1306,1306,324,472,True,1262
467676,Gagea soleirolii,species,taxon_matched_text,en,528,528,41,133,True,923
769706,Echium portosanctense,species,taxonomy_only,,0,0,0,45,False,835
861361,Teucrium francoi,species,taxon_matched_text,pt,1160,1160,121,249,True,1039
78375,Pelargonium capitatum,species,taxon_matched_text,en,1802,1172,703,847,True,1637
78838,Reseda lutea,species,taxon_matched_text,en,1700,463,105,198,True,988
338122,Carex hispida,species,taxon_matched_text,en,1908,677,163,271,True,1061
338386,Euphorbia dulcis,species,taxon_matched_text,en,2542,873,66,153,True,943
338714,Lythrum borysthenicum,species,taxon_matched_text,pt,1237,1237,291,465,True,1255
431045,Fuchsia regia,species,taxon_matched_text,en,1584,853,455,567,True,1357
513535,Jasione sessiliflora,species,taxon_matched_text,pt,1279,1279,266,441,True,1231
538972,Salvia clandestina,species,text_needs_scope_review,es,4351,4351,3275,3532,True,4322
910523,Rhaponticoides africana,species,taxon_matched_text,es,2309,2309,1236,1436,True,2226
54531,Cardamine pratensis,species,taxon_matched_text,en,2342,1592,497,682,True,1472
133619,Platycerium bifurcatum,species,taxon_matched_text,en,4121,4121,1373,1606,True,2396
154768,Brugmansia suaveolens,species,taxon_matched_text,en,11654,3938,1425,1632,True,2422
169976,Trifolium squamosum,species,taxon_matched_text,en,5758,4404,1581,1853,True,2643
341113,Scilla odorata,species,taxonomy_only,,0,0,0,39,False,829
418745,Sedum brissemoretii,species,taxon_matched_text,en,1749,411,59,161,True,951
969803,Stipellula capensis,species,taxon_matched_text,en,838,838,122,218,True,1008
1554064,Avenella foliosa,species,taxonomy_only,,0,0,0,42,False,832
59268,Coronilla scorpioides,species,taxon_matched_text,en,3176,670,116,215,True,1005
60272,Aegilops triuncialis,species,taxon_matched_text,en,4242,2912,1080,1249,True,2039
77140,Festuca myuros,species,text_needs_scope_review,en,1815,576,143,247,True,1037
83072,Syringa vulgaris,species,taxon_matched_text,en,5576,4412,1672,1961,True,2751
127010,Nandina domestica,species,taxon_matched_text,es,7966,2355,973,1158,True,1948
130866,Nephrolepis exaltata,species,taxon_matched_text,en,2543,2543,976,1158,True,1948
133334,Yucca aloifolia,species,taxon_matched_text,en,3454,3454,554,709,True,1499
153021,Cuphea ignea,species,taxon_matched_text,en,1315,1315,293,397,True,1187
160697,Clematis vitalba,species,taxon_matched_text,en,5605,2497,814,1031,True,1821
204408,Schenkia spicata,species,taxon_matched_text,en,516,516,192,290,True,1080
337789,Scrophularia sublyrata,species,taxon_matched_text,pt,1334,1334,262,440,True,1230
371900,Matthiola sinuata,species,taxon_matched_text,en,1775,542,152,266,True,1056
447071,Grateloupia turuturu,species,taxon_matched_text,en,3089,3089,1345,1534,True,2324
497848,Armeria transmontana,species,taxon_matched_text,pt,1313,1313,279,449,True,1239
771655,Stauracanthus spectabilis,species,taxon_matched_text,pt,1286,1286,257,441,True,1231
906543,Armeria pubigera,species,taxon_matched_text,pt,1557,1557,522,764,True,1554
1510841,Agrostis subspicata,species,taxon_matched_text,en,1628,673,48,141,True,931
58185,Phacelia tanacetifolia,species,taxon_matched_text,en,2770,1434,456,615,True,1405
77490,Impatiens balfourii,species,taxon_matched_text,en,2441,1200,481,620,True,1410
77676,Lepidium virginicum,species,taxon_matched_text,en,1742,974,293,427,True,1217
142283,Megaskepasma erythrochlamys,species,taxon_matched_text,es,2297,936,632,788,True,1578
323015,Teucrium salviastrum,species,taxon_matched_text,pt,1208,1208,125,269,True,1059
514818,Valerianella discoidea,species,taxon_matched_text,pt,1221,1221,251,418,True,1208
1275933,Carex leviosa,species,taxonomy_only,,0,0,0,42,False,832
82909,Teucrium haenseleri,species,taxon_matched_text,pt,1161,1161,100,231,True,1021
130215,Carissa macrocarpa,species,taxon_matched_text,en,6915,2760,1331,1594,True,2384
341141,Cyclamen persicum,species,taxon_matched_text,en,4670,4114,1232,1449,True,2239
372691,Verbena supina,species,taxon_matched_text,pt,1167,1167,244,411,True,1201
605821,Adenocarpus anisochilus,species,taxon_matched_text,pt,1358,1358,281,463,True,1253
928700,Erodium maculatum,species,text_needs_scope_review,es,3001,3001,1524,1734,True,2524
1556947,Thapsia tenuifolia,species,text_needs_scope_review,es,1361,1361,836,1016,True,1806
59040,Phyla nodiflora,species,taxon_matched_text,en,1373,1373,247,387,True,1177
75401,Amaranthus viridis,species,taxon_matched_text,en,2879,1810,725,930,True,1720
75602,Asclepias curassavica,species,taxon_matched_text,en,5662,4231,958,1139,True,1929
129036,Thunbergia grandiflora,species,taxon_matched_text,en,5959,4739,1750,1979,True,2769
163201,Gastridium ventricosum,species,taxon_matched_text,en,2267,886,71,156,True,946
182221,Visnea mocanera,species,taxon_matched_text,pt,2082,575,346,511,True,1301
322850,Arenaria querioides,species,taxon_matched_text,pt,1337,1337,326,479,True,1269
327856,Justicia carnea,species,taxon_matched_text,en,1432,1202,91,194,True,984
335044,Ranunculus omiophyllus,species,taxon_matched_text,pt,1200,1200,259,431,True,1221
739801,Cytisus oromediterraneus,species,taxon_matched_text,en,4750,2711,1311,1618,True,2408
1117609,Pleroma heteromallum,species,taxon_matched_text,en,2058,1055,329,451,True,1241
1457030,Freesia × kewensis,hybrid,taxon_matched_text,en,451,451,108,207,True,997
55891,Geum urbanum,species,taxon_matched_text,en,4734,3266,1456,1764,True,2554
57194,Phalaris minor,species,taxon_matched_text,en,2015,770,195,318,True,1108
75310,Agrostemma githago,species,taxon_matched_text,en,3136,1627,873,1070,True,1860
77837,Lotus angustissimus,species,taxon_matched_text,en,1861,524,143,254,True,1044
132849,Leonotis leonurus,species,taxon_matched_text,en,4335,3458,1178,1410,True,2200
165653,Nardus stricta,species,taxon_matched_text,pt,3601,1312,283,449,True,1239
167987,Rosa micrantha,species,taxon_matched_text,en,2571,1359,242,342,True,1132
338102,Luzula sylvatica,species,taxon_matched_text,en,4243,2959,646,819,True,1609
347010,Ceratocapnos claviculata,species,taxon_matched_text,en,2979,1552,486,630,True,1420
372277,Limonium multiflorum,species,taxon_matched_text,en,2418,956,410,580,True,1370
431387,Orbea variegata,species,taxon_matched_text,en,2054,2054,1025,1181,True,1971
467522,Viola arborescens,species,taxon_matched_text,en,2126,877,433,609,True,1399
861338,Dryopteris maderensis,species,taxonomy_only,,0,0,0,43,False,833
912898,Daucus pumilus,species,taxon_matched_text,en,2110,884,74,179,True,969
61470,Rhinanthus minor,species,taxon_matched_text,en,8288,7590,1714,2091,True,2881
77946,Malephora crocea,species,taxon_matched_text,en,1284,1284,803,949,True,1739
181542,Pelargonium × domesticum,hybrid,text_needs_scope_review,en,24224,23250,9359,10361,True,11151
204335,Juncus conglomeratus,species,taxon_matched_text,en,2490,1216,432,619,True,1409
332253,Thunbergia mysorensis,species,taxon_matched_text,en,1151,1151,248,368,True,1158
341573,Cachrys sicula,species,taxon_matched_text,pt,1166,1166,261,429,True,1219
451201,Ornithogalum arabicum,species,taxon_matched_text,en,2767,710,39,129,True,919
1405692,Sulla glomerata,species,text_needs_scope_review,en,333,333,88,185,True,975
69930,Juncus tenuis,species,taxon_matched_text,en,847,847,286,393,True,1183
77114,Euphorbia lathyris,species,taxon_matched_text,en,2292,1054,348,489,True,1279
79187,Sporobolus indicus,species,taxon_matched_text,en,2116,882,330,467,True,1257
159204,Begonia cucullata,species,taxon_matched_text,en,2010,2010,624,814,True,1604
333957,Brassica barrelieri,species,taxon_matched_text,pt,1217,1217,249,417,True,1207
338166,Chrozophora tinctoria,species,taxon_matched_text,en,4663,2665,652,780,True,1570
342983,Rumex azoricus,species,taxon_matched_text,en,840,447,103,197,True,987
372165,Leucobryum juniperoideum,species,taxon_matched_text,en,297,297,32,138,True,928
589711,Melaleuca glauca,species,taxon_matched_text,en,2348,2348,687,862,True,1652
52841,Anthemis cotula,species,taxon_matched_text,en,5079,3790,1185,1371,True,2161
54982,Ficus microcarpa,species,taxon_matched_text,en,6408,6408,1742,2000,True,2790
60221,Ludwigia palustris,species,taxon_matched_text,en,4549,3292,1088,1333,True,2123
61089,Ruppia cirrhosa,species,taxon_matched_text,en,6695,5417,1746,2062,True,2852
128270,Saccharum officinarum,species,taxon_matched_text,en,5243,4023,797,1006,True,1796
137254,Ophioglossum lusitanicum,species,taxon_matched_text,en,1797,1797,458,622,True,1412
142271,Narcissus rupicola,species,taxon_matched_text,en,1607,335,101,211,True,1001
159875,Carex arenaria,species,taxon_matched_text,en,1588,406,74,157,True,947
162851,Euphorbia serrata,species,taxon_matched_text,en,1787,607,152,239,True,1029
186542,Heberdenia excelsa,species,taxon_matched_text,en,1170,373,44,133,True,923
244184,Fascicularia bicolor,species,taxon_matched_text,es,3619,1393,676,888,True,1678
273843,Fuchsia arborescens,species,taxon_matched_text,en,1588,333,51,138,True,928
290744,Solanum muricatum,species,taxon_matched_text,en,4506,2718,1438,1646,True,2436
338130,Saxifraga cintrana,species,taxon_matched_text,pt,2990,2990,1489,1860,True,2650
461043,Artemisia argentea,species,taxon_matched_text,pt,614,614,393,551,True,1341
806563,Visnaga daucoides,species,taxon_matched_text,en,2122,2122,452,618,True,1408
53771,Cotoneaster horizontalis,species,taxon_matched_text,en,1302,1302,217,332,True,1122
59979,Sambucus ebulus,species,taxon_matched_text,en,3767,1724,438,576,True,1366
60264,Triglochin maritima,species,taxon_matched_text,en,3218,1779,393,529,True,1319
62839,Delonix regia,species,taxon_matched_text,en,11844,6267,2699,3157,True,3947
67842,Radula complanata,species,text_needs_scope_review,de,1010,1010,396,506,True,1296
76225,Cestrum nocturnum,species,taxon_matched_text,en,5056,4528,1508,1788,True,2578
77517,Isolepis setacea,species,taxon_matched_text,en,1768,528,182,270,True,1060
78450,Persicaria amphibia,species,taxon_matched_text,en,2363,1978,660,836,True,1626
85072,Lathyrus linifolius,species,taxon_matched_text,en,2677,1397,509,659,True,1449
141262,Asphodelus aestivus,species,taxon_matched_text,en,1503,1503,421,531,True,1321
186063,Loropetalum chinense,species,taxon_matched_text,en,1436,1436,744,902,True,1692
321151,Solenopsis laurentia,species,taxon_matched_text,pt,345,345,205,330,True,1120
338381,Carex laevigata,species,taxon_matched_text,en,1990,726,110,199,True,989
343012,Arceuthobium azoricum,species,taxon_matched_text,en,2340,441,79,173,True,963
370737,Tillandsia aeranthos,species,taxon_matched_text,en,2265,904,164,279,True,1069
516069,Silene micropetala,species,taxon_matched_text,pt,1160,1160,247,416,True,1206
1007797,Pycnocomon intermedium,species,taxon_matched_text,pt,1230,1230,584,810,True,1600
77918,Lythrum portula,species,taxon_matched_text,en,2049,428,167,262,True,1052
81491,Kigelia africana,species,taxon_matched_text,es,6615,1679,981,1231,True,2021
165763,Ochna serrulata,species,taxon_matched_text,en,1909,1909,789,953,True,1743
209505,Rosa banksiae,species,taxon_matched_text,en,2206,2206,765,947,True,1737
246102,Sphagneticola trilobata,species,taxon_matched_text,en,3488,2169,547,695,True,1485
338054,Ranunculus ololeucos,species,taxon_matched_text,pt,1239,1239,271,441,True,1231
347860,Teucrium pseudochamaepitys,species,taxon_matched_text,pt,1205,1205,98,235,True,1025
751496,Asphodelus lusitanicus,species,taxon_matched_text,en,1704,316,67,171,True,961
868585,Gymnogongrus crenulatus,species,taxonomy_only,,0,0,0,45,False,835
55734,Sedum acre,species,taxon_matched_text,en,2558,1385,494,615,True,1405
75472,Anthoxanthum aristatum,species,taxon_matched_text,en,2319,900,150,238,True,1028
78237,Nymphoides peltata,species,taxon_matched_text,en,7048,5755,2306,2644,True,3434
163550,Hedwigia ciliata,species,taxon_matched_text,en,269,269,26,124,True,914
166162,Parthenocissus tricuspidata,species,taxon_matched_text,en,3429,3429,1744,1982,True,2772
181899,Syzygium paniculatum,species,taxon_matched_text,en,1967,1308,513,648,True,1438
338464,Polycarpon alsinifolium,species,taxon_matched_text,en,1617,360,106,212,True,1002
461377,Saccogyna viticulosa,species,taxonomy_only,,0,0,0,44,False,834
545258,Rumex intermedius,species,taxon_matched_text,pt,1229,1229,254,422,True,1212
706348,Gigartina pistillata,species,taxonomy_only,,0,0,0,43,False,833
1043837,Chrysojasminum odoratissimum,species,taxon_matched_text,en,1246,650,99,204,True,994
118806,Baldellia ranunculoides,species,taxon_matched_text,en,2499,1192,256,378,True,1168
127942,Verbena rigida,species,taxon_matched_text,en,2054,864,129,233,True,1023
153386,Salvia elegans,species,taxon_matched_text,en,3498,2913,739,916,True,1706
159936,Carex divisa,species,taxon_matched_text,en,1588,365,52,135,True,925
410499,Tilia × europaea,hybrid,taxon_matched_text,en,1867,1867,804,976,True,1766
548197,Thymus albicans,species,taxon_matched_text,pt,1579,1579,599,837,True,1627
743342,Digitalis sceptrum,species,taxon_matched_text,en,693,693,149,246,True,1036
861362,Teucrium heterophyllum,species,taxon_matched_text,pt,1195,1195,137,257,True,1047
872168,Narcissus minor,species,taxon_matched_text,en,1314,1314,190,297,True,1087
52633,Juncus squarrosus,species,taxon_matched_text,en,1288,771,69,157,True,947
63567,Picea abies,species,taxon_matched_text,en,11442,10215,3198,3653,True,4443
76425,Commelina benghalensis,species,taxon_matched_text,en,5533,4102,1259,1476,True,2266
122850,Phaseolus vulgaris,species,taxon_matched_text,en,14348,13216,5486,6319,True,7109
142248,Armeria sampaioi,species,taxon_matched_text,pt,1691,1691,634,881,True,1671
158696,Arnoseris minima,species,taxon_matched_text,pt,3074,1211,254,429,True,1219
166757,Phyllanthus tenellus,species,taxon_matched_text,en,1278,1278,309,450,True,1240
335864,Galium lucidum,species,taxon_matched_text,en,2316,1081,253,366,True,1156
342123,Rhamnus glandulosa,species,taxon_matched_text,en,1565,891,257,388,True,1178
446744,Blechnum parrisiae,species,text_needs_scope_review,en,1646,1646,416,587,True,1377
479485,Biarum tenuifolium,species,taxon_matched_text,en,875,875,229,365,True,1155
776458,Kickxia cirrhosa,species,taxon_matched_text,pt,1241,1241,268,435,True,1225
1005385,Cerastium holosteoides,species,taxon_matched_text,en,1404,1404,97,198,True,988
1027509,Nitophyllum punctatum,species,taxonomy_only,,0,0,0,42,False,832
1645811,Agrostula truncatula,species,text_needs_scope_review,en,1056,1056,295,401,True,1191
51843,Circaea lutetiana,species,taxon_matched_text,en,2624,1097,427,606,True,1396
53271,Brassica rapa,species,taxon_matched_text,en,6578,4684,1586,1841,True,2631
56064,Ranunculus acris,species,taxon_matched_text,en,3846,2638,796,1009,True,1799
61223,Malus sylvestris,species,taxon_matched_text,en,7256,5631,1461,1647,True,2437
123134,Dicranum scoparium,species,taxon_matched_text,en,1075,1075,360,476,True,1266
123390,Bryum argenteum,species,taxon_matched_text,en,3521,3521,1614,1874,True,2664
338630,Euphorbia clementei,species,taxon_matched_text,pt,929,929,99,212,True,1002
342963,Scabiosa nitens,species,taxon_matched_text,en,772,365,65,151,True,941
485191,Silene coronaria,species,taxon_matched_text,en,2501,1098,204,321,True,1111
740961,Sedum nudum,species,taxon_matched_text,pt,1195,1195,236,391,True,1181
786082,Argyranthemum dissectum,species,taxon_matched_text,pt,603,603,367,516,True,1306
976076,Festuca francoi,species,taxon_matched_text,pt,1176,1176,247,376,True,1166
53421,Pinus radiata,species,taxon_matched_text,en,10953,10254,3930,4511,True,5301
60316,Typha angustifolia,species,taxon_matched_text,en,4706,3419,903,1063,True,1853
69223,Epipremnum aureum,species,taxon_matched_text,en,7920,7116,2486,2903,True,3693
75869,Brassica napus,species,text_needs_scope_review,en,18355,14844,4483,5102,True,5892
76007,Carduus nutans,species,taxon_matched_text,en,4212,4212,1133,1325,True,2115
127387,Codiaeum variegatum,species,taxon_matched_text,en,6253,3689,1452,1623,True,2413
164423,Lantana depressa,species,taxonomy_only,,0,0,0,41,False,831
323390,Isolepis fluitans,species,taxon_matched_text,en,1732,462,94,191,True,981
335875,Plantago holosteum,species,taxon_matched_text,en,1666,539,108,214,True,1004
337454,Mandragora autumnalis,species,taxon_matched_text,en,7511,4570,1870,2109,True,2899
341979,Reichardia intermedia,species,taxon_matched_text,en,1535,337,84,181,True,971
411036,Fuchsia × hybrida,hybrid,taxonomy_only,,0,0,0,41,False,831
447743,Theligonum cynocrambe,species,taxon_matched_text,en,2204,883,398,489,True,1279
506262,Xanthium orientale,species,taxon_matched_text,en,1676,1676,95,190,True,980
639689,Halopithys incurva,species,taxonomy_only,,0,0,0,43,False,833
861407,Festuca donax,species,taxon_matched_text,en,1924,763,340,443,True,1233
981258,Campanula matritensis,species,text_needs_scope_review,es,1791,1791,936,1125,True,1915
50184,Washingtonia filifera,species,taxon_matched_text,en,7782,7245,2345,2777,True,3567
51726,Myosotis arvensis,species,taxon_matched_text,en,2663,1277,291,389,True,1179
56129,Veronica hederifolia,species,taxon_matched_text,en,2579,1324,592,751,True,1541
58755,Cystopteris fragilis,species,taxon_matched_text,en,1157,1157,238,348,True,1138
141213,Carex distachya,species,taxon_matched_text,pt,1214,1214,241,409,True,1199
143203,Salvia splendens,species,taxon_matched_text,en,1688,1688,659,809,True,1599
166740,Photinia serratifolia,species,taxon_matched_text,en,1647,1647,575,714,True,1504
168693,Scorzonera laciniata,species,taxon_matched_text,en,1362,1362,99,201,True,991
183315,Anagyris foetida,species,taxon_matched_text,en,11656,10362,5084,5553,True,6343
333942,Juncus pygmaeus,species,taxonomy_only,,0,0,0,40,False,830
338365,Leucanthemopsis flaveola,species,taxon_matched_text,pt,1395,1395,347,502,True,1292
338642,Linaria oblongifolia,species,taxon_matched_text,pt,1321,1321,294,446,True,1236
499472,Galium rotundifolium,species,taxon_matched_text,en,1996,716,118,218,True,1008
514654,Silene apetala,species,taxon_matched_text,en,680,680,90,192,True,982
515318,Erysimum lagascae,species,taxon_matched_text,pt,1598,1598,584,826,True,1616
627664,Armeria maderensis,species,taxon_matched_text,pt,1270,1270,256,427,True,1217
915589,Verbascum simplex,species,taxon_matched_text,pt,1206,1206,264,428,True,1218
52673,Equisetum hyemale,species,taxon_matched_text,en,2426,2426,786,1017,True,1807
70054,Citrullus lanatus,species,text_needs_scope_review,en,17257,14067,4486,5158,True,5948
76435,Coprosma repens,species,taxon_matched_text,en,2220,2220,685,859,True,1649
76721,Dryopteris filix-mas,species,taxon_matched_text,en,2024,2024,687,872,True,1662
83168,Araucaria angustifolia,species,taxon_matched_text,en,28456,5234,1711,1990,True,2780
124544,Anthriscus sylvestris,species,taxon_matched_text,en,4452,3144,1028,1197,True,1987
125729,Narcissus cyclamineus,species,taxon_matched_text,en,2770,1169,641,841,True,1631
132458,Thunbergia alata,species,taxon_matched_text,en,4376,2470,835,1011,True,1801
163131,Furcraea foetida,species,taxon_matched_text,en,2702,2258,397,514,True,1304
170914,Petunia × atkinsiana,hybrid,taxon_matched_text,en,2832,2832,930,1133,True,1923
243637,Lantana horrida,species,taxon_matched_text,en,886,886,141,237,True,1027
322876,Eryngium duriaei,species,taxon_matched_text,pt,1285,1285,264,439,True,1229
342990,Myosotis maritima,species,taxon_matched_text,en,987,364,91,178,True,968
406044,Silene disticha,species,taxon_matched_text,en,1635,528,65,158,True,948
55345,Acacia baileyana,species,taxon_matched_text,en,3014,2466,698,857,True,1647
55760,Viola arvensis,species,taxon_matched_text,en,961,590,175,280,True,1070
56002,Dipsacus fullonum,species,taxon_matched_text,en,4081,2916,1046,1251,True,2041
56057,Leucanthemum vulgare,species,taxon_matched_text,en,12791,5394,1563,1868,True,2658
60015,Dianthus barbatus,species,taxon_matched_text,en,2814,2814,1002,1196,True,1986
69636,Cardamine flexuosa,species,taxon_matched_text,en,1989,752,245,371,True,1161
76035,Carex echinata,species,taxon_matched_text,en,2164,928,185,299,True,1089
76467,Crassula tetragona,species,taxon_matched_text,en,2350,1080,542,690,True,1480
77797,Lobelia erinus,species,taxon_matched_text,en,4720,3513,672,844,True,1634
78090,Mollugo verticillata,species,taxon_matched_text,en,4852,3612,999,1147,True,1937
123790,Fontinalis antipyretica,species,taxon_matched_text,en,1960,1960,729,896,True,1686
133781,Campanula herminii,species,taxon_matched_text,pt,1484,1484,504,742,True,1532
170303,Weigela florida,species,taxon_matched_text,en,3207,3207,353,469,True,1259
199921,Lycium europaeum,species,taxon_matched_text,en,1978,697,66,150,True,940
291533,Oxalis tetraphylla,species,taxon_matched_text,en,1773,1290,629,762,True,1552
327733,Mandevilla sanderi,species,taxon_matched_text,en,1935,1935,1016,1230,True,2020
790283,Gelidium corneum,species,text_needs_scope_review,es,801,801,567,753,True,1543
1584272,Autonoe madeirensis,species,text_needs_scope_review,pt,431,431,227,362,True,1152
76462,Cotyledon orbiculata,species,taxon_matched_text,en,2493,2493,1063,1240,True,2030
77719,Leucanthemum maximum,species,taxon_matched_text,en,701,701,217,332,True,1122
78790,Pyracantha crenulata,species,taxon_matched_text,en,3397,3397,1051,1265,True,2055
135374,Livistona australis,species,taxon_matched_text,en,1433,1433,445,579,True,1369
160259,Celosia argentea,species,taxon_matched_text,en,5492,3342,704,886,True,1676
160659,Cladium mariscus,species,taxon_matched_text,en,2258,833,307,409,True,1199
170188,Veronica cymbalaria,species,taxon_matched_text,en,2753,1520,649,828,True,1618
275042,Mannia androgyna,species,taxonomy_only,,0,0,0,43,False,833
465864,Plantago albicans,species,taxon_matched_text,en,1508,345,111,205,True,995
472746,Cryphaea heteromalla,species,taxon_matched_text,de,1024,1024,587,739,True,1529
487565,Quercus × avellaniformis,hybrid,taxonomy_only,,0,0,0,48,False,838
1377225,Festuca alopecuros,species,text_needs_scope_review,es,1511,1511,895,1083,True,1873
1425437,Arrhenatherum longifolium,species,taxonomy_only,,0,0,0,48,False,838
59254,Allium schoenoprasum,species,taxon_matched_text,pt,8924,1508,1049,1306,True,2096
60294,Parapholis incurva,species,taxon_matched_text,en,2009,770,142,256,True,1046
77136,Festuca bromoides,species,text_needs_scope_review,en,1912,625,89,174,True,964
78960,Salsola soda,species,taxon_matched_text,pt,5650,1292,399,546,True,1336
126583,Hemerocallis fulva,species,taxon_matched_text,en,5828,3173,1140,1347,True,2137
128268,Gomphrena globosa,species,taxon_matched_text,en,3658,2664,886,1096,True,1886
133206,Polytrichum strictum,species,taxon_matched_text,en,1992,1992,825,974,True,1764
192621,Genista anglica,species,taxon_matched_text,en,1640,460,88,172,True,962
244676,Streptosolen jamesonii,species,taxon_matched_text,es,8459,932,412,572,True,1362
287309,Choisya ternata,species,taxon_matched_text,en,1479,1479,328,471,True,1261
340549,Diplotaxis siifolia,species,taxon_matched_text,pt,1355,1355,325,477,True,1267
342131,Luzula lactea,species,taxon_matched_text,pt,1646,1646,580,791,True,1581
545305,Cardamine occulta,species,taxon_matched_text,en,862,862,118,212,True,1002
568318,Soliva stolonifera,species,taxonomy_only,,0,0,0,41,False,831
803976,Phelipanche rosmarina,species,taxonomy_only,,0,0,0,45,False,835
1268642,Heptapleurum actinophyllum,species,taxon_matched_text,en,2873,1914,510,655,True,1445
1353403,Allium sardoum,species,text_needs_scope_review,es,1791,1791,939,1096,True,1886
56026,Carpobrotus chilensis,species,taxon_matched_text,en,1431,1431,694,876,True,1666
77361,Helichrysum petiolare,species,taxon_matched_text,en,4571,3257,1780,1973,True,2763
164708,Lolium arundinaceum,species,taxon_matched_text,en,8003,6759,2873,3173,True,3963
245753,Cicendia filiformis,species,taxon_matched_text,en,2549,1279,384,533,True,1323
341030,Euphorbia pedroi,species,taxon_matched_text,en,2844,1488,716,895,True,1685
346029,Myurium hochstetteri,species,taxonomy_only,,0,0,0,42,False,832
410993,Haemanthus coccineus,species,taxon_matched_text,en,2156,2156,685,856,True,1646
437973,Carex pilulifera,species,taxon_matched_text,en,3246,1917,722,876,True,1666
784704,Betula celtiberica,species,taxon_matched_text,en,637,637,66,154,True,944
52565,Althaea officinalis,species,taxon_matched_text,en,7483,3394,990,1222,True,2012
55969,Viburnum opulus,species,taxon_matched_text,en,7795,6148,1741,2151,True,2941
76226,Cestrum parqui,species,taxon_matched_text,en,2927,2927,1103,1327,True,2117
76751,Dysphania pumilio,species,taxon_matched_text,en,2542,1354,276,396,True,1186
163692,Herniaria glabra,species,taxon_matched_text,en,1595,245,45,131,True,921
244075,Syntrichia ruralis,species,taxon_matched_text,en,842,842,294,399,True,1189
277115,Cascabela thevetia,species,taxon_matched_text,en,4740,4179,961,1169,True,1959
323003,Minuartia recurva,species,taxon_matched_text,en,2223,1021,283,398,True,1188
328092,Solanum laciniatum,species,taxon_matched_text,en,3280,3280,1419,1692,True,2482
341115,Ornithogalum orthophyllum,species,text_needs_scope_review,pt,717,717,360,531,True,1321
491002,Micromeria juliana,species,taxon_matched_text,pt,1235,1235,244,411,True,1201
710194,Sideritis arborescens,species,taxon_matched_text,pt,1378,1378,340,496,True,1286
1268925,Limonium dodartii,species,taxon_matched_text,pt,1510,1510,505,748,True,1538
52599,Pontederia cordata,species,taxon_matched_text,en,2294,2294,549,694,True,1484
59210,Bromus rubens,species,taxon_matched_text,pt,5249,2229,391,600,True,1390
64694,Elaeagnus angustifolia,species,taxon_matched_text,en,6146,4593,1222,1483,True,2273
84954,Asplenium ruta-muraria,species,taxon_matched_text,en,1829,1829,432,571,True,1361
122970,Helianthus tuberosus,species,taxon_matched_text,pt,14388,1082,567,721,True,1511
327754,Oxalis triangularis,species,taxon_matched_text,en,2575,2575,1035,1272,True,2062
346424,Pandorea jasminoides,species,taxon_matched_text,en,1984,1984,661,816,True,1606
410380,Rhododendron simsii,species,taxon_matched_text,en,884,884,224,360,True,1150
557604,Patellifolia procumbens,species,taxon_matched_text,pt,1305,1305,309,483,True,1273
972827,Dryopteris crispifolia,species,taxon_matched_text,pt,311,311,162,280,True,1070
976071,Chaerophyllum azoricum,species,taxon_matched_text,en,743,365,65,155,True,945
47560,Pinus canariensis,species,taxon_matched_text,en,4719,4035,1099,1298,True,2088
54763,Acer platanoides,species,taxon_matched_text,en,14233,7203,2584,2862,True,3652
56011,Tamarix parviflora,species,taxon_matched_text,en,1712,758,248,369,True,1159
57156,Avena sativa,species,text_needs_scope_review,en,21309,16719,3892,4620,True,5410
57638,Ononis pusilla,species,taxon_matched_text,pt,1222,1222,255,393,True,1183
64140,Ehrharta erecta,species,taxon_matched_text,en,980,980,173,290,True,1080
78537,Phalaris coerulescens,species,taxon_matched_text,en,1679,245,22,110,True,900
78625,Plecostachys serpyllifolia,species,taxon_matched_text,pt,1395,1395,291,468,True,1258
120942,Malvaviscus arboreus,species,taxon_matched_text,en,2352,1930,457,608,True,1398
123506,Grimmia laevigata,species,taxon_matched_text,de,931,931,407,530,True,1320
131203,Succisa pratensis,species,taxon_matched_text,en,7359,6165,2094,2401,True,3191
167684,Racomitrium lanuginosum,species,taxon_matched_text,en,2749,2749,929,1134,True,1924
335886,Ranunculus gramineus,species,taxon_matched_text,en,1798,587,70,158,True,948
336480,Hymenophyllum wilsonii,species,taxon_matched_text,en,2722,596,70,173,True,963
342961,Lotus azoricus,species,taxon_matched_text,pt,568,568,61,147,True,937
342995,Lactuca watsoniana,species,taxon_matched_text,en,1496,800,82,169,True,959
486302,Succisa pinnatifida,species,taxon_matched_text,pt,1505,1505,574,812,True,1602
512051,Linaria hirta,species,taxon_matched_text,pt,1541,1541,579,813,True,1603
553157,Abelia chinensis,species,taxon_matched_text,en,1361,1361,452,585,True,1375
772239,Micranthes clusii,species,taxonomy_only,,0,0,0,45,False,835
803759,Phelipanche arenaria,species,taxonomy_only,,0,0,0,40,False,830
823605,Daucus edulis,species,taxon_matched_text,en,1027,1027,293,417,True,1207
1062312,Pseudodictamnus hirsutus,species,taxon_matched_text,en,1525,344,45,144,True,934
56174,Echium vulgare,species,taxon_matched_text,en,2688,2415,464,600,True,1390
57181,Hordeum marinum,species,taxon_matched_text,en,4118,2911,1343,1620,True,2410
60214,Abutilon theophrasti,species,taxon_matched_text,en,4090,3718,1378,1609,True,2399
79317,Taraxacum erythrospermum,species,taxon_matched_text,en,798,798,273,387,True,1177
122658,Leucobryum glaucum,species,taxon_matched_text,en,1405,1056,221,323,True,1113
129271,Medicago arborea,species,taxon_matched_text,en,2704,1494,660,814,True,1604
193330,Herniaria maritima,species,taxon_matched_text,en,1572,323,52,141,True,931
345417,Freesia laxa,species,taxon_matched_text,en,3051,1784,605,752,True,1542
357461,Gladiolus dalenii,species,taxon_matched_text,en,773,773,165,262,True,1052
370562,Cenchrus purpureus,species,taxon_matched_text,en,7337,5258,1979,2213,True,3003
490533,Sesamoides spathulifolia,species,taxon_matched_text,pt,1284,1284,274,449,True,1239
544685,Iris mesopotamica,species,taxon_matched_text,en,7549,7549,2444,3066,True,3856
985710,Thaumatophyllum bipinnatifidum,species,taxon_matched_text,pt,3963,613,497,666,True,1456
57457,Stachys palustris,species,taxon_matched_text,en,3112,1861,843,1042,True,1832
60360,Geranium yeoi,species,taxonomy_only,,0,0,0,38,False,828
78841,Rhagadiolus stellatus,species,taxon_matched_text,en,1615,376,119,216,True,1006
123963,Diplophyllum albicans,species,taxon_matched_text,en,202,202,30,124,True,914
126637,Hyacinthus orientalis,species,taxon_matched_text,en,3486,3486,1061,1299,True,2089
127391,Daphne laureola,species,taxon_matched_text,en,3834,2639,1121,1386,True,2176
132820,Sphagnum denticulatum,species,taxon_matched_text,en,411,411,94,195,True,985
135400,Howea forsteriana,species,taxon_matched_text,en,3036,3036,1345,1579,True,2369
138788,Melilotus italicus,species,taxon_matched_text,en,1648,341,108,203,True,993
158184,Allium nigrum,species,taxon_matched_text,en,3965,3478,1144,1412,True,2202
163001,Fissidens dubius,species,taxon_matched_text,en,4109,4109,1340,1601,True,2391
163110,Frullania tamarisci,species,taxon_matched_text,en,203,203,27,126,True,916
181681,Photinia × fraseri,hybrid,taxon_matched_text,en,1013,1013,401,544,True,1334
223666,Lilium candidum,species,taxon_matched_text,en,4689,2673,846,1028,True,1818
333946,Myosotis debilis,species,taxon_matched_text,pt,1210,1210,245,412,True,1202
334379,Euphorbia ingens,species,taxon_matched_text,en,2773,1397,478,665,True,1455
406109,Sparaxis bulbifera,species,taxon_matched_text,en,664,664,191,288,True,1078
431346,Muehlenbeckia sagittifolia,species,taxon_matched_text,en,1637,279,65,166,True,956
976072,Aichryson santamariensis,species,taxon_matched_text,en,1275,416,49,142,True,932
1252131,Ophrys × heraultii,hybrid,taxon_matched_text,es,1843,1843,1432,1657,True,2447
1252712,Pentanema montanum,species,taxonomy_only,,0,0,0,40,False,830
51223,Schlumbergera truncata,species,taxon_matched_text,en,3734,3202,1295,1499,True,2289
61935,Scleranthus annuus,species,taxon_matched_text,en,2306,1087,407,534,True,1324
122530,Bambusa vulgaris,species,taxon_matched_text,en,7661,7285,2889,3237,True,4027
126549,Camellia sasanqua,species,taxon_matched_text,en,4845,4845,2274,2605,True,3395
126633,Ruellia simplex,species,taxon_matched_text,en,1809,1809,515,659,True,1449
167780,Reseda phyteuma,species,taxon_matched_text,en,2436,550,182,297,True,1087
199385,Ficus rubiginosa,species,taxon_matched_text,en,14092,11727,3833,4216,True,5006
338472,Orobanche calendulae,species,taxon_matched_text,pt,1301,1301,268,452,True,1242
338704,Magydaris panacifolia,species,taxon_matched_text,pt,1287,1287,259,432,True,1222
339000,Blidingia minima,species,taxon_matched_text,en,2394,2394,352,485,True,1275
341587,Lotus conimbricensis,species,taxon_matched_text,en,1792,484,116,248,True,1038
342022,Limonium ovalifolium,species,taxonomy_only,,0,0,0,45,False,835
467523,Cistus libanotis,species,taxon_matched_text,en,4013,2753,709,857,True,1647
864829,Teucrium algarbiense,species,taxon_matched_text,pt,1176,1176,111,242,True,1032
1372866,Ulex eriocladus,species,taxon_matched_text,pt,1245,1245,264,437,True,1227
1515459,Hesperocyparis arizonica,species,taxon_matched_text,en,3736,3736,1052,1232,True,2022
1524732,Campsis × tagliabueana,hybrid,text_needs_scope_review,en,711,711,225,337,True,1127
60602,Petrorhagia dubia,species,taxon_matched_text,en,1972,743,195,283,True,1073
64239,Stuckenia pectinata,species,taxon_matched_text,en,1434,1434,364,514,True,1304
71170,Ranunculus ophioglossifolius,species,taxon_matched_text,en,2693,1358,507,648,True,1438
77221,Gamochaeta pensylvanica,species,taxon_matched_text,en,2516,1147,175,277,True,1067
78087,Modiola caroliniana,species,taxon_matched_text,pt,2726,1289,280,447,True,1237
78265,Opuntia leucotricha,species,taxon_matched_text,en,530,530,144,265,True,1055
78453,Persicaria hydropiperoides,species,taxon_matched_text,en,3053,1646,302,423,True,1213
129054,Tulipa gesneriana,species,taxon_matched_text,en,3751,3751,766,968,True,1758
130302,Polygala serpyllifolia,species,taxon_matched_text,en,1495,176,55,157,True,947
135362,Agathis robusta,species,taxon_matched_text,en,3993,3993,1482,1742,True,2532
181791,Melianthus major,species,taxon_matched_text,en,1030,1030,245,348,True,1138
183033,Hildenbrandia rubra,species,taxon_matched_text,en,1258,1258,491,617,True,1407
183438,Exaculum pusillum,species,taxon_matched_text,pt,1795,1195,239,408,True,1198
204339,Lamium galeobdolon,species,taxon_matched_text,en,14770,13410,3549,3926,True,4716
322318,Euphorbia trigona,species,taxon_matched_text,en,967,967,368,503,True,1293
338360,Paradisea lusitanica,species,taxon_matched_text,es,1449,1449,683,862,True,1652
341996,Pterocephalidium diandrum,species,taxon_matched_text,pt,1544,1271,273,450,True,1240
344257,Strobilanthes maculata,species,taxonomy_only,,0,0,0,45,False,835
492012,Rumex thyrsoides,species,taxon_matched_text,pt,1232,1232,241,413,True,1203
508893,Lavandula pinnata,species,taxon_matched_text,en,2483,1278,247,351,True,1141
738785,Veronica × franciscana,hybrid,taxonomy_only,,0,0,0,41,False,831
861344,Rumex simpliciflorus,species,taxon_matched_text,pt,1368,1368,318,468,True,1258
56015,Tamarix ramosissima,species,taxon_matched_text,en,7298,3497,733,899,True,1689
68317,Pentas lanceolata,species,taxon_matched_text,en,2425,1249,299,397,True,1187
78882,Rosa multiflora,species,taxon_matched_text,en,3756,2552,849,1028,True,1818
82679,Argyrolobium zanonii,species,taxon_matched_text,en,2053,676,225,374,True,1164
130193,Ipomoea imperati,species,taxon_matched_text,en,1944,611,168,276,True,1066
144018,Delosperma cooperi,species,taxon_matched_text,en,1671,1671,872,1041,True,1831
181684,Populus × canadensis,hybrid,taxon_matched_text,en,2568,2568,780,913,True,1703
207836,Gagea bohemica,species,taxon_matched_text,en,2107,2107,288,397,True,1187
338631,Coronilla juncea,species,taxon_matched_text,pt,1220,1220,261,432,True,1222
342010,Odontitella virgata,species,taxon_matched_text,pt,1523,1269,257,429,True,1219
431150,Iochroma cyaneum,species,taxon_matched_text,de,1555,1555,652,824,True,1614
450675,Eurhynchium striatum,species,taxon_matched_text,en,191,191,30,134,True,924
468769,Suaeda albescens,species,taxon_matched_text,en,1686,495,67,164,True,954
771686,Rhaponticoides fraylensis,species,taxonomy_only,,0,0,0,49,False,839
1377227,Festuca ambigua,species,text_needs_scope_review,es,1333,1333,651,850,True,1640
48523,Symphoricarpos albus,species,taxon_matched_text,en,3569,2261,973,1179,True,1969
52405,Linaria maroccana,species,taxon_matched_text,en,935,935,259,375,True,1165
54919,Cucumis sativus,species,text_needs_scope_review,en,15603,11468,2882,3400,True,4190
55021,Arabidopsis thaliana,species,taxon_matched_text,en,31522,25906,6803,7588,True,8378
55366,Fragaria × ananassa,hybrid,text_needs_scope_review,en,18093,14345,3624,4269,True,5059
55752,Valerianella locusta,species,taxon_matched_text,pt,3062,515,318,489,True,1279
56229,Arnica montana,species,taxon_matched_text,en,6909,5669,1851,2182,True,2972
69931,Agrostis stolonifera,species,taxon_matched_text,en,5967,3964,1095,1324,True,2114
76067,Carex leporina,species,taxon_matched_text,en,1779,524,106,190,True,980
77259,Geranium pyrenaicum,species,taxon_matched_text,en,1553,354,84,184,True,974
78976,Salvinia molesta,species,taxon_matched_text,en,6016,5384,2444,2792,True,3582
122869,Cucurbita moschata,species,taxon_matched_text,en,3682,3253,817,962,True,1752
165998,Oxymitra incrassata,species,taxonomy_only,,0,0,0,43,False,833
169522,Taeniatherum caput-medusae,species,taxon_matched_text,pt,7950,1392,300,483,True,1273
170331,Wisteria floribunda,species,taxon_matched_text,en,3765,3765,1167,1297,True,2087
193056,Gratiola linifolia,species,taxon_matched_text,pt,1205,1205,269,450,True,1240
425163,Potamogeton schweinfurthii,species,taxon_matched_text,pt,1717,1717,611,862,True,1652
513566,Glossopappus macrotus,species,taxon_matched_text,pt,2284,1308,257,412,True,1202
513581,Leucanthemum sylvaticum,species,taxon_matched_text,pt,1471,1471,315,502,True,1292
584095,Dolichandra unguis-cati,species,taxon_matched_text,en,4137,2910,712,870,True,1660
776659,Sesamoides suffruticosa,species,taxon_matched_text,pt,1386,1386,345,510,True,1300
876502,Romulea clusiana,species,text_needs_scope_review,es,3658,3658,2676,2924,True,3714
1232983,Oeosporangium acrosticum,species,text_needs_scope_review,en,360,360,106,231,True,1021
1502494,Serapias occidentalis,species,taxonomy_only,,0,0,0,42,False,832
1591063,Camphora officinarum,species,taxon_matched_text,en,7888,4974,1445,1740,True,2530
52971,Epilobium brachycarpum,species,taxon_matched_text,en,824,824,195,289,True,1079
76444,Coreopsis lanceolata,species,taxon_matched_text,en,4037,2824,816,976,True,1766
78355,Paronychia echinulata,species,taxon_matched_text,pt,1353,1353,315,479,True,1269
79432,Trifolium striatum,species,taxon_matched_text,en,1409,243,33,122,True,912
117829,Lithothamnion,genus,taxon_matched_text,en,2887,2049,906,1035,True,1825
129446,Honckenya peploides,species,taxon_matched_text,pt,3947,1217,266,434,True,1224
162826,Euphorbia graminea,species,taxon_matched_text,en,578,578,80,169,True,959
197011,Littorella uniflora,species,taxon_matched_text,en,2015,767,299,458,True,1248
201458,Ficus lyrata,species,taxon_matched_text,en,3336,1680,482,637,True,1427
204393,Prunus insititia,species,taxon_matched_text,pt,4498,4498,1482,1968,True,2758
204746,Agave salmiana,species,taxon_matched_text,en,1823,1823,558,725,True,1515
322847,Antirrhinum meonanthum,species,taxon_matched_text,pt,1355,1355,282,458,True,1248
333944,Juncus tenageia,species,taxon_matched_text,en,2098,757,157,257,True,1047
337787,Pulicaria microcephala,species,taxon_matched_text,en,1252,978,474,638,True,1428
338063,Juncus heterophyllus,species,taxon_matched_text,en,344,344,20,109,True,899
338840,Lamium bifidum,species,taxon_matched_text,en,5125,3905,687,865,True,1655
342960,Ammi trifoliatum,species,taxon_matched_text,en,3145,309,52,139,True,929
740963,Scrophularia hirta,species,taxon_matched_text,pt,1307,1307,257,427,True,1217
957455,Jasione blepharodon,species,taxonomy_only,,0,0,0,45,False,835
1095771,Oeosporangium hispanicum,species,taxonomy_only,,0,0,0,50,False,840
1441018,Phyllosiphon ari,species,taxonomy_only,,0,0,0,44,False,834
1459742,Carex pairae,species,taxon_matched_text,en,475,475,124,223,True,1013
49666,Taxodium distichum,species,taxon_matched_text,en,12163,9757,4181,4665,True,5455
59986,Monotropa hypopitys,species,taxon_matched_text,en,4850,3575,1082,1293,True,2083
60265,Asparagus officinalis,species,taxon_matched_text,pt,14161,1285,714,884,True,1674
70022,Pandanus utilis,species,taxon_matched_text,en,4270,3464,1283,1487,True,2277
75398,Amaranthus powellii,species,taxon_matched_text,en,497,497,189,299,True,1089
76664,Diplotaxis muralis,species,taxon_matched_text,en,3224,1931,727,914,True,1704
78126,Muehlenbeckia complexa,species,taxon_matched_text,en,4025,2750,924,1122,True,1912
78270,Opuntia robusta,species,taxon_matched_text,en,1027,1027,395,540,True,1330
79501,Vicia bithynica,species,taxon_matched_text,en,2381,2381,773,990,True,1780
83653,Rosa rugosa,species,taxon_matched_text,en,4204,4204,1708,1959,True,2749
123572,Cordyline fruticosa,species,taxon_matched_text,en,10145,10145,3373,3748,True,4538
203760,Salicornia europaea,species,taxon_matched_text,en,3567,2982,723,937,True,1727
327563,Ulva clathrata,species,taxon_matched_text,en,1252,1252,320,442,True,1232
336344,Artemisia verlotiorum,species,taxon_matched_text,en,2489,1191,307,437,True,1227
341992,Fumana laevipes,species,taxon_matched_text,en,1577,358,112,209,True,999
577654,Haworthiopsis attenuata,species,taxon_matched_text,en,1421,1421,597,738,True,1528
862500,Ornithogalum bourgaeanum,species,taxonomy_only,,0,0,0,49,False,839
869962,Kroenleinia grusonii,species,taxon_matched_text,en,4598,3221,1343,1544,True,2334
873768,Nicotiana tabacum,species,taxon_matched_text,en,11259,7506,3279,3708,True,4498
874179,Carex reuteriana,species,taxonomy_only,,0,0,0,41,False,831
918087,Breutelia azorica,species,taxonomy_only,,0,0,0,43,False,833
52328,Amaranthus cruentus,species,taxon_matched_text,en,1977,1977,626,799,True,1589
56224,Caltha palustris,species,taxon_matched_text,en,7890,6702,3418,3834,True,4624
58369,Bromus tectorum,species,taxon_matched_text,en,14533,11631,4210,4632,True,5422
59948,Chasmanthe bicolor,species,taxon_matched_text,en,227,227,17,104,True,894
60476,Armeria maritima,species,taxon_matched_text,en,10636,4140,1471,1761,True,2551
76487,Crupina vulgaris,species,taxon_matched_text,en,3296,2066,642,767,True,1557
77219,Gamochaeta calviceps,species,taxon_matched_text,en,2112,830,223,334,True,1124
126165,Alocasia macrorrhizos,species,taxon_matched_text,en,5517,3369,764,935,True,1725
159600,Bunias erucago,species,taxon_matched_text,pt,1230,1230,248,419,True,1209
189318,Anthyllis lemanniana,species,taxon_matched_text,pt,1336,1336,285,417,True,1207
204744,Phoenix roebelenii,species,taxon_matched_text,en,1667,1191,422,568,True,1358
208910,Groenlandia densa,species,taxon_matched_text,pt,2356,1559,595,846,True,1636
336390,Doronicum plantagineum,species,taxon_matched_text,en,2483,1019,260,392,True,1182
371794,Brugmansia insignis,species,taxon_matched_text,en,1458,872,244,363,True,1153
447882,Spiranthes aestivalis,species,taxon_matched_text,en,1557,570,67,168,True,958
594639,Spergularia bocconei,species,taxon_matched_text,en,2521,1200,323,428,True,1218
775927,Juncus emmanuelis,species,taxon_matched_text,unspecified,266,266,266,384,True,1174
792545,Quercus × coutinhoi,hybrid,taxonomy_only,,0,0,0,44,False,834
966205,Alnus glutinosa,species,taxon_matched_text,en,10262,8841,3677,4110,True,4900
1121989,Alleniella complanata,species,taxon_matched_text,en,514,514,43,130,True,920
1149995,Armeria humilis,species,taxon_matched_text,pt,1332,1332,319,470,True,1260
58102,Herniaria hirsuta,species,taxon_matched_text,en,2001,730,162,259,True,1049
67949,Dicranoweisia cirrata,species,taxonomy_only,,0,0,0,43,False,833
77288,Glyceria declinata,species,taxon_matched_text,pt,1269,1269,295,473,True,1263
79032,Sedum praealtum,species,taxon_matched_text,en,2137,829,316,452,True,1242
118795,Serratula tinctoria,species,taxon_matched_text,en,2495,1195,583,808,True,1598
129523,Hoya carnosa,species,taxon_matched_text,en,2833,2500,803,1015,True,1805
135229,Buglossoides arvensis,species,taxon_matched_text,en,3397,2065,733,875,True,1665
165601,Myriophyllum alterniflorum,species,taxon_matched_text,en,3341,2002,1073,1262,True,2052
165948,Orthotrichum diaphanum,species,taxon_matched_text,de,1060,1060,303,417,True,1207
171131,Spiraea × vanhouttei,hybrid,taxon_matched_text,en,1479,1479,296,409,True,1199
284004,Sisyrinchium micranthum,species,taxon_matched_text,en,1098,1098,173,273,True,1063
336284,Scorzonera humilis,species,taxon_matched_text,en,2664,1334,209,368,True,1158
338115,Oenanthe fistulosa,species,taxon_matched_text,en,6437,5198,1874,2200,True,2990
343937,Drimiopsis maculata,species,taxon_matched_text,en,579,579,86,182,True,972
467577,Linaria munbyana,species,taxon_matched_text,pt,1221,1221,267,435,True,1225
706353,Cryptopleura ramosa,species,taxonomy_only,,0,0,0,43,False,833
734832,Petrosedum pruinatum,species,taxonomy_only,,0,0,0,45,False,835
861347,Sedum fusiforme,species,taxon_matched_text,pt,1259,1259,259,427,True,1217
897426,Noccaea perfoliata,species,taxon_matched_text,en,1268,1268,126,228,True,1018
1363872,Alchemilla microcarpa,species,taxon_matched_text,pt,1280,1280,186,304,True,1094
57066,Melilotus officinalis,species,taxon_matched_text,en,5349,2991,692,887,True,1677
61318,Arum maculatum,species,taxon_matched_text,en,7491,7491,1558,1873,True,2663
69626,Chrysosplenium oppositifolium,species,taxon_matched_text,en,2140,764,229,377,True,1167
127480,Stachys byzantina,species,taxon_matched_text,en,6929,3148,1239,1437,True,2227
145601,Fagopyrum esculentum,species,text_needs_scope_review,en,11563,10277,3029,3446,True,4236
147294,Ruta graveolens,species,taxon_matched_text,en,7829,6271,2313,2824,True,3614
159452,Briza media,species,taxon_matched_text,en,2545,1380,698,906,True,1696
167683,Racomitrium heterostichum,species,text_needs_scope_review,de,1300,1300,665,826,True,1616
199373,Livistona chinensis,species,taxon_matched_text,en,1939,1246,285,408,True,1198
208495,Carex paniculata,species,taxon_matched_text,en,1574,322,59,146,True,936
333953,Aristolochia pistolochia,species,taxon_matched_text,en,1972,731,192,309,True,1099
341804,Orobanche amethystea,species,text_needs_scope_review,de,1709,1709,632,803,True,1593
343002,Gaudinia coarctata,species,taxon_matched_text,pt,1250,1250,246,379,True,1169
514939,Limonium echioides,species,taxon_matched_text,pt,1559,1559,576,818,True,1608
748694,Filago carpetana,species,taxonomy_only,,0,0,0,39,False,829
829204,Platycapnos spicata,species,taxon_matched_text,pt,1253,1253,278,450,True,1240
1475180,Ranunculus henriquesii,species,taxon_matched_text,pt,1476,1476,529,772,True,1562
54141,Tragopogon porrifolius,species,taxon_matched_text,en,5497,5497,2216,2543,True,3333
55739,Viola tricolor,species,taxon_matched_text,en,10388,8942,3234,3801,True,4591
59051,Cyperus difformis,species,taxon_matched_text,en,2920,1597,246,352,True,1142
61381,Oryza sativa,species,taxon_matched_text,en,6897,6897,1064,1319,True,2109
68848,Veronica polita,species,taxon_matched_text,en,2769,1574,485,666,True,1456
75249,Acacia cyclops,species,taxon_matched_text,en,4346,3449,1044,1228,True,2018
75839,Bolboschoenus glaucus,species,taxon_matched_text,en,2532,1248,143,243,True,1033
79301,Symphyotrichum lanceolatum,species,taxon_matched_text,en,15165,15165,3974,4479,True,5269
118858,Narthecium ossifragum,species,taxon_matched_text,en,1967,1369,511,642,True,1432
126808,Prunus mahaleb,species,taxon_matched_text,en,5565,4325,1324,1548,True,2338
158029,Adonis annua,species,taxon_matched_text,en,2795,1439,602,807,True,1597
162214,Elaeagnus pungens,species,taxon_matched_text,en,1820,1820,792,949,True,1739
163819,Holmskioldia sanguinea,species,taxon_matched_text,de,3380,1450,585,746,True,1536
169056,Solanum citrullifolium,species,taxon_matched_text,en,1924,615,150,263,True,1053
324709,Myosotis stolonifera,species,taxon_matched_text,pt,1341,1341,313,494,True,1284
341995,Fuirena pubescens,species,taxon_matched_text,pt,1297,1297,297,449,True,1239
430498,Plectranthus fruticosus,species,taxon_matched_text,en,2187,879,185,306,True,1096
486176,Dianthus laricifolius,species,taxon_matched_text,pt,1477,1477,405,565,True,1355
491207,Trifolium isthmocarpum,species,taxon_matched_text,pt,1411,1411,291,470,True,1260
801794,Narcissus cuneiflorus,species,text_needs_scope_review,en,2543,1269,201,333,True,1123
1363874,Alchemilla australis,species,text_needs_scope_review,en,3394,3394,1163,1380,True,2170
1670162,Euphorbia vincentina,species,taxonomy_only,,0,0,0,46,False,836
55759,Silene dioica,species,taxon_matched_text,en,4432,3262,720,942,True,1732
58907,Melilotus albus,species,taxon_matched_text,en,7378,6066,2840,3262,True,4052
62212,Carex pseudocyperus,species,taxon_matched_text,en,1852,593,95,183,True,973
64342,Coffea arabica,species,taxon_matched_text,en,15191,13647,2814,3201,True,3991
78259,Onopordum acanthium,species,taxon_matched_text,en,7740,5986,2552,2894,True,3684
78817,Ranunculus aquatilis,species,taxon_matched_text,en,924,633,127,225,True,1015
79069,Setaria verticillata,species,taxon_matched_text,en,3342,1977,229,337,True,1127
120944,Ageratum houstonianum,species,taxon_matched_text,en,3509,2198,620,797,True,1587
132451,Tithonia diversifolia,species,taxon_matched_text,en,5918,3601,1469,1717,True,2507
133809,Philonotis fontana,species,taxon_matched_text,de,1459,1459,787,905,True,1695
157924,Achillea filipendulina,species,taxon_matched_text,en,2084,2084,601,781,True,1571
164333,Kalanchoe pinnata,species,taxon_matched_text,en,5565,5025,1455,1698,True,2488
167957,Rorippa amphibia,species,taxon_matched_text,en,1705,368,46,134,True,924
168277,Saccharum spontaneum,species,taxon_matched_text,en,2901,1830,95,188,True,978
319281,Fraxinus ornus,species,taxon_matched_text,en,2486,1945,578,761,True,1551
322012,Iris japonica,species,taxon_matched_text,en,9624,7973,3428,3964,True,4754
334198,Plumbago europaea,species,taxon_matched_text,en,1785,467,46,140,True,930
334574,Cephalaria leucantha,species,taxon_matched_text,en,2060,853,198,317,True,1107
335043,Ranunculus tripartitus,species,taxon_matched_text,en,4307,3110,1392,1593,True,2383
337814,Cornus capitata,species,taxon_matched_text,en,961,961,314,472,True,1262
338346,Convolvulus siculus,species,taxon_matched_text,en,1771,403,119,221,True,1011
341589,Ononis cintrana,species,taxon_matched_text,pt,1253,1253,251,414,True,1204
405011,Plectranthus ciliatus,species,taxon_matched_text,en,712,712,117,206,True,996
472836,Arachniodes webbiana,species,taxon_matched_text,pt,1329,1329,336,504,True,1294
512218,Verbascum levanticum,species,taxon_matched_text,pt,1246,1246,260,430,True,1220
700642,Torilis africana,species,text_needs_scope_review,es,1033,1033,524,701,True,1491
857006,Iris × hybrida,hybrid,taxonomy_only,,0,0,0,42,False,832
884852,Gazania × splendens,hybrid,text_needs_scope_review,en,4122,2834,984,1167,True,1957
1414675,Carex laevicaulis,species,taxonomy_only,,0,0,0,43,False,833
1552744,Myosotis dubia,species,taxon_matched_text,en,649,649,162,260,True,1050
55830,Glechoma hederacea,species,taxon_matched_text,en,8583,5585,2157,2459,True,3249
59076,Lemna minuta,species,taxon_matched_text,en,984,984,212,314,True,1104
76585,Cyperus flavescens,species,taxon_matched_text,en,2264,2264,193,303,True,1093
82569,Thelypteris palustris,species,taxon_matched_text,en,2835,2835,352,486,True,1276
82661,Matthiola fruticulosa,species,taxon_matched_text,en,2949,1134,46,133,True,923
122711,Dodonaea viscosa,species,taxon_matched_text,en,11400,6148,2403,2696,True,3486
128167,Paeonia officinalis,species,taxon_matched_text,en,5994,2521,847,1075,True,1865
129734,Fumaria bastardii,species,taxon_matched_text,en,1582,372,97,195,True,985
136150,Cedrus libani,species,taxon_matched_text,en,13155,10779,3455,3880,True,4670
159949,Carex extensa,species,taxon_matched_text,en,1484,278,34,116,True,906
181671,Agrostis castellana,species,taxon_matched_text,en,2946,1624,72,156,True,946
321137,Hakea sericea,species,taxon_matched_text,en,2529,1921,677,826,True,1616
323000,Erysimum nevadense,species,taxon_matched_text,en,3283,3283,1088,1217,True,2007
327780,Plectranthus verticillatus,species,taxon_matched_text,en,2733,2291,703,867,True,1657
333989,Veronica anagalloides,species,taxon_matched_text,pt,1276,1276,283,435,True,1225
342999,Huperzia suberecta,species,taxon_matched_text,pt,441,441,208,330,True,1120
438589,Echinopsis oxygona,species,taxon_matched_text,en,2928,2928,740,899,True,1689
497847,Genista hystrix,species,taxon_matched_text,pt,1146,1146,251,407,True,1197
711783,Antirrhinum onubense,species,taxon_matched_text,pt,1297,1297,255,429,True,1219
733722,Leucadendron laureolum × salignum,hybrid,taxonomy_only,,0,0,0,50,False,840
750904,Parietaria mauritanica,species,taxon_matched_text,pt,1274,1274,257,431,True,1221
1252136,Serapias × ambigua,hybrid,taxonomy_only,,0,0,0,45,False,835
1262635,Pseudisothecium myosuroides,species,text_needs_scope_review,en,417,417,108,198,True,988
1471431,Cynanchica aristata,species,taxon_matched_text,en,2204,922,359,481,True,1271
53307,Cerastium fontanum,species,taxon_matched_text,en,1585,1092,458,605,True,1395
62020,Filipendula vulgaris,species,taxon_matched_text,en,3276,1963,439,577,True,1367
78267,Opuntia microdasys,species,taxon_matched_text,en,1758,1758,361,538,True,1328
135790,Pinus nigra,species,taxon_matched_text,en,6788,5867,2689,3017,True,3807
162151,Dumortiera hirsuta,species,taxon_matched_text,es,556,556,280,418,True,1208
199382,Gracilaria vermiculophylla,species,taxonomy_only,,0,0,0,47,False,837
335909,Viola suavis,species,taxon_matched_text,pt,1174,1174,250,413,True,1203
341583,Artemisia caerulescens,species,taxon_matched_text,pt,31119,1502,361,515,True,1305
342982,Sanicula azorica,species,taxon_matched_text,en,936,548,151,256,True,1046
411089,Metrosideros collina,species,taxon_matched_text,en,1566,1566,582,773,True,1563
431279,Markhamia lutea,species,taxon_matched_text,en,1247,907,200,284,True,1074
486109,Dianthus ferrugineus,species,text_needs_scope_review,es,1580,1580,929,1124,True,1914
515186,Allium litardierei,species,taxon_matched_text,en,712,712,110,209,True,999
517565,Ranunculus gregarius,species,taxon_matched_text,pt,1269,1269,244,413,True,1203
543094,Lomentaria articulata,species,taxonomy_only,,0,0,0,40,False,830
878762,Armeria linkiana,species,taxon_matched_text,pt,1258,1258,254,423,True,1213
914993,Fagopyrum cymosum,species,taxon_matched_text,en,1073,1073,99,198,True,988
1100560,Nasturtium × sterile,hybrid,taxonomy_only,,0,0,0,43,False,833
1287687,Ononis dentata,species,taxon_matched_text,pt,1506,1506,656,853,True,1643
48252,Thuja plicata,species,taxon_matched_text,en,21187,20758,7385,8164,True,8954
53806,Chrysanthemum × morifolium,hybrid,taxon_matched_text,en,5781,5781,2490,2852,True,3642
56420,Riccia sorocarpa,species,text_needs_scope_review,de,1733,1733,850,986,True,1776
78236,Nymphaea mexicana,species,taxon_matched_text,en,4672,3774,587,809,True,1599
84278,Helianthemum nummularium,species,taxon_matched_text,en,3041,1707,369,570,True,1360
119805,Ligustrum vulgare,species,taxon_matched_text,en,3347,2558,631,805,True,1595
123728,Cymbopogon citratus,species,taxon_matched_text,en,6917,5203,1304,1630,True,2420
136109,Encephalartos horridus,species,taxon_matched_text,en,1925,1925,816,975,True,1765
164130,Iris orientalis,species,taxon_matched_text,en,7292,7292,2150,2744,True,3534
165363,Metzgeria furcata,species,taxon_matched_text,en,766,766,300,420,True,1210
273822,Costus comosus,species,taxon_matched_text,en,1014,1014,169,283,True,1073
334772,Corymbia citriodora,species,taxon_matched_text,en,10420,3498,988,1173,True,1963
335681,Clematis cirrhosa,species,taxon_matched_text,en,3842,654,93,191,True,981
343971,Brunfelsia pauciflora,species,taxon_matched_text,en,3100,3100,1491,1719,True,2509
461287,Asterella africana,species,taxonomy_only,,0,0,0,41,False,831
462181,Hedera iberica,species,taxon_matched_text,en,609,609,274,383,True,1173
495238,Salix × fragilis,hybrid,taxon_matched_text,en,5355,5355,1239,1410,True,2200
495276,Lomelosia stellata,species,taxon_matched_text,en,1951,790,116,204,True,994
525530,Rubus vigoi,species,taxon_matched_text,pt,1198,1198,252,417,True,1207
564872,Asplenium lolegnamense,species,taxonomy_only,,0,0,0,43,False,833
1553405,Heteranthemis viscide-hirta,species,text_needs_scope_review,en,583,583,194,280,True,1070
55844,Vinca minor,species,taxon_matched_text,en,4016,3451,923,1173,True,1963
56061,Alliaria petiolata,species,taxon_matched_text,en,6815,6164,1667,1908,True,2698
77238,Genista linifolia,species,taxon_matched_text,en,559,559,167,273,True,1063
79021,Secale cereale,species,text_needs_scope_review,en,17754,13118,3256,3839,True,4629
129407,Dietes iridioides,species,taxon_matched_text,en,1104,830,321,474,True,1264
135327,Phlomis fruticosa,species,taxon_matched_text,en,2419,1156,273,423,True,1213
159463,Bromus lanceolatus,species,taxon_matched_text,en,1975,1003,90,177,True,967
162761,Eucalyptus robusta,species,taxon_matched_text,en,7516,6112,2441,2694,True,3484
169330,Stellaria alsine,species,taxon_matched_text,en,2575,1385,407,531,True,1321
192902,Genista ancistrocarpa,species,taxon_matched_text,pt,1267,1267,252,424,True,1214
323840,Myoporum insulare,species,taxon_matched_text,en,3952,2737,605,759,True,1549
342977,Echinodium renauldii,species,taxon_matched_text,pt,580,580,326,475,True,1265
367277,Zamioculcas zamiifolia,species,taxon_matched_text,es,8690,1173,686,874,True,1664
403427,Leucanthemum ircutianum,species,taxon_matched_text,en,3746,2365,770,978,True,1768
418739,Marcetella maderensis,species,taxon_matched_text,pt,681,681,463,633,True,1423
451067,Astragalus hamosus,species,taxon_matched_text,en,1525,362,96,194,True,984
568263,Tillandsia bergeri,species,taxon_matched_text,en,613,613,54,162,True,952
622989,Imbribryum alpinum,species,taxonomy_only,,0,0,0,44,False,834
714955,Gladiolus × hortulanus,hybrid,text_needs_scope_review,de,1760,1760,1262,1465,True,2255
739577,Bystropogon punctatus,species,taxon_matched_text,pt,1088,1088,554,754,True,1544
773038,Sporobolus schoenoides,species,taxon_matched_text,en,1966,737,141,231,True,1021
775627,Cirsium welwitschii,species,taxon_matched_text,pt,2658,2658,1292,1579,True,2369
1071075,Ahnfeltiopsis devoniensis,species,taxonomy_only,,0,0,0,48,False,838
1144115,Pterosiphonia complanata,species,taxonomy_only,,0,0,0,46,False,836
1498672,Tortella tortuosa,complex,taxon_matched_text,de,1182,1182,529,689,True,1479
54762,Acer saccharinum,species,taxon_matched_text,en,4833,4046,1601,1855,True,2645
55607,Senecio inaequidens,species,taxon_matched_text,en,2882,2882,562,753,True,1543
62809,Ceiba pentandra,species,taxon_matched_text,en,9020,6082,1846,2152,True,2942
68543,Plantago maritima,species,taxon_matched_text,en,3090,1775,452,581,True,1371
76158,Catalpa speciosa,species,taxon_matched_text,en,2111,2111,1158,1383,True,2173
117435,Sicyos angulatus,species,taxon_matched_text,en,1621,1621,786,935,True,1725
144277,Silene foetida,species,taxon_matched_text,pt,1271,1271,275,423,True,1213
159587,Buddleja madagascariensis,species,taxon_matched_text,en,1774,1774,545,709,True,1499
165660,Nassella tenuissima,species,taxon_matched_text,en,1864,1864,583,775,True,1565
200061,Ophiopogon japonicus,species,taxon_matched_text,en,1648,1015,487,607,True,1397
200071,Citrus trifoliata,species,text_needs_scope_review,en,5653,5398,1281,1533,True,2323
276072,Sedum morganianum,species,taxon_matched_text,en,1485,1485,548,685,True,1475
319675,Erodium chium,species,taxon_matched_text,en,1703,380,86,186,True,976
320048,Kalanchoe beharensis,species,taxon_matched_text,en,3785,3472,1516,1702,True,2492
325561,Euphorbia nicaeensis,species,taxon_matched_text,en,2039,595,213,333,True,1123
338380,Carex binervis,species,taxon_matched_text,en,4850,3656,1489,1685,True,2475
342056,Argyranthemum haematomma,species,taxon_matched_text,pt,647,647,415,577,True,1367
342128,Viola paradoxa,species,taxon_matched_text,pt,1206,1206,258,384,True,1174
345244,Cladophora glomerata,species,taxonomy_only,,0,0,0,45,False,835
348088,Dicranum scottianum,species,taxonomy_only,,0,0,0,43,False,833
363514,Dianthus hyssopifolius,species,taxon_matched_text,en,2612,1241,164,278,True,1068
371866,Herniaria ciliolata,species,taxon_matched_text,pt,1289,1289,269,421,True,1211
406589,Tradescantia cerinthoides,species,taxon_matched_text,en,419,419,95,184,True,974
424482,Plantago algarbiensis,species,taxon_matched_text,pt,1649,1649,600,843,True,1633
580226,Aristaloe aristata,species,text_needs_scope_review,en,2335,1787,574,750,True,1540
1428092,Protea × hybrida,hybrid,taxonomy_only,,0,0,0,44,False,834
1428093,Leucospermum × hybridum,hybrid,taxonomy_only,,0,0,0,47,False,837
1453843,Festuca lachenalii,species,taxon_matched_text,es,2926,2926,2320,2549,True,3339
1473992,Ammi seubertianum,species,taxon_matched_text,pt,2743,2743,1263,1493,True,2283
1588191,Erythrina afra,species,taxon_matched_text,en,1669,1669,357,542,True,1332
63337,Phalaris arundinacea,species,taxon_matched_text,en,3980,3312,689,878,True,1668
64234,Carthamus creticus,species,taxon_matched_text,en,622,622,83,181,True,971
75292,Aegilops neglecta,species,taxon_matched_text,en,1750,484,24,113,True,903
81895,Neottia nidus-avis,species,taxon_matched_text,en,2541,2541,663,914,True,1704
84328,Galium verum,species,taxon_matched_text,en,3937,2719,789,956,True,1746
120507,Euphorbia marginata,species,taxon_matched_text,en,1077,1077,191,328,True,1118
125790,Spiraea japonica,species,taxon_matched_text,en,1835,1835,607,798,True,1588
126332,Wigandia urens,species,taxon_matched_text,en,2914,2914,663,823,True,1613
126710,Magnolia stellata,species,taxon_matched_text,en,4444,2917,999,1204,True,1994
127581,Porphyra umbilicalis,species,taxon_matched_text,en,2796,1063,183,284,True,1074
332314,Cressa cretica,species,taxon_matched_text,en,2251,1076,416,540,True,1330
335091,Kalanchoe tomentosa,species,taxon_matched_text,en,4359,3298,1557,1823,True,2613
355819,Vallisneria spiralis,species,taxon_matched_text,en,1738,1738,765,962,True,1752
358834,Campsis grandiflora,species,taxon_matched_text,en,1858,1201,567,755,True,1545
363597,Senecio tamoides,species,taxon_matched_text,en,4400,4400,1433,1695,True,2485
372275,Platanthera azorica,species,taxon_matched_text,en,2015,1511,643,801,True,1591
400464,Carex riparia,species,taxon_matched_text,en,2857,1631,677,829,True,1619
402072,Gladiolus undulatus,species,taxon_matched_text,en,194,194,17,103,True,893
472077,Lantana × hybrida,hybrid,taxonomy_only,,0,0,0,43,False,833
485732,Bellevalia trifoliata,species,taxon_matched_text,unspecified,365,365,365,483,True,1273
733700,Leucospermum cordifolium × patersonii,hybrid,taxonomy_only,,0,0,0,50,False,840
773004,Sporobolus pumilus,species,taxon_matched_text,en,2064,2064,749,897,True,1687
985381,Mesophyllum lichenoides,species,taxon_matched_text,pt,1658,1658,714,863,True,1653
53219,Salvia hispanica,species,taxon_matched_text,en,7882,4877,1798,2095,True,2885
57078,Trifolium hirtum,species,taxon_matched_text,en,2937,791,441,582,True,1372
79124,Sisymbrium erysimoides,species,taxon_matched_text,en,3753,1124,409,547,True,1337
119793,Pyrus calleryana,species,taxon_matched_text,en,5984,5984,2129,2435,True,3225
125396,Aspidistra elatior,species,taxon_matched_text,en,2347,2347,639,810,True,1600
159407,Brachythecium rutabulum,species,text_needs_scope_review,de,941,941,375,531,True,1321
160818,Commelina diffusa,species,taxon_matched_text,en,5095,3868,1745,1942,True,2732
167973,Rorippa sylvestris,species,taxon_matched_text,en,1808,506,67,156,True,946
170271,Vitex agnus-castus,species,taxon_matched_text,en,8806,5719,1807,2095,True,2885
189766,Berberis maderensis,species,text_needs_scope_review,pt,642,642,399,570,True,1360
246053,Sedum pachyphyllum,species,taxon_matched_text,en,2178,2178,559,711,True,1501
288466,Montanoa bipinnatifida,species,taxon_matched_text,es,1519,1519,1122,1301,True,2091
321635,Convolvulus meonanthus,species,taxon_matched_text,pt,1334,1334,286,462,True,1252
333927,Centaurea sphaerocephala,species,taxon_matched_text,en,1842,314,25,126,True,916
338355,Peucedanum lancifolium,species,taxon_matched_text,pt,959,959,595,798,True,1588
338627,Asplenium petrarchae,species,taxon_matched_text,en,647,647,365,505,True,1295
343016,Agrostis congestiflora,species,taxon_matched_text,pt,962,962,193,311,True,1101
367208,Iris unguicularis,species,taxon_matched_text,en,1459,1459,333,442,True,1232
489081,Paragymnopteris marantae,species,taxonomy_only,,0,0,0,49,False,839
514652,Silene nocturna,species,taxon_matched_text,en,1398,244,113,208,True,998
533060,Diphasiastrum madeirense,species,taxon_matched_text,pt,913,913,511,664,True,1454
596003,Vicia eriocarpa,species,taxon_matched_text,pt,1208,1208,254,423,True,1213
772990,Sporobolus montevidensis,species,taxon_matched_text,en,1116,1116,390,500,True,1290
1027504,Ceramium ciliatum,species,taxon_matched_text,en,545,545,196,315,True,1105
1123491,Pulvigera lyellii,species,text_needs_scope_review,en,1808,1808,635,788,True,1578
1277867,Cormus domestica,species,taxon_matched_text,en,7359,6689,1632,1887,True,2677
1434606,Centaurea susannae,species,taxonomy_only,,0,0,0,46,False,836
57188,Phalaris aquatica,species,taxon_matched_text,en,3602,2349,602,803,True,1593
60308,Polypogon maritimus,species,taxon_matched_text,en,1947,389,110,198,True,988
76581,Cynosurus cristatus,species,taxon_matched_text,en,2189,881,385,590,True,1380
76662,Dimorphotheca sinuata,species,taxon_matched_text,en,1199,1199,145,242,True,1032
78906,Rumex palustris,species,taxon_matched_text,en,2252,2252,444,615,True,1405
79067,Setaria faberi,species,taxon_matched_text,en,1865,645,224,328,True,1118
126404,Araucaria araucana,species,taxon_matched_text,en,10672,9637,2365,2687,True,3477
126887,Berberis aquifolium,species,taxon_matched_text,en,4727,4727,1352,1664,True,2454
133366,Cotinus coggygria,species,taxon_matched_text,en,1795,1795,554,746,True,1536
164283,Juncus subnodulosus,species,taxon_matched_text,en,503,503,113,223,True,1013
168594,Schistostega pennata,species,taxon_matched_text,pt,3460,1732,980,1157,True,1947
169540,Talinum paniculatum,species,taxon_matched_text,en,3133,1667,444,596,True,1386
169941,Trichostomum brachydontium,species,taxonomy_only,,0,0,0,44,False,834
203019,Sisymbrella aspera,species,taxon_matched_text,pt,1315,1315,297,448,True,1238
245990,Teucrium scordium,species,taxon_matched_text,en,1666,489,53,168,True,958
276548,Chrysalidocarpus lutescens,species,taxon_matched_text,en,3738,3060,1068,1288,True,2078
335047,Callitriche brutia,species,taxon_matched_text,en,2751,1494,659,837,True,1627
338382,Umbilicus heylandianus,species,taxon_matched_text,pt,1324,1324,306,481,True,1271
338706,Crambe hispanica,species,taxon_matched_text,pt,1261,1261,264,434,True,1224
338711,Erica andevalensis,species,taxon_matched_text,en,2003,779,345,498,True,1288
430981,Eriocephalus africanus,species,taxon_matched_text,en,1197,1197,451,588,True,1378
431622,Kleinia fulgens,species,taxon_matched_text,en,1173,1173,267,391,True,1181
465124,Teucrium polium,species,taxon_matched_text,en,719,454,94,190,True,980
467565,Iberis pectinata,species,taxon_matched_text,pt,1298,1298,268,439,True,1229
586079,Furcraea selloana,species,taxon_matched_text,de,1567,1567,629,787,True,1577
588322,Kumara plicatilis,species,taxon_matched_text,en,3560,2640,1205,1421,True,2211
747464,Teucrium lusitanicum,species,taxon_matched_text,pt,1183,1183,131,251,True,1041
800897,Dracaena sanderiana,species,taxon_matched_text,en,2104,2104,626,743,True,1533
840159,Arenaria emarginata,species,taxon_matched_text,pt,1259,1259,267,419,True,1209
902552,Marcus-kochia ramosissima,species,taxonomy_only,,0,0,0,43,False,833
950312,Eriocapitella hupehensis,species,taxon_matched_text,en,4324,4324,1271,1535,True,2325
54854,Tilia americana,species,taxon_matched_text,en,4791,4791,2134,2457,True,3247
55441,Onobrychis viciifolia,species,taxon_matched_text,en,5587,4189,930,1104,True,1894
55717,Teucrium chamaedrys,species,taxon_matched_text,en,3014,1877,635,791,True,1581
55823,Draba verna,species,taxon_matched_text,en,4332,4332,1611,1837,True,2627
61058,Aira praecox,species,taxon_matched_text,en,2103,879,213,317,True,1107
76445,Coreopsis tinctoria,species,text_needs_scope_review,en,3332,3332,1121,1387,True,2177
76587,Cyperus fuscus,species,taxon_matched_text,en,4234,2969,484,620,True,1410
78164,Najas marina,species,taxon_matched_text,en,3242,2058,527,662,True,1452
78829,Ranunculus parviflorus,species,taxon_matched_text,en,1905,549,218,329,True,1119
82667,Loeflingia baetica,species,taxon_matched_text,pt,1233,1233,259,434,True,1224
134205,Senna bicapsularis,species,taxon_matched_text,en,3554,2606,1094,1299,True,2089
142270,Narcissus scaberulus,species,taxon_matched_text,en,845,274,66,165,True,955
158223,Alstroemeria psittacina,species,taxon_matched_text,en,2784,1466,356,495,True,1285
161761,Deutzia scabra,species,taxon_matched_text,en,944,944,264,368,True,1158
165369,Mibora minima,species,taxon_matched_text,en,2101,924,178,292,True,1082
166766,Phyllostachys nigra,species,taxon_matched_text,en,2283,2014,379,539,True,1329
168884,Setaria palmifolia,species,taxon_matched_text,en,3319,2098,535,711,True,1501
181590,Cucurbita ficifolia,species,taxon_matched_text,en,6038,5102,1505,1836,True,2626
198885,Amelanchier ovalis,species,taxon_matched_text,en,6121,3493,1073,1296,True,2086
320319,Cereus repandus,species,taxon_matched_text,en,1065,1065,398,535,True,1325
327664,Cereus hildmannianus,species,taxon_matched_text,en,4318,2172,670,833,True,1623
336494,Fuchsia coccinea,species,taxon_matched_text,en,942,448,15,101,True,891
338703,Marsilea batardae,species,taxon_matched_text,es,945,945,549,694,True,1484
343817,Citrus japonica,species,taxon_matched_text,en,2638,1322,67,161,True,951
356185,Damasonium bourgaei,species,taxon_matched_text,en,2787,1545,555,748,True,1538
359492,Tordylium maximum,species,taxon_matched_text,en,2267,1096,270,412,True,1202
401154,Crassula spathulata,species,taxon_matched_text,en,1793,488,169,311,True,1101
417328,Festuca elegans,species,taxon_matched_text,en,1453,246,48,131,True,921
436606,Juncus hybridus,species,taxon_matched_text,en,364,364,104,199,True,989
437977,Carex trinervis,species,taxon_matched_text,en,1784,575,110,214,True,1004
490215,Helianthemum aegyptiacum,species,taxon_matched_text,pt,1364,1364,285,461,True,1251
861350,Rubus serrae,species,text_needs_scope_review,en,1680,1680,446,600,True,1390
1278884,Coleus madagascariensis,species,taxon_matched_text,en,1717,1717,636,825,True,1615
1540464,Coronilla dura,species,taxonomy_only,,0,0,0,40,False,830
1600634,Tenarea tortuosa,species,text_needs_scope_review,pt,960,960,546,689,True,1479
48865,Cocos nucifera,species,text_needs_scope_review,en,37181,33418,9278,10624,True,11414
49569,Tillandsia usneoides,species,taxon_matched_text,pt,6992,1572,686,889,True,1679
51734,Physalis philadelphica,species,text_needs_scope_review,en,8892,7602,2894,3373,True,4163
55846,Salix caprea,species,taxon_matched_text,en,3716,2508,1052,1318,True,2108
57182,Hordeum vulgare,species,text_needs_scope_review,en,24760,21368,4709,5528,True,6318
59301,Ranunculus sceleratus,species,taxon_matched_text,en,2846,1683,417,541,True,1331
61090,Ruppia maritima,species,taxon_matched_text,en,3722,2387,491,640,True,1430
69150,Metasequoia glyptostroboides,species,taxon_matched_text,en,23451,11679,4155,4531,True,5321
69172,Pilea microphylla,species,taxon_matched_text,en,2990,1812,589,723,True,1513
75392,Amaranthus caudatus,species,taxon_matched_text,en,7370,4626,2183,2552,True,3342
76211,Centaurea diluta,species,taxon_matched_text,en,1597,333,46,134,True,924
76538,Cucumis melo,species,taxon_matched_text,en,8448,6468,1123,1348,True,2138
77509,Isatis tinctoria,species,taxon_matched_text,en,19519,6544,2138,2445,True,3235
77739,Ligustrum japonicum,species,taxon_matched_text,en,1865,1865,876,1013,True,1803
79311,Syzygium australe,species,taxon_matched_text,en,1425,1425,448,616,True,1406
118883,Porella platyphylla,species,taxon_matched_text,en,6566,6566,2812,3223,True,4013
124421,Fissidens bryoides,species,taxonomy_only,,0,0,0,43,False,833
127031,Rhizomnium punctatum,species,taxon_matched_text,en,720,720,218,337,True,1127
127514,Ficus religiosa,species,taxon_matched_text,en,6867,6155,2582,2961,True,3751
129732,Disphyma crassifolium,species,taxon_matched_text,en,2051,2051,621,751,True,1541
159649,Calepina irregularis,species,taxon_matched_text,pt,3346,2150,745,995,True,1785
167681,Racomitrium elongatum,species,text_needs_scope_review,de,1329,1329,650,771,True,1561
168412,Sanicula europaea,species,taxon_matched_text,en,3161,1700,338,502,True,1292
169432,Suaeda maritima,species,taxon_matched_text,en,2187,2187,465,628,True,1418
181862,Salix × pendulina,hybrid,text_needs_scope_review,en,5723,3862,1758,2114,True,2904
181890,Beta macrocarpa,species,taxon_matched_text,en,2131,1023,377,529,True,1319
276002,Sedum adolphi,species,taxon_matched_text,en,2111,1010,333,461,True,1251
319367,Erucastrum nasturtiifolium,species,taxon_matched_text,en,1704,241,33,140,True,930
331107,Bougainvillea × buttiana,hybrid,taxon_matched_text,en,784,784,185,299,True,1089
333937,Rumex scutatus,species,taxon_matched_text,en,1595,1595,185,290,True,1080
342126,Pittosporum coriaceum,species,taxon_matched_text,en,5110,368,67,172,True,962
345393,Gracilaria gracilis,species,taxonomy_only,,0,0,0,42,False,832
399449,Aira cupaniana,species,taxon_matched_text,en,1752,560,136,232,True,1022
406381,Syntrichia laevipila,species,taxonomy_only,,0,0,0,45,False,835
410766,Aechmea gamosepala,species,taxon_matched_text,en,1117,680,94,203,True,993
417197,Peyssonnelia squamaria,species,taxonomy_only,,0,0,0,41,False,831
425438,Centaurea occasus,species,taxon_matched_text,pt,1507,1507,503,745,True,1535
430914,Solanum abutiloides,species,taxon_matched_text,en,1385,1385,578,741,True,1531
431637,Sparrmannia africana,species,taxon_matched_text,en,917,917,286,413,True,1203
438446,Cynanchum acutum,species,taxon_matched_text,en,2123,878,65,162,True,952
447669,Aristolochia sempervirens,species,taxon_matched_text,en,421,421,132,251,True,1041
450891,Limonium binervosum,species,taxon_matched_text,en,1372,1372,575,787,True,1577
475566,Rosa pouzinii,species,taxon_matched_text,en,1575,389,89,185,True,975
502195,Musa basjoo,species,taxon_matched_text,en,2176,2176,774,930,True,1720
768555,Ammoides pusilla,species,taxon_matched_text,en,1566,357,86,180,True,970
770218,Iberodes kuzinskyana,species,taxonomy_only,,0,0,0,43,False,833
861357,Peucedanum lowei,species,taxon_matched_text,pt,1248,1248,244,412,True,1202
861403,Agrostis pourretii,species,taxon_matched_text,pt,2069,2069,345,526,True,1316
861809,Fissidens serrulatus,species,taxonomy_only,,0,0,0,45,False,835
1389510,Orchis × penzigiana,hybrid,taxonomy_only,,0,0,0,45,False,835
1566518,Sison segetum,species,text_needs_scope_review,de,2423,2423,917,1079,True,1869
55724,Symphytum officinale,species,taxon_matched_text,en,5506,4686,1477,1728,True,2518
57504,Ononis natrix,species,taxon_matched_text,en,1753,527,306,460,True,1250
58389,Sorghum bicolor,species,text_needs_scope_review,en,24001,17975,3522,4201,True,4991
62829,Parkinsonia aculeata,species,taxon_matched_text,en,5272,2749,901,1107,True,1897
71136,Barbarea verna,species,taxon_matched_text,en,3082,1790,539,673,True,1463
76765,Eclipta prostrata,species,taxon_matched_text,en,4556,3311,484,640,True,1430
79204,Stellaria neglecta,species,taxon_matched_text,en,4625,3479,1253,1497,True,2287
85313,Physostegia virginiana,species,taxon_matched_text,en,1584,1584,564,725,True,1515
126107,Antitrichia curtipendula,species,taxon_matched_text,en,2287,2287,1251,1406,True,2196
132627,Cruciata laevipes,species,taxon_matched_text,en,3197,1950,399,533,True,1323
135885,Juniperus squamata,species,taxon_matched_text,en,1937,1937,639,802,True,1592
136894,Abies nordmanniana,species,taxon_matched_text,en,2914,2914,785,974,True,1764
165489,Mnium hornum,species,taxon_matched_text,en,862,862,233,348,True,1138
208963,Vincetoxicum nigrum,species,taxon_matched_text,en,4376,3075,1453,1703,True,2493
276077,Sedum × rubrotinctum,hybrid,text_needs_scope_review,en,1224,1224,283,438,True,1228
467748,Verbascum barnadesii,species,taxon_matched_text,pt,2037,2037,612,871,True,1661
1123604,Exsertotheca intermedia,species,taxonomy_only,,0,0,0,44,False,834
1199528,Lolium × boucheanum,hybrid,taxonomy_only,,0,0,0,41,False,831
1395495,Centaurea francoi,species,taxonomy_only,,0,0,0,44,False,834
1404279,Centaurea cordubensis,species,taxon_matched_text,pt,1264,1264,262,436,True,1226
1445438,Delphinium consolida,species,text_needs_scope_review,en,1604,1604,522,702,True,1492
1588182,Dovyalis afra,species,text_needs_scope_review,en,2258,2258,642,826,True,1616
52666,Dionaea muscipula,species,text_needs_scope_review,en,22164,19032,6264,6926,True,7716
60307,Poa pratensis,species,taxon_matched_text,en,5492,4257,1518,1765,True,2555
60967,Hedypnois cretica,species,taxon_matched_text,pt,2896,1319,291,460,True,1250
64162,Rorippa palustris,species,taxon_matched_text,en,2532,2242,652,816,True,1606
68217,Saxifraga stolonifera,species,taxon_matched_text,en,3161,1842,557,708,True,1498
77974,Medicago scutellata,species,taxon_matched_text,en,1636,368,62,149,True,939
78088,Moenchia erecta,species,taxon_matched_text,en,2186,832,193,289,True,1079
78455,Persicaria pensylvanica,species,taxon_matched_text,en,1421,1421,442,570,True,1360
78642,Poa infirma,species,taxon_matched_text,en,3428,2273,515,706,True,1496
78710,Potamogeton gramineus,species,taxon_matched_text,en,6721,5451,1768,2062,True,2852
85027,Lilium martagon,species,taxon_matched_text,en,6812,2520,862,1092,True,1882
119092,Picea pungens,species,text_needs_scope_review,en,22712,21883,5288,6118,True,6908
121266,Pinguicula vulgaris,species,taxon_matched_text,en,2931,1452,374,498,True,1288
122866,Cucurbita maxima,species,taxon_matched_text,en,5938,5078,1523,1770,True,2560
125788,Kerria japonica,species,taxon_matched_text,en,2742,2742,1040,1262,True,2052
127667,Entada gigas,species,taxon_matched_text,en,2741,1542,282,411,True,1201
129760,Ixia paniculata,species,taxon_matched_text,en,185,185,16,102,True,892
143208,Syngonium podophyllum,species,taxon_matched_text,en,3371,3371,1042,1242,True,2032
160574,Cichorium endivia,species,taxon_matched_text,en,3749,736,62,155,True,945
163552,Hedwigia stellata,species,taxonomy_only,,0,0,0,42,False,832
182814,Prasiola,genus,taxon_matched_text,en,4189,3306,1057,1237,True,2027
210990,Gardenia jasminoides,species,taxon_matched_text,en,9831,9502,3126,3519,True,4309
276586,Dasylirion acrotrichum,species,taxon_matched_text,en,749,749,223,335,True,1125
337790,Angelica pachycarpa,species,taxon_matched_text,en,2624,1337,720,908,True,1698
338353,Allium scorzonerifolium,species,taxon_matched_text,en,517,517,26,121,True,911
349270,Gerbera jamesonii,species,taxon_matched_text,en,3253,2718,817,1029,True,1819
424479,Murbeckiella sousae,species,taxon_matched_text,en,1753,434,62,151,True,941
425169,Klasea algarbiensis,species,taxon_matched_text,unspecified,374,374,374,495,True,1285
426015,Cynara tournefortii,species,taxon_matched_text,pt,1635,1635,637,878,True,1668
427503,Dichorisandra thyrsiflora,species,taxon_matched_text,en,941,941,216,356,True,1146
446773,Gagea foliosa,species,taxon_matched_text,en,218,218,42,128,True,918
505005,Porella arboris-vitae,species,text_needs_scope_review,de,955,955,429,563,True,1353
632181,Riccia ciliifera,species,text_needs_scope_review,de,1283,1283,561,702,True,1492
706346,Calliblepharis jubata,species,taxonomy_only,,0,0,0,41,False,831
747247,Trisetaria panicea,species,taxon_matched_text,pt,1225,1225,243,414,True,1204
940049,Veronica × andersonii,hybrid,taxonomy_only,,0,0,0,43,False,833
1393112,Viola henriquesii,species,taxonomy_only,,0,0,0,42,False,832
48627,Echinacea purpurea,species,taxon_matched_text,en,5735,4688,1474,1734,True,2524
56137,Ornithogalum umbellatum,species,taxon_matched_text,en,10597,10597,3149,3461,True,4251
56418,Riccia lamellosa,species,taxonomy_only,,0,0,0,41,False,831
56461,Pellia neesiana,species,taxonomy_only,,0,0,0,40,False,830
57893,Amaranthus albus,species,taxon_matched_text,en,2954,1109,203,321,True,1111
59747,Larix decidua,species,taxon_matched_text,en,6183,5602,1655,1910,True,2700
75501,Arctium lappa,species,taxon_matched_text,en,5190,4382,1496,1815,True,2605
76208,Centaurea benedicta,species,taxon_matched_text,en,2273,1446,505,657,True,1447
77128,Fallopia baldschuanica,species,taxon_matched_text,en,2470,1268,361,489,True,1279
77779,Lindernia dubia,species,taxon_matched_text,en,1500,1162,229,318,True,1108
78357,Paspalum vaginatum,species,taxon_matched_text,en,3578,2320,794,935,True,1725
126249,Akebia quinata,species,taxon_matched_text,en,4496,4181,1105,1393,True,2183
137480,Isoetes histrix,species,taxon_matched_text,en,375,375,123,218,True,1008
163710,Heteranthera reniformis,species,taxon_matched_text,en,2206,871,93,197,True,987
181815,Petunia integrifolia,species,taxon_matched_text,en,1741,1741,276,392,True,1182
181927,Parthenocissus inserta,species,taxon_matched_text,en,2381,2381,801,959,True,1749
284035,Sobralia macrantha,species,taxon_matched_text,en,625,625,89,191,True,981
333958,Alyssum granatense,species,taxon_matched_text,pt,1333,1333,308,484,True,1274
338053,Antinoria agrostidea,species,taxon_matched_text,pt,1235,1235,235,407,True,1197
338474,Catapodium marinum,species,taxon_matched_text,en,2010,733,136,232,True,1022
342005,Lotus arenarius,species,taxon_matched_text,en,1632,452,88,192,True,982
369711,Sporobolus africanus,species,taxon_matched_text,en,3562,2319,984,1238,True,2028
402984,Lampranthus spectabilis,species,taxon_matched_text,en,928,928,172,269,True,1059
404243,Oenothera indecora,species,taxon_matched_text,pt,1215,1215,137,260,True,1050
418606,Jasminum azoricum,species,taxon_matched_text,en,2786,1078,223,344,True,1134
450954,Limonium lowei,species,taxon_matched_text,pt,1244,1244,289,458,True,1248
451081,Euphorbia chamaesyce,species,taxon_matched_text,en,2069,653,396,565,True,1355
461361,Ptychomitrium polyphyllum,species,taxonomy_only,,0,0,0,44,False,834
466535,Silene psammitis,species,taxon_matched_text,pt,1317,1317,300,451,True,1241
493078,Valantia hispida,species,taxon_matched_text,en,1530,351,110,207,True,997
513515,Wahlenbergia lobelioides,species,taxon_matched_text,pt,1326,1326,293,447,True,1237
544767,Baccharis spicata,species,taxon_matched_text,es,1388,1388,929,1141,True,1931
786081,Erysimum maderense,species,taxon_matched_text,pt,1273,1273,260,431,True,1221
904044,Allium longispathum,species,taxon_matched_text,en,806,806,54,143,True,933
49132,Myosotis latifolia,species,taxon_matched_text,en,1756,472,137,226,True,1016
49524,Lilium lancifolium,species,taxon_matched_text,en,3968,3131,918,1189,True,1979
54784,Quercus coccinea,species,taxon_matched_text,en,9472,4258,1684,2027,True,2817
56126,Barbarea vulgaris,species,taxon_matched_text,en,7645,6406,1812,2105,True,2895
59262,Lotus ornithopodioides,species,taxon_matched_text,en,1697,376,120,223,True,1013
59938,Romulea columnae,species,taxon_matched_text,en,5884,4530,1252,1530,True,2320
60350,Artemisia absinthium,species,taxon_matched_text,en,10651,7177,2398,2738,True,3528
61948,Stellaria graminea,species,taxon_matched_text,en,1554,1051,306,434,True,1224
75490,Aponogeton distachyos,species,taxon_matched_text,en,1962,1592,616,804,True,1594
84838,Syzygium jambos,species,taxon_matched_text,en,4758,2913,1691,1983,True,2773
129655,Racomitrium aciculare,species,taxonomy_only,,0,0,0,42,False,832
133145,Cruciata glabra,species,taxon_matched_text,en,1951,679,150,255,True,1045
133369,Chamaecyparis obtusa,species,taxon_matched_text,en,5911,5051,1725,1917,True,2707
143955,Hedychium coronarium,species,taxon_matched_text,en,4807,3056,713,922,True,1712
146876,Malva alcea,species,taxon_matched_text,en,1565,1565,626,767,True,1557
158103,Agave sisalana,species,text_needs_scope_review,en,7269,6794,2584,3052,True,3842
159684,Callistephus chinensis,species,taxon_matched_text,pt,3365,1353,421,572,True,1362
164011,Hypoestes phyllostachya,species,taxon_matched_text,en,3112,1617,621,787,True,1577
165474,Miscanthus sinensis,species,taxon_matched_text,en,9151,7909,2014,2400,True,3190
168374,Salvia argentea,species,taxon_matched_text,en,1926,729,335,448,True,1238
168422,Sansevieria cylindrica,species,taxon_matched_text,pt,2705,614,276,412,True,1202
168479,Saxifraga tridactylites,species,taxon_matched_text,en,1752,441,181,294,True,1084
169157,Spergula morisonii,species,taxon_matched_text,en,1506,280,42,132,True,922
182991,Palmaria palmata,species,taxon_matched_text,en,7099,4539,1351,1574,True,2364
190853,Convolvulus fernandesii,species,taxon_matched_text,en,2150,873,386,550,True,1340
191852,Elatine brochonii,species,taxonomy_only,,0,0,0,41,False,831
204749,Opuntia lasiacantha,species,taxon_matched_text,es,1073,1073,574,733,True,1523
208784,Galium spurium,species,taxon_matched_text,en,1225,1225,224,336,True,1126
212118,Hornungia petraea,species,taxon_matched_text,en,1640,332,42,129,True,919
274502,Rhynchostegium riparioides,species,text_needs_scope_review,en,852,852,371,492,True,1282
333797,Cyathea medullaris,species,taxon_matched_text,pt,3694,581,26,112,True,902
342051,Sinapidendron sempervivifolium,species,taxon_matched_text,pt,1395,1395,288,470,True,1260
343403,Codium effusum,species,taxonomy_only,,0,0,0,41,False,831
359848,Epilobium lanceolatum,species,taxon_matched_text,en,1885,566,170,292,True,1082
410788,Doryanthes palmeri,species,taxon_matched_text,en,1440,678,201,308,True,1098
418751,Sinapidendron rupestre,species,taxon_matched_text,pt,1313,1313,267,438,True,1228
424485,Plantago almogravensis,species,taxon_matched_text,unspecified,375,375,375,493,True,1283
512008,Orobanche densiflora,species,taxon_matched_text,en,1610,327,48,140,True,930
516107,Silene marizii,species,taxon_matched_text,pt,1171,1171,250,419,True,1209
775448,Sixalix galianoi,species,taxonomy_only,,0,0,0,43,False,833
785715,Orobanche litorea,species,taxonomy_only,,0,0,0,43,False,833
976075,Leontodon hochstetteri,species,taxonomy_only,,0,0,0,46,False,836
991516,Exsertotheca crispa,species,taxon_matched_text,en,414,414,63,161,True,951
1193953,Selinum broteroi,species,taxonomy_only,,0,0,0,42,False,832
1232570,Biserrula epiglottis,species,taxonomy_only,,0,0,0,46,False,836
1369716,Lamium hybridum,species,taxon_matched_text,en,2872,1667,595,719,True,1509
55971,Tanacetum vulgare,species,taxon_matched_text,pt,7613,1265,584,731,True,1521
59072,Schoenoplectus pungens,species,taxon_matched_text,en,2821,1492,213,334,True,1124
60317,Veronica peregrina,species,taxon_matched_text,en,2950,1761,661,816,True,1606
62937,Allamanda cathartica,species,taxon_matched_text,en,2214,1401,356,482,True,1272
63134,Filipendula ulmaria,species,taxon_matched_text,en,5092,3742,1223,1558,True,2348
76766,Ehrharta calycina,species,taxon_matched_text,en,2648,1400,385,576,True,1366
77092,Eucalyptus sideroxylon,species,taxon_matched_text,en,4478,3281,776,934,True,1724
79070,Setaria viridis,species,taxon_matched_text,en,2758,1511,467,580,True,1370
79160,Sparaxis grandiflora,species,taxon_matched_text,en,493,493,124,223,True,1013
119207,Dimorphotheca pluvialis,species,taxon_matched_text,en,1102,1102,134,232,True,1022
122854,Cicer arietinum,species,text_needs_scope_review,en,16141,13714,3972,4636,True,5426
135430,Heliotropium arborescens,species,taxon_matched_text,en,2152,2152,750,948,True,1738
135925,Juniperus chinensis,species,taxon_matched_text,en,3071,2291,697,861,True,1651
158190,Allium porrum,species,text_needs_scope_review,en,8267,5711,2245,2542,True,3332
163908,Hylotelephium spectabile,species,taxon_matched_text,en,1328,1328,565,724,True,1514
166546,Petrea volubilis,species,taxon_matched_text,en,2958,1284,479,625,True,1415
168947,Sideritis romana,species,taxon_matched_text,en,1546,380,144,237,True,1027
180228,Butia capitata,species,taxon_matched_text,en,3674,1942,486,661,True,1451
181525,Mentha × piperita,hybrid,text_needs_scope_review,en,12740,11256,2142,2563,True,3353
223665,Lilium bulbiferum,species,taxon_matched_text,en,3714,1918,660,836,True,1626
223938,Liriope muscari,species,taxon_matched_text,en,3440,3063,1086,1311,True,2101
278467,Muehlenbeckia platyclada,species,taxon_matched_text,en,775,775,215,317,True,1107
286972,Salvia involucrata,species,taxon_matched_text,en,1705,1705,638,770,True,1560
324716,Silene ciliata,species,taxon_matched_text,pt,1363,1363,505,739,True,1529
326173,Musa ornata,species,taxon_matched_text,en,1877,1877,731,883,True,1673
327355,Neoregelia carolinae,species,taxon_matched_text,en,500,500,62,152,True,942
337847,Veronica micrantha,species,taxon_matched_text,pt,1256,1256,292,470,True,1260
343495,Hedera algeriensis,species,taxon_matched_text,en,1336,1336,618,776,True,1566
401233,Cyrtanthus elatus,species,taxon_matched_text,en,715,715,164,281,True,1071
410980,Viola banksii,species,taxon_matched_text,en,951,951,395,545,True,1335
431176,Justicia adhatoda,species,taxon_matched_text,en,2323,1676,447,590,True,1380
443267,Santolina semidentata,species,taxon_matched_text,pt,1252,1252,275,442,True,1232
447455,Withania frutescens,species,taxon_matched_text,en,2043,740,353,545,True,1335
486261,Chara vulgaris,species,taxon_matched_text,en,1862,1862,583,739,True,1529
491199,Medicago tornata,species,text_needs_scope_review,en,224,224,81,173,True,963
491209,Trifolium michelianum,species,taxon_matched_text,pt,2147,2147,714,925,True,1715
509590,Tanacetum mucronulatum,species,taxon_matched_text,en,1702,405,58,150,True,940
516315,Daucus setifolius,species,taxon_matched_text,pt,1265,1265,251,426,True,1216
556310,Armeria velutina,species,taxon_matched_text,pt,1762,1762,697,940,True,1730
581628,Callitriche deflexa,species,taxon_matched_text,pt,1289,1289,275,450,True,1240
605560,Bystropogon maderensis,species,taxon_matched_text,pt,817,817,495,656,True,1446
632490,Heterosiphonia plumosa,species,taxonomy_only,,0,0,0,45,False,835
771293,Helictochloa marginata,species,taxonomy_only,,0,0,0,43,False,833
773801,Morus indica,species,taxon_matched_text,en,1781,1781,546,689,True,1479
861367,Scrophularia racemosa,species,taxon_matched_text,pt,1271,1271,248,422,True,1212
873990,Holcus annuus,species,taxon_matched_text,en,1884,579,54,137,True,927
924029,Berberis oiwakensis,species,taxon_matched_text,en,2385,2385,543,674,True,1464
963468,Coleus amboinicus,species,taxon_matched_text,en,8658,4440,1420,1630,True,2420
1022946,Scinaia furcellata,species,taxonomy_only,,0,0,0,44,False,834
1226172,Bornetia secundiflora,species,taxonomy_only,,0,0,0,44,False,834
1269368,Vesalea mexicana,species,taxonomy_only,,0,0,0,40,False,830
1276413,Bupleurum virgatum,species,taxonomy_only,,0,0,0,42,False,832
1374241,Hippocrepis biflora,species,taxon_matched_text,en,1626,371,97,201,True,991
1422986,Corallina berteroi,species,taxon_matched_text,pt,987,987,343,478,True,1268
1458365,Medicago ciliaris,species,taxon_matched_text,en,243,243,74,160,True,950
47571,Populus tremula,species,taxon_matched_text,en,3765,3184,1207,1468,True,2258
59567,Sequoiadendron giganteum,species,taxon_matched_text,en,41446,23846,8154,9310,True,10100
63190,Solanum melongena,species,text_needs_scope_review,en,25246,22472,8458,9493,True,10283
75312,Agrostis capillaris,species,taxon_matched_text,en,3474,1503,497,654,True,1444
76288,Chenopodium vulvaria,species,taxon_matched_text,en,5925,4666,1997,2301,True,3091
77427,Holcus mollis,species,taxon_matched_text,en,2229,998,556,733,True,1523
78714,Potamogeton pusillus,species,taxon_matched_text,en,4082,2813,856,1052,True,1842
79414,Trifolium cernuum,species,taxon_matched_text,pt,1324,1324,312,478,True,1268
82634,Santolina rosmarinifolia,species,taxon_matched_text,en,2271,929,219,337,True,1127
118947,Codium bursa,species,taxon_matched_text,en,751,751,237,350,True,1140
122910,Allium baeticum,species,text_needs_scope_review,en,3829,3829,777,988,True,1778
125423,Magnolia denudata,species,taxon_matched_text,en,1570,1570,282,387,True,1177
126550,Helleborus orientalis,species,taxon_matched_text,en,2489,2489,482,621,True,1411
135351,Grevillea lanigera,species,taxon_matched_text,en,4233,2038,505,645,True,1435
160507,Chenopodium opulifolium,species,taxon_matched_text,en,2170,854,64,152,True,942
163663,Hemerocallis lilioasphodelus,species,taxon_matched_text,en,2867,679,172,287,True,1077
164415,Lagenaria siceraria,species,taxon_matched_text,pt,15594,1645,625,795,True,1585
169753,Thymus pulegioides,species,taxon_matched_text,en,2446,1143,441,557,True,1347
197033,Elatine hexandra,species,taxon_matched_text,en,3867,2655,1017,1260,True,2050
204246,Atocion armeria,species,taxon_matched_text,en,1604,1242,263,389,True,1179
210935,Hymenocallis littoralis,species,taxon_matched_text,en,1993,1993,555,735,True,1525
284651,Begonia maculata,species,taxon_matched_text,en,4561,3290,851,1101,True,1891
333943,Gratiola officinalis,species,taxon_matched_text,en,2001,711,87,186,True,976
338416,Cystopteris viridula,species,taxon_matched_text,pt,925,925,396,571,True,1361
341164,Mercurialis elliptica,species,taxon_matched_text,pt,1218,1218,252,421,True,1211
341983,Brassica oxyrrhina,species,taxon_matched_text,pt,1224,1224,245,417,True,1207
359463,Oenanthe lachenalii,species,taxon_matched_text,en,4164,2926,1257,1503,True,2293
431188,Kalanchoe luciae,species,taxon_matched_text,en,873,873,114,213,True,1003
460880,Crassula arborescens,species,taxon_matched_text,en,1363,1363,592,742,True,1532
467289,Jacobaea minuta,species,taxon_matched_text,es,893,893,472,643,True,1433
485755,Centaurium chloodes,species,taxon_matched_text,pt,1539,1539,552,795,True,1585
493059,Thesium humile,species,taxon_matched_text,en,1909,718,452,622,True,1412
515187,Allium pallens,species,taxon_matched_text,en,1397,1397,319,456,True,1246
521868,Centaurea exarata,species,taxon_matched_text,pt,1604,1604,608,855,True,1645
585803,Felicia aethiopica,species,taxon_matched_text,en,2873,2873,1505,1677,True,2467
699259,Epipactis bugacensis,species,taxonomy_only,,0,0,0,45,False,835
735000,Galium baeticum,species,taxon_matched_text,pt,779,779,249,417,True,1207
861406,Deschampsia argentea,species,taxon_matched_text,pt,1176,1176,110,244,True,1034
925599,Malva lusitanica,species,taxonomy_only,,0,0,0,41,False,831
1008071,Ceratocapnos heterocarpa,species,taxon_matched_text,pt,1223,1223,256,435,True,1225
1111123,Oeosporangium pteridioides,species,taxon_matched_text,en,743,743,185,298,True,1088
1197844,Limonium daveaui,species,taxon_matched_text,pt,1611,1611,630,873,True,1663
1225095,Oloptum thomasii,species,taxonomy_only,,0,0,0,45,False,835
1249150,Cenchrus × cupreus,hybrid,taxonomy_only,,0,0,0,43,False,833
1416464,Cistus × florentinus,hybrid,taxonomy_only,,0,0,0,45,False,835
1432930,Quercus airensis,species,taxon_matched_text,en,299,299,21,109,True,899
1467395,Phyllostachys reticulata,species,text_needs_scope_review,en,2294,2294,707,862,True,1652
47573,Juniperus horizontalis,species,taxon_matched_text,en,2020,2020,537,664,True,1454
51768,Gaillardia pulchella,species,taxon_matched_text,en,4210,2787,797,1003,True,1793
52740,Vaccinium corymbosum,species,taxon_matched_text,en,3081,3081,905,1168,True,1958
52992,Matricaria discoidea,species,taxon_matched_text,en,8347,7070,1289,1556,True,2346
54857,Celtis occidentalis,species,taxon_matched_text,en,8454,4009,1664,1959,True,2749
55218,Coleonema pulchellum,species,taxon_matched_text,en,921,921,392,538,True,1328
56013,Tamarix chinensis,species,taxon_matched_text,en,2809,1532,354,470,True,1260
57040,Acacia retinodes,species,taxon_matched_text,en,2767,2223,625,780,True,1570
57190,Phleum pratense,species,taxon_matched_text,pt,6237,1440,337,474,True,1264
57191,Phalaris canariensis,species,text_needs_scope_review,en,2807,1010,443,565,True,1355
58058,Heliotropium curassavicum,species,taxon_matched_text,en,3044,1725,591,749,True,1539
67907,Scleropodium touretii,species,taxonomy_only,,0,0,0,43,False,833
68053,Vitis labrusca,species,taxon_matched_text,en,4050,3328,1456,1695,True,2485
68300,Ptychostomum pseudotriquetrum,species,taxon_matched_text,en,9171,9171,1159,1317,True,2107
76135,Carthamus tinctorius,species,taxon_matched_text,pt,13325,3374,2230,2623,True,3413
76224,Cestrum elegans,species,taxon_matched_text,en,2150,2150,992,1188,True,1978
76657,Digitaria ciliaris,species,taxon_matched_text,en,3238,2025,393,538,True,1328
77665,Lepidium coronopus,species,taxon_matched_text,en,4260,4260,1306,1553,True,2343
78832,Ranunculus sardous,species,taxon_matched_text,en,1747,550,287,383,True,1173
79016,Scutellaria galericulata,species,taxon_matched_text,en,2665,2034,550,690,True,1480
79137,Solanum elaeagnifolium,species,taxon_matched_text,en,4083,4083,1836,2141,True,2931
79463,Ulmus pumila,species,taxon_matched_text,en,10975,10975,3508,4004,True,4794
82315,Carex elata,species,taxon_matched_text,en,2349,1078,249,376,True,1166
82342,Lonicera maackii,species,taxon_matched_text,en,5884,5884,1704,2043,True,2833
82740,Lathyrus sylvestris,species,taxon_matched_text,en,2418,1128,412,554,True,1344
84813,Baccharis halimifolia,species,taxon_matched_text,en,3229,3229,891,1177,True,1967
123117,Ceratodon purpureus,species,taxon_matched_text,en,2914,2914,1053,1268,True,2058
123851,Spirogyra,genus,taxon_matched_text,en,14909,13918,7084,7286,True,8076
131358,Hypoglossum heterocystideum,species,text_needs_scope_review,en,591,591,208,344,True,1134
132846,Nerine sarniensis,species,taxon_matched_text,en,2377,905,283,402,True,1192
135433,Brahea armata,species,taxon_matched_text,en,1776,1776,471,628,True,1418
136366,Gnaphalium uliginosum,species,taxon_matched_text,en,2450,1089,178,309,True,1099
136896,Abies pinsapo,species,taxon_matched_text,en,3174,1941,520,653,True,1443
142299,Gentiana lutea,species,taxon_matched_text,en,3282,2611,757,958,True,1748
159173,Barbula unguiculata,species,taxon_matched_text,en,1948,1948,365,489,True,1279
162753,Eucalyptus gomphocephala,species,taxon_matched_text,en,22706,11442,4970,5515,True,6305
165944,Orthotrichum anomalum,species,text_needs_scope_review,de,857,857,258,368,True,1158
167728,Ranunculus hederaceus,species,taxon_matched_text,en,3491,2241,947,1137,True,1927
170306,Weissia controversa,species,taxon_matched_text,en,431,431,76,174,True,964
200052,Euphorbia nutans,species,taxon_matched_text,en,2096,1105,242,360,True,1150
204355,Medicago falcata,species,taxon_matched_text,en,1818,567,94,180,True,970
278679,Pilea cadierei,species,taxon_matched_text,en,1929,1929,971,1145,True,1935
280907,Capsicum baccatum,species,taxon_matched_text,en,3801,2723,777,973,True,1763
282763,Echeveria simulans,species,taxonomy_only,,0,0,0,43,False,833
283400,Chamaedorea elegans,species,taxon_matched_text,en,2793,2190,974,1181,True,1971
291342,Dietes grandiflora,species,taxon_matched_text,en,1559,948,300,416,True,1206
333938,Adenocarpus telonensis,species,taxon_matched_text,pt,1393,1393,349,547,True,1337
333939,Centaurea alba,species,taxon_matched_text,en,7442,6194,2640,2904,True,3694
336275,Onopordum nervosum,species,taxon_matched_text,en,1772,459,130,251,True,1041
337796,Brugmansia sanguinea,species,taxon_matched_text,en,1992,1571,280,399,True,1189
361348,Chasmanthe aethiopica,species,taxon_matched_text,en,558,558,75,165,True,955
428026,Brachychiton discolor,species,taxon_matched_text,en,1142,1142,409,559,True,1349
430960,Dombeya burgessiae,species,taxon_matched_text,en,1461,1461,291,389,True,1179
436614,Juncus subulatus,species,taxon_matched_text,en,641,641,50,136,True,926
448567,Pityrogramma austroamericana,species,taxonomy_only,,0,0,0,40,False,830
460858,Cistus × laxus,hybrid,taxon_matched_text,es,1154,1154,726,908,True,1698
479829,Chara globularis,species,taxon_matched_text,en,1918,517,143,228,True,1018
485428,Rhynchostegium confertum,species,taxonomy_only,,0,0,0,44,False,834
495902,Hippocrepis multisiliquosa,species,taxon_matched_text,en,1722,384,113,218,True,1008
512352,Euphrasia grandiflora,species,taxon_matched_text,pt,2309,2309,1337,1541,True,2331
522148,Convolvulus lineatus,species,taxon_matched_text,en,2936,1706,939,1216,True,2006
525525,Rubus lainzii,species,taxon_matched_text,pt,1233,1233,248,416,True,1206
568521,Aloiampelos striatula,species,taxon_matched_text,en,2268,1361,630,804,True,1594
632491,Calliblepharis ciliata,species,taxonomy_only,,0,0,0,43,False,833
747574,Anthoxanthum amarum,species,taxon_matched_text,pt,1412,1412,285,447,True,1237
773014,Sporobolus aculeatus,species,taxon_matched_text,en,451,451,30,119,True,909
790747,Cotoneaster × suecicus,hybrid,taxonomy_only,,0,0,0,44,False,834
861413,Carex lowei,species,taxon_matched_text,pt,1236,1236,254,419,True,1209
885851,Hypecoum littorale,species,taxon_matched_text,pt,1568,1568,891,1142,True,1932
956490,Asplenium azomanes,species,text_needs_scope_review,en,954,954,562,713,True,1503
1090496,Rubus fruticosus,species,taxon_matched_text,en,2778,1780,587,703,True,1493
1180893,Riccia bicarinata,species,taxonomy_only,,0,0,0,44,False,834
1446403,Viola × williamsii,hybrid,taxon_matched_text,en,1216,1216,150,249,True,1039
1703900,Linaria alfercensis,species,taxonomy_only,,0,0,0,44,False,834
51779,Sempervivum tectorum,species,taxon_matched_text,en,5860,4557,1203,1451,True,2241
54143,Tragopogon dubius,species,taxon_matched_text,en,3545,2330,1056,1310,True,2100
54834,Prunus serotina,species,taxon_matched_text,en,6713,6327,1576,1860,True,2650
55801,Carpinus betulus,species,taxon_matched_text,en,3572,3572,1410,1682,True,2472
55826,Myosotis sylvatica,species,taxon_matched_text,en,2795,1536,582,745,True,1535
56016,Tamarix canariensis,species,taxon_matched_text,en,2021,798,168,267,True,1057
57037,Acacia verticillata,species,taxon_matched_text,en,2798,2071,791,950,True,1740
60153,Lepidium latifolium,species,taxon_matched_text,en,1829,1358,461,602,True,1392
60879,Ipomoea pes-caprae,species,taxon_matched_text,en,4663,2278,634,840,True,1630
61374,Physalis angulata,species,taxon_matched_text,en,2588,2588,381,511,True,1301
63205,Arachis hypogaea,species,text_needs_scope_review,en,28996,22266,5371,6233,True,7023
77623,Landoltia punctata,species,text_needs_scope_review,en,1004,437,123,216,True,1006
79437,Triglochin scilloides,species,taxon_matched_text,en,2519,1278,364,472,True,1262
79518,Vitis rupestris,species,taxon_matched_text,en,2211,1835,989,1220,True,2010
82461,Dracunculus vulgaris,species,taxon_matched_text,en,4319,1480,455,603,True,1393
83445,Diospyros lotus,species,text_needs_scope_review,en,1865,1865,651,855,True,1645
117426,Magnolia acuminata,species,taxon_matched_text,en,2195,2195,739,916,True,1706
122796,Capsicum frutescens,species,taxon_matched_text,en,4682,2833,710,913,True,1703
127215,Eriophorum angustifolium,species,taxon_matched_text,en,10832,9429,3147,3549,True,4339
127355,Cyclamen hederifolium,species,taxon_matched_text,en,3427,3427,1204,1458,True,2248
133350,Impatiens balsamina,species,taxon_matched_text,en,3880,3128,888,1053,True,1843
136096,Encephalartos altensteinii,species,taxon_matched_text,en,1822,1822,464,588,True,1378
140998,Ensete ventricosum,species,taxon_matched_text,en,9711,9326,3139,3527,True,4317
159669,Calliergonella cuspidata,species,taxon_matched_text,en,378,378,63,164,True,954
159763,Campanula patula,species,taxon_matched_text,en,845,845,441,565,True,1355
162770,Eucladium verticillatum,species,taxon_matched_text,de,1230,1230,698,843,True,1633
162824,Euphorbia falcata,species,taxon_matched_text,en,1904,630,97,197,True,987
164233,Jasminum officinale,species,taxon_matched_text,en,3375,2149,886,1112,True,1902
166729,Phoenix reclinata,species,taxon_matched_text,en,1701,1353,458,600,True,1390
190491,Chamaemeles coriacea,species,taxon_matched_text,pt,1353,661,356,515,True,1305
209301,Biscutella auriculata,species,taxon_matched_text,pt,1262,1262,252,427,True,1217
281140,Odontonema tubaeforme,species,taxon_matched_text,en,1016,1016,307,436,True,1226
323008,Murbeckiella boryi,species,taxon_matched_text,pt,1279,1279,249,393,True,1183
323012,Scrophularia herminii,species,taxon_matched_text,pt,1297,1297,264,435,True,1225
333935,Filago lusitanica,species,taxonomy_only,,0,0,0,41,False,831
333952,Lupinus hispanicus,species,taxon_matched_text,en,1627,322,59,157,True,947
333971,Arabis verna,species,taxon_matched_text,pt,1548,1548,593,827,True,1617
371921,Capsella rubella,species,taxon_matched_text,en,815,815,172,276,True,1066
427159,Melaleuca alternifolia,species,taxon_matched_text,en,7997,2727,694,885,True,1675
450674,Hypnum andoi,species,taxonomy_only,,0,0,0,42,False,832
461606,Nerine bowdenii,species,taxon_matched_text,en,2620,2620,667,831,True,1621
465779,Smilax canariensis,species,taxon_matched_text,en,1142,494,110,209,True,999
484681,Mercurialis tomentosa,species,taxon_matched_text,pt,1226,1226,255,423,True,1213
491194,Medicago doliata,species,taxon_matched_text,en,1567,350,98,195,True,985
514864,Hyoseris scabra,species,taxon_matched_text,en,1580,363,105,201,True,991
517692,Ranunculus abnormis,species,taxon_matched_text,pt,1481,1481,516,758,True,1548
711106,Pilosella pseudopilosella,species,taxon_matched_text,pt,1264,1264,251,425,True,1215
768539,Tara spinosa,species,taxon_matched_text,en,5186,5186,1650,1933,True,2723
829111,Tetraselmis convolutae,species,text_needs_scope_review,en,15578,4945,2813,3044,True,3834
928732,Erodium aethiopicum,species,taxon_matched_text,pt,336,336,183,294,True,1084
943005,Curio rowleyanus,species,taxon_matched_text,en,3135,2034,957,1178,True,1968
1001370,Juniperus canariensis,species,taxon_matched_text,en,1436,1436,174,282,True,1072
1022911,Gracilaria multipartita,species,taxonomy_only,,0,0,0,44,False,834
1044766,Curio ficoides,species,taxon_matched_text,en,929,929,254,378,True,1168
1270506,Echeveria × imbricata,hybrid,taxon_matched_text,es,556,556,395,554,True,1344
1375128,Ophrys × olbiensis,hybrid,taxonomy_only,,0,0,0,47,False,837
1465211,Cerastium azoricum,species,taxon_matched_text,pt,497,497,233,364,True,1154
1520274,Quercus × eborense,hybrid,taxonomy_only,,0,0,0,47,False,837
51921,Mimosa pudica,species,taxon_matched_text,en,12555,11026,3978,4473,True,5263
52656,Drosera capensis,species,taxon_matched_text,en,17862,17862,7543,8425,True,9215
53179,Polygonum arenastrum,species,taxon_matched_text,en,3371,2057,820,997,True,1787
60102,Oscularia deltoides,species,taxon_matched_text,en,937,937,280,411,True,1201
64241,Brassica juncea,species,taxon_matched_text,en,6928,6437,2168,2562,True,3352
71036,Aristolochia gigantea,species,taxon_matched_text,en,2314,1147,311,422,True,1212
75997,Cannabis sativa,species,taxon_matched_text,en,11387,7300,1783,2069,True,2859
77781,Linum grandiflorum,species,taxon_matched_text,en,897,897,264,382,True,1172
77902,Lycium barbarum,species,taxon_matched_text,en,5424,3747,1430,1734,True,2524
79464,Utricularia gibba,species,taxon_matched_text,en,4793,3533,1604,1882,True,2672
82614,Oenanthe globulosa,species,taxon_matched_text,en,1987,770,484,658,True,1448
117801,Gelidium pusillum,species,taxonomy_only,,0,0,0,39,False,829
123353,Jubaea chilensis,species,text_needs_scope_review,en,7300,4986,1039,1232,True,2022
125855,Dietes bicolor,species,taxon_matched_text,en,1039,639,273,386,True,1176
128032,Broussonetia papyrifera,species,text_needs_scope_review,en,6126,5647,1927,2185,True,2975
133291,Rivina humilis,species,taxon_matched_text,en,3633,2480,684,839,True,1629
135957,Encephalartos lehmannii,species,taxon_matched_text,en,1559,1559,407,532,True,1322
138577,Senna pendula,species,taxon_matched_text,en,3480,3096,1256,1450,True,2240
141214,Carex oedipostyla,species,taxon_matched_text,pt,1275,1275,264,434,True,1224
147293,Viola reichenbachiana,species,taxon_matched_text,en,2172,2172,723,871,True,1661
147467,Xerochrysum bracteatum,species,taxon_matched_text,en,12740,11507,4817,5149,True,5939
155999,Succisella carvalhoana,species,taxon_matched_text,pt,1505,1505,552,794,True,1584
158472,Arabis alpina,species,taxon_matched_text,en,2387,1196,379,514,True,1304
158585,Arctotis stoechadifolia,species,taxon_matched_text,en,2216,830,99,202,True,992
159603,Bupleurum lancifolium,species,taxon_matched_text,en,1740,437,167,259,True,1049
160036,Carex nigra,species,taxon_matched_text,en,3766,2561,141,246,True,1036
161639,Datura innoxia,species,taxon_matched_text,en,7673,3367,1647,1864,True,2654
165289,Melilotus neapolitanus,species,taxonomy_only,,0,0,0,43,False,833
168326,Salix cinerea,species,taxon_matched_text,en,1933,1933,699,869,True,1659
181076,Acacia elata,species,taxon_matched_text,en,2911,2332,679,834,True,1624
201455,Erythrina americana,species,taxon_matched_text,en,1643,1643,551,706,True,1496
206266,Dieffenbachia seguine,species,taxon_matched_text,en,2475,1246,503,611,True,1401
209312,Lysimachia ephemerum,species,taxon_matched_text,en,2024,881,463,627,True,1417
223669,Lilium longiflorum,species,taxon_matched_text,en,4663,3471,901,1079,True,1869
275983,Echeveria pulidonis,species,taxon_matched_text,en,800,509,156,299,True,1089
277338,Xanthosoma violaceum,species,taxon_matched_text,pt,19036,912,415,537,True,1327
282761,Echeveria secunda,species,taxon_matched_text,en,751,751,69,160,True,950
288069,Avenella flexuosa,species,taxon_matched_text,en,3504,1476,205,334,True,1124
326747,Mentha cervina,species,taxon_matched_text,en,8973,8325,2349,2670,True,3460
334316,Hesperis laciniata,species,taxon_matched_text,pt,1243,1243,253,424,True,1214
336057,Kohleria hirsuta,species,taxon_matched_text,en,1509,1509,152,265,True,1055
338350,Baldellia alpestris,species,taxon_matched_text,pt,1252,1252,257,432,True,1222
338707,Crassula vaillantii,species,taxon_matched_text,en,1920,607,93,193,True,983
339966,Cordyline stricta,species,taxon_matched_text,en,1720,1720,304,443,True,1233
340991,Scabiosa triandra,species,taxon_matched_text,en,314,314,62,168,True,958
341103,Halopeplis amplexicaulis,species,taxon_matched_text,pt,1643,1643,636,886,True,1676
341167,Ononis variegata,species,taxon_matched_text,en,1488,256,18,105,True,895
342111,Lotus loweanus,species,taxon_matched_text,en,1745,540,187,303,True,1093
371839,Trifolium strictum,species,taxon_matched_text,pt,1256,1256,258,420,True,1210
406407,Targionia lorbeeriana,species,taxonomy_only,,0,0,0,45,False,835
431273,Rhododendron mucronatum,species,taxon_matched_text,en,1660,444,114,202,True,992
524336,Crassula perforata,species,taxon_matched_text,en,384,384,150,254,True,1044
546744,Sonchus maritimus,species,taxon_matched_text,pt,7317,1337,328,480,True,1270
559615,Sedum pedicellatum,species,taxon_matched_text,pt,1342,1342,329,482,True,1272
777468,Lonicera ligustrina,species,taxon_matched_text,en,1247,1247,306,406,True,1196
823980,Narcissus willkommii,species,taxon_matched_text,pt,1636,1636,643,883,True,1673
836721,Gypsophila vaccaria,species,taxon_matched_text,en,2514,1191,121,217,True,1007
925605,Malva durieui,species,taxonomy_only,,0,0,0,41,False,831
1007798,Silene gracilis,species,taxon_matched_text,pt,1114,1114,250,418,True,1208
1008103,Senecio lopezii,species,taxon_matched_text,pt,1642,1642,638,886,True,1676
1065391,Erythrostemon gilliesii,species,taxon_matched_text,en,1865,1865,527,706,True,1496
1138520,Pseudanomodon attenuatus,species,taxon_matched_text,en,530,530,113,203,True,993
1154840,Triglochin laxiflora,species,taxon_matched_text,pt,1531,1531,508,752,True,1542
1376734,Dactylis smithii,species,taxon_matched_text,pt,1328,1328,317,468,True,1258
1407170,Pseudopodospermum hispanicum,species,taxon_matched_text,en,4874,4874,2293,2590,True,3380
1407180,Pseudopodospermum boeticum,species,taxonomy_only,,0,0,0,50,False,840
55892,Erysimum × cheiri,hybrid,text_needs_scope_review,en,4088,2008,890,1081,True,1871
55917,Rubus vestitus,species,taxon_matched_text,en,1966,772,182,286,True,1076
57629,Platanthera bifolia,species,taxon_matched_text,en,1733,1733,871,1105,True,1895
60020,Petrorhagia prolifera,species,taxon_matched_text,en,246,246,33,135,True,925
68896,Romulea rosea,species,taxon_matched_text,en,613,613,129,226,True,1016
71111,Filago pygmaea,species,text_needs_scope_review,de,1454,1454,532,681,True,1471
78591,Pittosporum tenuifolium,species,taxon_matched_text,en,8175,8175,2493,2974,True,3764
78777,Pteris cretica,species,taxon_matched_text,en,1689,1689,736,921,True,1711
126238,Cucumis metuliferus,species,taxon_matched_text,en,3916,2722,900,1085,True,1875
126965,Alocasia brisbanensis,species,taxon_matched_text,en,3328,3328,1092,1321,True,2111
146915,Felicia amelloides,species,taxon_matched_text,en,2752,2752,1487,1699,True,2489
148217,Didymodon,genus,taxon_matched_text,en,5455,5455,4048,4381,True,5171
154169,Plagiomnium rostratum,species,taxon_matched_text,de,1049,1049,567,722,True,1512
159933,Carex distans,species,taxon_matched_text,en,1977,736,355,458,True,1248
163166,Galium album,species,taxon_matched_text,en,2134,2134,365,476,True,1266
164028,Iberis sempervirens,species,taxon_matched_text,en,1723,1723,623,761,True,1551
164546,Leptodictyum riparium,species,taxon_matched_text,en,1619,1619,309,435,True,1225
165290,Melilotus sulcatus,species,taxon_matched_text,en,1617,323,118,216,True,1006
165838,Omalotheca sylvatica,species,taxon_matched_text,en,1856,1856,230,330,True,1120
166216,Passiflora subpeltata,species,taxon_matched_text,en,1707,348,73,171,True,961
167508,Pseudosasa japonica,species,taxon_matched_text,en,2847,1573,252,358,True,1148
169252,Spiraea prunifolia,species,taxon_matched_text,en,254,254,66,155,True,945
169743,Thunbergia laurifolia,species,taxon_matched_text,en,3464,1792,589,786,True,1576
170036,Triticum turgidum,species,taxon_matched_text,en,50917,2489,780,947,True,1737
190509,Cheirolophus massonianus,species,taxon_matched_text,pt,1435,1435,317,493,True,1283
207662,Jasione crispa,species,taxon_matched_text,pt,1266,1266,282,430,True,1220
273880,Cuphea micropetala,species,taxon_matched_text,es,908,908,531,701,True,1491
284831,Combretum indicum,species,taxon_matched_text,en,2516,2516,550,737,True,1527
322727,Amphiroa rigida,species,taxon_matched_text,pt,855,855,342,467,True,1257
333969,Arrhenatherum album,species,taxon_matched_text,pt,1306,1306,317,474,True,1264
335050,Potamogeton trichoides,species,taxon_matched_text,en,3268,2437,773,972,True,1762
341568,Scapania nemorea,species,text_needs_scope_review,de,907,907,390,536,True,1326
342240,Valonia utricularis,species,taxonomy_only,,0,0,0,38,False,828
343011,Bellis azorica,species,taxon_matched_text,en,664,235,25,109,True,899
344737,Asphodelus bento-rainhae,species,taxon_matched_text,en,1817,368,94,207,True,997
347721,Strongylodon macrobotrys,species,taxon_matched_text,en,3520,3520,1266,1507,True,2297
359752,Dryopteris dilatata,species,taxon_matched_text,en,1077,1077,169,280,True,1070
360191,Ocimum minimum,species,taxon_matched_text,en,1125,674,231,342,True,1132
371559,Lavandula latifolia,species,taxon_matched_text,en,3182,1840,390,565,True,1355
400698,Cheilanthes viridis,species,text_needs_scope_review,en,356,356,67,160,True,950
404034,Myosotis persoonii,species,taxon_matched_text,pt,1176,1176,227,395,True,1185
428365,Ziziphus jujuba,species,text_needs_scope_review,en,12136,10714,4306,4856,True,5646
430338,Chondria dasyphylla,species,taxonomy_only,,0,0,0,45,False,835
436114,Cyperus michelianus,species,taxon_matched_text,en,1967,680,41,133,True,923
461347,Porella canariensis,species,taxonomy_only,,0,0,0,43,False,833
464594,Prunus salicina,species,taxon_matched_text,en,10345,9796,3191,3586,True,4376
485181,Billbergia nutans,species,taxon_matched_text,en,1410,1410,439,601,True,1391
486273,Chara connivens,species,taxonomy_only,,0,0,0,41,False,831
515208,Triglochin barrelieri,species,taxon_matched_text,en,1757,523,157,265,True,1055
516102,Silene inaperta,species,taxon_matched_text,pt,1229,1229,266,412,True,1202
547474,Onosma tricerosperma,species,taxon_matched_text,es,662,662,418,571,True,1361
564871,Asplenium anceps,species,taxon_matched_text,en,1466,1466,592,745,True,1535
586818,Haworthiopsis limifolia,species,taxon_matched_text,en,1038,1038,123,245,True,1035
823578,Orlaya daucoides,species,taxon_matched_text,pt,1274,1274,257,428,True,1218
872829,Isoetes longissima,species,taxonomy_only,,0,0,0,40,False,830
912895,Daucus minusculus,species,taxonomy_only,,0,0,0,41,False,831
981326,Zygodon rupestris,species,taxon_matched_text,de,859,859,417,548,True,1338
1137648,Streblotrichum convolutum,species,text_needs_scope_review,en,1655,1655,274,377,True,1167
1364000,Dombeya × cayeuxii,hybrid,taxonomy_only,,0,0,0,49,False,839
1465654,Sporobolus pungens,species,taxon_matched_text,en,1580,381,113,211,True,1001
1608773,Ophrys × lievreae,hybrid,taxonomy_only,,0,0,0,49,False,839
48651,Cosmos sulphureus,species,taxon_matched_text,en,6000,3145,762,937,True,1727
49130,Myosotis scorpioides,species,taxon_matched_text,en,2547,2547,441,593,True,1383
52471,Vicia cracca,species,taxon_matched_text,en,1655,1655,719,902,True,1692
52856,Artemisia vulgaris,species,taxon_matched_text,en,9345,5316,1682,1962,True,2752
52927,Commelina communis,species,taxon_matched_text,en,19538,9770,4824,5161,True,5951
56437,Aneura pinguis,species,taxon_matched_text,en,249,249,27,111,True,901
60462,Butomus umbellatus,species,taxon_matched_text,en,3823,2329,952,1192,True,1982
61061,Festuca rubra,species,taxon_matched_text,en,2521,1356,369,522,True,1312
62934,Euphorbia lactea,species,taxon_matched_text,en,1052,1052,280,426,True,1216
64113,Hedera canariensis,species,taxon_matched_text,en,1194,1194,767,932,True,1722
67672,Hypnea musciformis,species,taxonomy_only,,0,0,0,43,False,833
77973,Medicago rigidula,species,taxon_matched_text,en,3453,2234,859,1069,True,1859
78297,Oxalis bowiei,species,taxon_matched_text,en,503,503,111,216,True,1006
82203,Myrica gale,species,taxon_matched_text,en,6354,2929,852,1056,True,1846
85063,Oenanthe pimpinelloides,species,taxon_matched_text,en,6361,5088,2036,2381,True,3171
85436,Tibouchina,genus,taxon_matched_text,en,8647,6045,2232,2465,True,3255
122860,Phaseolus coccineus,species,taxon_matched_text,en,4496,3931,1052,1322,True,2112
123754,Rhytidiadelphus squarrosus,species,taxon_matched_text,en,2832,2832,898,1102,True,1892
123925,Chamaecyparis pisifera,species,taxon_matched_text,en,3236,2372,686,851,True,1641
127181,Pieris japonica,species,taxon_matched_text,en,2367,2367,746,901,True,1691
127908,Phlebodium aureum,species,taxon_matched_text,en,3111,3111,1454,1680,True,2470
135341,Cocculus laurifolius,species,text_needs_scope_review,en,1653,1653,280,381,True,1171
138578,Senna spectabilis,species,taxon_matched_text,en,4505,3505,1615,1863,True,2653
164439,Lathyrus niger,species,taxon_matched_text,en,2059,853,467,601,True,1391
164771,Lophocolea heterophylla,species,taxon_matched_text,en,641,641,331,474,True,1264
165632,Najas minor,species,taxon_matched_text,en,2972,1837,545,657,True,1447
169652,Thalia dealbata,species,taxon_matched_text,en,1096,1096,195,291,True,1081
184567,Brasiliopuntia brasiliensis,species,taxon_matched_text,es,5144,3362,1952,2264,True,3054
189240,Andryala crithmifolia,species,taxon_matched_text,pt,1384,1384,302,487,True,1277
201265,Bryopsis plumosa,species,taxon_matched_text,en,1006,1006,245,387,True,1177
202500,Anthericum liliago,species,taxon_matched_text,en,1615,1615,948,1161,True,1951
244707,Blechnum appendiculatum,species,taxon_matched_text,en,970,970,87,183,True,973
244745,Anemone coronaria,species,taxon_matched_text,en,6986,5773,2668,3025,True,3815
276734,Guzmania lingulata,species,taxon_matched_text,en,990,990,258,365,True,1155
320030,Leucospermum cordifolium,species,taxon_matched_text,en,3323,3323,1828,2035,True,2825
321501,Nymphaea nouchali,species,taxon_matched_text,en,9166,6972,3209,3599,True,4389
341174,Agrostis tenerrima,species,taxon_matched_text,pt,1851,1851,237,409,True,1199
371851,Arenaria leptoclados,species,taxon_matched_text,en,2849,1595,193,300,True,1090
418734,Ceropegia woodii,species,taxon_matched_text,en,1408,1408,594,730,True,1520
424162,Solidago chilensis,species,taxon_matched_text,es,1217,1217,751,925,True,1715
431011,Festuca glauca,species,taxon_matched_text,en,960,960,555,719,True,1509
436376,Fimbristylis bisumbellata,species,taxon_matched_text,pt,2702,2702,808,1053,True,1843
450276,Lotus edulis,species,taxon_matched_text,en,1513,351,109,207,True,997
450279,Armeria gaditana,species,taxon_matched_text,pt,1628,1628,610,847,True,1637
460893,Globularia vulgaris,species,taxon_matched_text,en,1550,321,116,220,True,1010
473303,Frankenia boissieri,species,taxon_matched_text,pt,1555,1555,548,790,True,1580
485472,Plagiomnium affine,species,taxon_matched_text,en,1129,1129,349,472,True,1262
485744,Blackstonia imperfoliata,species,taxon_matched_text,pt,1223,1223,235,407,True,1197
494175,Trifolium squarrosum,species,taxon_matched_text,en,1951,620,143,259,True,1049
497853,Rubus henriquesii,species,taxon_matched_text,pt,1235,1235,235,404,True,1194
514247,Succowia balearica,species,taxon_matched_text,pt,2545,1608,579,821,True,1611
560863,Trisetaria ovata,species,taxon_matched_text,pt,1207,1207,243,411,True,1201
570908,Carex helodes,species,taxon_matched_text,pt,1504,1504,555,798,True,1588
593184,Riccia macrocarpa,species,taxonomy_only,,0,0,0,41,False,831
605635,Genista berberidea,species,taxon_matched_text,en,2153,909,457,633,True,1423
738760,Veronica salicifolia,species,taxon_matched_text,en,2686,2686,1057,1222,True,2012
775626,Armeria pinifolia,species,taxon_matched_text,pt,1572,1572,553,795,True,1585
803978,Phelipanche schultzii,species,taxonomy_only,,0,0,0,47,False,837
820727,Micropus supinus,species,taxon_matched_text,pt,1570,1570,590,828,True,1618
869991,Lobivia silvestrii,species,text_needs_scope_review,en,1172,1172,347,464,True,1254
884151,Scapania gracilis,species,taxonomy_only,,0,0,0,39,False,829
927983,Streptocarpus ionanthus,species,taxon_matched_text,en,1231,1231,420,539,True,1329
977782,Conopodium marianum,species,taxon_matched_text,pt,1284,1284,284,465,True,1255
985726,Thaumatophyllum xanadu,species,text_needs_scope_review,en,1687,1687,593,759,True,1549
1004655,Luffa aegyptiaca,species,taxon_matched_text,en,4776,3645,1519,1864,True,2654
1006669,Ptychostomum imbricatulum,species,taxon_matched_text,en,430,430,70,186,True,976
1038616,× Graptosedum,genushybrid,taxonomy_only,,0,0,0,44,False,834
1122377,Ptychostomum torquescens,species,taxonomy_only,,0,0,0,50,False,840
1149084,Salicornia pruinosa,species,taxonomy_only,,0,0,0,44,False,834
1319212,Cotoneaster franchetii,species,taxon_matched_text,en,1803,1803,527,669,True,1459
1497765,Mesembryanthemum × vascosilvae,hybrid,taxonomy_only,,0,0,0,46,False,836
1540163,Odontarrhena serpyllifolia,species,text_needs_scope_review,en,3890,2455,374,517,True,1307
1550881,Rubus vahlii,species,taxonomy_only,,0,0,0,42,False,832
55822,Salix viminalis,species,taxon_matched_text,en,3197,1935,533,687,True,1477
58207,Eucalyptus polyanthemos,species,taxon_matched_text,en,5064,5064,1282,1510,True,2300
58460,Satureja hortensis,species,taxon_matched_text,pt,10594,2446,1018,1345,True,2135
59317,Anacamptis laxiflora,species,taxon_matched_text,en,936,936,479,640,True,1430
60284,Elymus repens,species,taxon_matched_text,en,3762,2502,979,1160,True,1950
62741,Rudbeckia hirta,species,taxon_matched_text,en,4739,4739,1093,1327,True,2117
75386,Alternanthera philoxeroides,species,taxon_matched_text,en,3849,3849,1810,2030,True,2820
76261,Chamelaucium uncinatum,species,taxon_matched_text,en,942,942,418,578,True,1368
76648,Dianthus plumarius,species,taxon_matched_text,en,1038,1038,381,532,True,1322
76748,Dysphania botrys,species,taxon_matched_text,en,1745,559,151,267,True,1057
77225,Gastridium phleoides,species,taxon_matched_text,pt,2681,1236,267,435,True,1225
77493,Ipheion uniflorum,species,taxon_matched_text,en,2056,2056,498,633,True,1423
78337,Panicum capillare,species,taxon_matched_text,en,2326,1112,260,385,True,1175
78923,Sagina saginoides,species,taxon_matched_text,en,2359,1170,711,886,True,1676
79044,Senecio elegans,species,taxon_matched_text,en,1962,736,241,346,True,1136
79143,Solanum sisymbriifolium,species,taxon_matched_text,en,3438,3438,888,1137,True,1927
79472,Vachellia farnesiana,species,taxon_matched_text,en,11680,8768,2523,2964,True,3754
79492,Verbena pulchella,species,text_needs_scope_review,en,940,940,133,215,True,1005
84092,Spinacia oleracea,species,text_needs_scope_review,en,7002,5746,1917,2296,True,3086
120255,Crassula muscosa,species,taxon_matched_text,en,1419,1419,479,637,True,1427
122358,Telopea speciosissima,species,taxon_matched_text,en,11807,11807,5606,6091,True,6881
125849,Quercus pubescens,species,taxon_matched_text,en,2742,2742,739,900,True,1690
131304,Champia parvula,species,taxonomy_only,,0,0,0,39,False,829
154852,Pachira aquatica,species,taxon_matched_text,en,8756,5344,1586,1794,True,2584
160363,Cestrum fasciculatum,species,taxon_matched_text,en,385,385,194,302,True,1092
160739,Clerodendrum bungei,species,taxon_matched_text,en,1830,1830,653,801,True,1591
164501,Leontodon hispidus,species,taxon_matched_text,en,1814,449,118,215,True,1005
165216,Melaleuca linariifolia,species,taxon_matched_text,en,2981,2981,915,1093,True,1883
165747,Nowellia curvifolia,species,taxon_matched_text,en,3451,3451,1418,1643,True,2433
167316,Portulaca umbraticola,species,taxon_matched_text,en,404,404,163,273,True,1063
167829,Rhus typhina,species,taxon_matched_text,en,3535,3535,812,1010,True,1800
168380,Salvia greggii,species,taxon_matched_text,en,1529,1529,641,765,True,1555
169878,Tradescantia spathacea,species,taxon_matched_text,en,2234,1899,571,740,True,1530
200891,Oedogonium,genus,taxon_matched_text,en,23893,23893,14922,15553,True,16343
209304,Catananche caerulea,species,taxon_matched_text,en,4334,2748,1407,1676,True,2466
284556,Oreopanax capitatus,species,taxon_matched_text,pt,691,691,321,488,True,1278
327564,Ulva flexuosa,species,taxon_matched_text,en,934,934,351,505,True,1295
338471,Trifolium suffocatum,species,taxon_matched_text,en,1709,381,120,221,True,1011
342410,Festuca jubata,species,taxon_matched_text,en,1572,268,46,129,True,919
342996,Isoetes azorica,species,taxon_matched_text,pt,688,688,416,568,True,1358
371841,Trifolium bocconei,species,taxon_matched_text,pt,1308,1308,272,434,True,1224
410339,Elaeagnus reflexa,species,text_needs_scope_review,en,373,373,75,203,True,993
415109,Codium decorticatum,species,taxonomy_only,,0,0,0,41,False,831
416548,Epimedium pinnatum,species,taxon_matched_text,en,644,644,146,254,True,1044
460855,Cistus × obtusifolius,hybrid,taxonomy_only,,0,0,0,48,False,838
485467,Breutelia chrysocoma,species,taxon_matched_text,en,469,469,104,190,True,980
513833,Orobanche clausonis,species,taxon_matched_text,en,1650,356,87,187,True,977
520178,Helianthemum ledifolium,species,taxon_matched_text,pt,1342,1342,687,928,True,1718
520841,Isoetes delilei,species,taxonomy_only,,0,0,0,42,False,832
522158,Sphenopus divaricatus,species,taxon_matched_text,en,2415,1014,126,225,True,1015
523879,Bartramia aprica,species,taxon_matched_text,en,740,740,136,233,True,1023
592834,Radula lindenbergiana,species,taxonomy_only,,0,0,0,43,False,833
704321,Plocamium suhrii,species,taxonomy_only,,0,0,0,43,False,833
704519,Blechnum chilense,species,text_needs_scope_review,en,1082,1082,152,276,True,1066
771790,Clivia × cyrtanthiflora,hybrid,taxonomy_only,,0,0,0,50,False,840
773021,Sporobolus alopecuroides,species,taxon_matched_text,en,1026,1026,155,250,True,1040
829210,Trichocereus macrogonus,species,text_needs_scope_review,en,3648,3648,1180,1338,True,2128
859228,Scrophularia lowei,species,taxon_matched_text,pt,1294,1294,243,414,True,1204
976082,Centaurium portense,species,taxonomy_only,,0,0,0,41,False,831
982184,Airopsis tenella,species,taxon_matched_text,pt,3494,1219,254,422,True,1212
1007820,Nepeta multibracteata,species,taxon_matched_text,pt,1324,1324,275,472,True,1262
1070955,Cryptonemia seminervis,species,taxonomy_only,,0,0,0,42,False,832
1077363,Gomphocarpus fruticosus × physocarpus,hybrid,taxonomy_only,,0,0,0,51,False,841
1130914,Bazzania azorica,species,taxonomy_only,,0,0,0,44,False,834
1187218,Metacallophyllis laciniata,species,taxonomy_only,,0,0,0,48,False,838
1351428,Heteroscyphus denticulatus,species,taxonomy_only,,0,0,0,50,False,840
1367002,Crataegus germanica,species,text_needs_scope_review,en,12217,10701,4272,4935,True,5725
1443695,Staphisagria macrosperma,species,taxon_matched_text,en,6149,2588,993,1167,True,1957
1477514,Parapholis cylindrica,species,text_needs_scope_review,en,1349,1349,213,314,True,1104
1534906,Lysimachia arvensis × loeflingii,hybrid,taxonomy_only,,0,0,0,49,False,839
1549848,Molineriella laevis,species,taxon_matched_text,pt,1250,1250,250,432,True,1222
1569900,Oceaniopteris gibba,species,taxon_matched_text,en,733,733,158,258,True,1048
1637925,Aquilegia dichroa,species,taxon_matched_text,en,1906,1906,606,766,True,1556
47572,Juniperus sabina,species,taxon_matched_text,en,2417,1830,542,699,True,1489
49665,Taxodium mucronatum,species,taxon_matched_text,en,8849,4420,1176,1423,True,2213
52119,Populus deltoides,species,taxon_matched_text,en,5663,4997,1874,2170,True,2960
52162,Cakile edentula,species,taxon_matched_text,en,2251,970,399,547,True,1337
54037,Thuja occidentalis,species,taxon_matched_text,en,4240,3737,1640,1900,True,2690
54299,Citrus maxima,species,text_needs_scope_review,en,7283,6086,1919,2311,True,3101
56414,Riccia crystallina,species,taxonomy_only,,0,0,0,38,False,828
57435,Teucrium abutiloides,species,taxon_matched_text,pt,493,493,306,445,True,1235
57867,Spirodela polyrhiza,species,taxon_matched_text,en,6979,5915,1680,1910,True,2700
59769,Axonopus fissifolius,species,taxon_matched_text,en,949,949,180,313,True,1103
62207,Oenothera biennis,species,taxon_matched_text,en,12342,10685,4235,4856,True,5646
62339,Verbascum densiflorum,species,taxon_matched_text,en,2169,886,38,129,True,919
67716,Fumaria parviflora,species,taxon_matched_text,en,1830,577,187,286,True,1076
67876,Dicranella heteromalla,species,taxon_matched_text,de,938,938,341,492,True,1282
70020,Ludwigia hexapetala,species,taxon_matched_text,en,606,606,313,432,True,1222
76793,Elodea canadensis,species,taxon_matched_text,en,3661,2636,710,875,True,1665
76848,Eragrostis barrelieri,species,taxon_matched_text,pt,1284,1284,258,427,True,1217
77987,Melinis repens,species,taxon_matched_text,en,625,625,186,288,True,1078
78886,Rosa rubiginosa,species,taxon_matched_text,en,6012,4558,1147,1370,True,2160
79525,Wolffia arrhiza,species,taxon_matched_text,en,4665,3049,969,1174,True,1964
79546,Zannichellia palustris,species,taxon_matched_text,en,1932,622,127,219,True,1009
83960,Lophocolea bidentata,species,taxon_matched_text,en,400,400,76,178,True,968
84993,Aloe perfoliata,species,taxon_matched_text,en,2782,1854,837,1045,True,1835
122555,Hylocomium splendens,species,taxon_matched_text,en,2050,2050,567,703,True,1493
125439,Pilea peperomioides,species,taxon_matched_text,en,2646,2646,1243,1464,True,2254
126485,Calycanthus floridus,species,taxon_matched_text,en,2452,2452,825,1015,True,1805
129327,Passiflora suberosa,species,taxon_matched_text,en,1670,1670,628,834,True,1624
129533,Araucaria cunninghamii,species,taxon_matched_text,en,3542,3001,758,926,True,1716
131307,Valonia macrophysa,species,taxonomy_only,,0,0,0,39,False,829
133157,Cistus laurifolius,species,taxon_matched_text,en,3929,2607,647,814,True,1604
135329,Podocarpus macrophyllus,species,taxon_matched_text,en,1869,1869,560,719,True,1509
135371,Eucalyptus grandis,species,taxon_matched_text,en,4176,3603,1513,1726,True,2516
136153,Cycas circinalis,species,taxon_matched_text,en,2354,1567,438,586,True,1376
136319,Abies alba,species,taxon_matched_text,en,5251,4568,1245,1496,True,2286
153154,Scadoxus puniceus,species,taxon_matched_text,en,2364,2364,787,986,True,1776
154283,Bismarckia nobilis,species,taxon_matched_text,es,6037,1619,781,947,True,1737
154888,Pachystachys lutea,species,taxon_matched_text,en,1548,842,139,249,True,1039
158434,Anthriscus cerefolium,species,text_needs_scope_review,en,4676,3761,1028,1263,True,2053
159405,Brachythecium rivulare,species,text_needs_scope_review,de,1248,1248,664,818,True,1608
162748,Eucalyptus cinerea,species,taxon_matched_text,en,3255,2880,865,1038,True,1828
163607,Helianthemum salicifolium,species,taxon_matched_text,pt,1370,1370,268,447,True,1237
163639,Heliconia bihai,species,taxon_matched_text,en,1036,1036,219,347,True,1137
164955,Lycium chinense,species,taxon_matched_text,en,3082,1906,837,1016,True,1806
165876,Opuntia cochenillifera,species,taxon_matched_text,en,3245,810,106,220,True,1010
166208,Passiflora ligularis,species,taxon_matched_text,en,4531,3808,1501,1844,True,2634
167075,Plumeria obtusa,species,taxon_matched_text,en,2289,1707,367,501,True,1291
167517,Psilotum nudum,species,taxon_matched_text,en,2398,2398,576,743,True,1533
184342,Calodendrum capense,species,taxon_matched_text,en,685,685,301,426,True,1216
191917,Eryngium galioides,species,taxon_matched_text,pt,1637,1637,601,848,True,1638
208128,Eucalyptus dalrympleana,species,taxon_matched_text,en,4343,2098,681,819,True,1609
245690,Orobanche artemisiae-campestris,species,taxon_matched_text,pt,1446,1446,268,457,True,1247
277314,Tradescantia sillamontana,species,taxon_matched_text,en,1206,1206,576,717,True,1507
282740,Echeveria agavoides,species,taxon_matched_text,en,2032,2032,761,948,True,1738
320523,Rhododendron arboreum,species,taxon_matched_text,en,2514,2181,811,1017,True,1807
333665,Allium chamaemoly,species,taxon_matched_text,en,1220,1220,510,688,True,1478
338394,Iris boissieri,species,taxon_matched_text,en,4691,2051,640,900,True,1690
338413,Thesium pyrenaicum,species,taxon_matched_text,en,1710,412,187,291,True,1081
341990,Moehringia pentandra,species,taxon_matched_text,pt,1147,1147,250,421,True,1211
347959,Allium schmitzii,species,taxon_matched_text,unspecified,352,352,352,470,True,1260
357948,Micranthes stellaris,species,taxon_matched_text,en,3344,3344,849,1025,True,1815
371912,Draba muralis,species,taxon_matched_text,pt,1899,1231,264,429,True,1219
371995,Sternbergia lutea,species,taxon_matched_text,en,1871,1871,644,822,True,1612
372556,Ulva compressa,species,taxon_matched_text,en,782,782,180,302,True,1092
402509,Pilosella officinarum,species,taxon_matched_text,en,4049,2756,818,1012,True,1802
415196,Parietaria lusitanica,species,taxon_matched_text,en,1618,331,88,189,True,979
415892,Cistus × purpureus,hybrid,taxon_matched_text,en,468,468,149,269,True,1059
418760,Chaenorhinum serpyllifolium,species,taxon_matched_text,pt,1487,1487,325,491,True,1281
461356,Philonotis rigida,species,taxonomy_only,,0,0,0,40,False,830
464251,Parrotia persica,species,taxon_matched_text,en,2066,1772,630,775,True,1565
469985,Narcissus confusus,species,text_needs_scope_review,es,727,727,516,683,True,1473
484853,Silene mellifera,species,taxon_matched_text,pt,1636,1636,695,945,True,1735
485606,Fissidens polyphyllus,species,taxonomy_only,,0,0,0,45,False,835
486283,Nitella hyalina,species,taxon_matched_text,en,193,193,24,121,True,911
491355,Rosa corymbifera,species,taxon_matched_text,en,9954,8689,122,214,True,1004
509593,Otospermum glabrum,species,taxon_matched_text,pt,2020,1256,245,420,True,1210
512353,Euphrasia azorica,species,taxon_matched_text,pt,483,483,234,356,True,1146
525529,Rubus vagabundus,species,taxon_matched_text,pt,1261,1261,245,417,True,1207
545768,Melica magnolii,species,taxonomy_only,,0,0,0,41,False,831
570734,Curio talinoides,species,taxon_matched_text,en,988,988,463,599,True,1389
846492,Wallisia cyanea,species,taxon_matched_text,en,1035,1035,232,355,True,1145
847907,Delphinium verdunense,species,taxonomy_only,,0,0,0,43,False,833
866483,Alchemilla arvensis,species,taxon_matched_text,en,2820,1594,550,700,True,1490
1138755,Callithamnion tetricum,species,taxonomy_only,,0,0,0,46,False,836
1183511,Crepis pusilla,species,taxon_matched_text,en,1856,666,401,566,True,1356
1351763,Serapias × todaroi,hybrid,taxonomy_only,,0,0,0,47,False,837
1377229,Festuca fasciculata,species,text_needs_scope_review,en,392,392,121,218,True,1008
1454633,Ophrys iricolor,species,text_needs_scope_review,en,6555,5216,369,506,True,1296
1501552,Gagea ellyptica,species,taxonomy_only,,0,0,0,46,False,836
1501776,Narcissus fernandesii,species,taxon_matched_text,pt,1650,1650,655,896,True,1686
1565678,Chamaecytisus proliferus,species,taxon_matched_text,en,4433,4433,2717,3036,True,3826
1678219,Ciliochloa effusa,species,taxonomy_only,,0,0,0,44,False,834
52994,Claytonia perfoliata,species,taxon_matched_text,en,6062,4878,1270,1509,True,2299
53050,Epilobium ciliatum,species,taxon_matched_text,en,2820,2820,624,795,True,1585
54808,Fraxinus pennsylvanica,species,taxon_matched_text,en,6068,6068,2291,2603,True,3393
55809,Leucojum aestivum,species,taxon_matched_text,en,3368,3368,967,1124,True,1914
56617,Ceanothus thyrsiflorus,species,taxon_matched_text,en,1513,1513,470,605,True,1395
60105,Lampranthus aureus,species,taxon_matched_text,en,615,615,177,284,True,1074
60175,Atriplex patula,species,taxon_matched_text,en,2695,1506,371,539,True,1329
64208,Symphyotrichum subulatum,species,taxon_matched_text,en,5062,5062,702,879,True,1669
67593,Carya illinoinensis,species,taxon_matched_text,pt,12679,2690,1587,1847,True,2637
68853,Potentilla sterilis,species,taxon_matched_text,en,2031,799,196,293,True,1083
75363,Allium sativum,species,text_needs_scope_review,en,26683,19472,6217,7092,True,7882
75870,Brassica tournefortii,species,taxon_matched_text,en,3596,2343,882,1089,True,1879
77290,Glyceria fluitans,species,taxon_matched_text,en,4891,3625,1093,1327,True,2117
77452,Hornungia procumbens,species,taxon_matched_text,en,1051,1051,257,375,True,1165
77919,Lythrum tribracteatum,species,taxon_matched_text,en,1571,346,141,245,True,1035
78016,Menyanthes trifoliata,species,taxon_matched_text,pt,3921,1633,541,782,True,1572
78338,Panicum dichotomiflorum,species,taxon_matched_text,en,2141,870,211,344,True,1134
78382,Pelargonium zonale,species,taxon_matched_text,en,1446,1446,704,882,True,1672
79013,Scrophularia peregrina,species,taxon_matched_text,en,1683,431,114,214,True,1004
82962,Rhamnus lycioides,species,taxon_matched_text,en,2573,1291,832,1024,True,1814
83156,Hydrangea quercifolia,species,taxon_matched_text,en,5784,5784,2065,2383,True,3173
117802,Gelidium spinosum,species,taxon_matched_text,es,1531,1531,637,822,True,1612
121784,Aquilegia chrysantha,species,taxon_matched_text,en,5255,5255,2289,2605,True,3395
123771,Brachythecium albicans,species,text_needs_scope_review,de,1286,1286,692,825,True,1615
124359,Viola canina,species,taxon_matched_text,en,1820,639,120,224,True,1014
125857,Ferraria crispa,species,taxon_matched_text,en,572,572,49,140,True,930
126757,Mercurialis perennis,species,taxon_matched_text,en,4040,2815,1640,1918,True,2708
127186,Securigera varia,species,taxon_matched_text,en,2231,2231,659,814,True,1604
128801,Scorpiurium circinatum,species,taxonomy_only,,0,0,0,44,False,834
129055,Zelkova serrata,species,taxon_matched_text,en,5144,3914,1854,2140,True,2930
135559,Zamia furfuracea,species,taxon_matched_text,en,2583,1319,637,812,True,1602
135954,Encephalartos trispinosus,species,taxon_matched_text,en,843,843,263,365,True,1155
135968,Encephalartos villosus,species,taxon_matched_text,en,884,884,268,377,True,1167
138894,Lotus macranthus,species,taxon_matched_text,en,1694,466,126,252,True,1042
142793,Cephalotaxus harringtonia,species,text_needs_scope_review,en,5184,4361,1105,1323,True,2113
159528,Bryum dichotomum,species,text_needs_scope_review,en,357,357,40,137,True,927
159678,Callisia fragrans,species,taxon_matched_text,en,1799,1799,632,806,True,1596
159690,Callitriche terrestris,species,taxon_matched_text,en,157,157,27,115,True,905
159794,Campylopus pilifer,species,taxonomy_only,,0,0,0,41,False,831
161936,Diphyscium foliosum,species,text_needs_scope_review,de,1249,1249,675,829,True,1619
163024,Fissidens taxifolius,species,taxon_matched_text,en,6065,6065,2988,3431,True,4221
164232,Jasminum nudiflorum,species,taxon_matched_text,en,2160,2160,577,787,True,1577
164327,Kalanchoe daigremontiana,species,taxon_matched_text,en,6863,2981,890,1088,True,1878
167993,Rosa spinosissima,species,text_needs_scope_review,en,1060,1060,315,468,True,1258
170060,Ulota crispa,species,taxon_matched_text,en,472,472,51,136,True,926
170203,Viburnum plicatum,species,taxon_matched_text,en,1477,1477,475,641,True,1431
186154,Leucadendron argenteum,species,taxon_matched_text,en,2555,2555,860,1069,True,1859
200847,Pittosporum eugenioides,species,taxon_matched_text,en,3172,3172,1465,1730,True,2520
203723,Ceramium virgatum,species,taxon_matched_text,en,500,500,143,267,True,1057
204128,Cotoneaster glaucophyllus,species,taxon_matched_text,en,737,737,266,396,True,1186
204923,Agave vivipara,species,text_needs_scope_review,en,876,876,121,205,True,995
206183,Furcraea parmentieri,species,taxonomy_only,,0,0,0,43,False,833
209889,Casimiroa edulis,species,text_needs_scope_review,en,1714,1714,578,732,True,1522
210184,Hardenbergia violacea,species,taxon_matched_text,en,3323,3323,751,919,True,1709
243499,Cynoglossum cheirifolium,species,taxon_matched_text,en,2136,778,259,371,True,1161
273594,Mammillaria elongata,species,taxon_matched_text,en,1011,1011,369,480,True,1270
274132,Beschorneria yuccoides,species,taxon_matched_text,en,1394,1394,460,628,True,1418
275384,Euphorbia hypericifolia,species,taxon_matched_text,en,1807,1807,267,418,True,1208
281031,Agave fourcroydes,species,taxon_matched_text,en,1907,1907,604,762,True,1552
320643,Verbascum giganteum,species,taxon_matched_text,pt,696,696,540,728,True,1518
325101,Opuntia puberula,species,text_needs_scope_review,es,1032,1032,558,719,True,1509
327366,Philodendron erubescens,species,taxon_matched_text,en,1555,1555,370,510,True,1300
333951,Andryala ragusina,species,taxon_matched_text,pt,1530,1530,533,775,True,1565
336807,Euphorbia canariensis,species,taxon_matched_text,en,2192,2192,210,330,True,1120
338110,Genista micrantha,species,taxon_matched_text,pt,1237,1237,258,426,True,1216
338465,Sagina maritima,species,taxon_matched_text,en,1463,296,46,130,True,920
341588,Melilotus messanensis,species,taxon_matched_text,en,403,403,100,199,True,989
349245,Malephora lutea,species,taxon_matched_text,en,361,361,103,200,True,990
361354,Crocosmia aurea,species,taxon_matched_text,en,925,925,340,465,True,1255
366346,Maranta leuconeura,species,taxon_matched_text,en,3135,3135,1107,1342,True,2132
369895,Hymenosporum flavum,species,taxon_matched_text,es,3829,604,409,563,True,1353
370011,Aleurites moluccanus,species,taxon_matched_text,en,9429,8710,2242,2675,True,3465
370092,Erigeron floribundus,species,taxon_matched_text,en,1678,1678,435,574,True,1364
418753,Sorbus maderensis,species,taxon_matched_text,en,1807,534,55,151,True,941
424495,Silene rothmaleri,species,taxon_matched_text,pt,1253,1253,290,458,True,1248
430868,Colletia paradoxa,species,taxon_matched_text,pt,1179,1179,550,743,True,1533
437555,Berberis julianae,species,taxon_matched_text,en,821,821,187,304,True,1094
441312,Nymphaea rubra,species,taxon_matched_text,en,2964,2964,632,868,True,1658
447734,Linaria micrantha,species,taxon_matched_text,pt,1552,1552,595,813,True,1603
450656,Oxyrrhynchium hians,species,taxon_matched_text,en,731,731,120,244,True,1034
450670,Melica uniflora,species,taxon_matched_text,en,2619,1408,654,808,True,1598
450870,Armeria arenaria,species,taxon_matched_text,es,1426,1426,857,1035,True,1825
451454,Silene baccifera,species,taxon_matched_text,en,741,741,42,128,True,918
483885,Medicago intertexta,species,taxon_matched_text,en,1586,316,99,194,True,984
485334,Acrosorium ciliolatum,species,taxonomy_only,,0,0,0,43,False,833
491202,Medicago × varia,hybrid,text_needs_scope_review,en,26500,24333,6720,7532,True,8322
497837,Festuca ampla,species,taxon_matched_text,en,1924,676,175,277,True,1067
498028,Fuchsia triphylla,species,taxon_matched_text,en,1544,1544,727,897,True,1687
509286,Veronica dabneyi,species,taxon_matched_text,en,2524,519,117,202,True,992
520622,Fumaria sepium,species,taxon_matched_text,pt,1203,1203,271,440,True,1230
559683,Cleome houtteana,species,taxon_matched_text,en,1406,1406,448,601,True,1391
588541,Lampranthus emarginatus,species,taxon_matched_text,en,362,362,48,137,True,927
773428,Galium scabrum,species,taxon_matched_text,pt,1133,1133,222,372,True,1162
790858,Pistacia × saportae,hybrid,taxon_matched_text,en,497,497,37,130,True,920
827821,Thymelaea procumbens,species,taxon_matched_text,en,1627,308,43,145,True,935
831146,Myriolimon diffusum,species,taxonomy_only,,0,0,0,41,False,831
861345,Erysimum arbuscula,species,taxon_matched_text,pt,1256,1256,260,431,True,1221
867483,Stellaria apetala,species,taxon_matched_text,en,4225,4225,1451,1689,True,2479
891521,Galium minutulum,species,taxon_matched_text,en,1896,707,117,210,True,1000
901906,Parodia lenninghausii,species,taxon_matched_text,pt,1853,1853,957,1182,True,1972
943001,Vertebrata thuyoides,species,taxon_matched_text,en,540,540,250,391,True,1181
947945,Riccia warnstorfii,species,taxonomy_only,,0,0,0,43,False,833
1078718,Oeosporangium tinaei,species,taxonomy_only,,0,0,0,48,False,838
1095244,Carex durieui,species,taxon_matched_text,pt,1645,1645,663,901,True,1691
1172864,Musella lasiocarpa,species,taxon_matched_text,en,1124,1124,208,325,True,1115
1252135,Serapias × rainei,hybrid,taxonomy_only,,0,0,0,45,False,835
1262599,Ophrys × turiana,hybrid,taxonomy_only,,0,0,0,45,False,835
1266317,Gnidia polystachya,species,taxon_matched_text,pt,1270,1270,286,457,True,1247
1361435,Helosciadium milfontinum,species,taxonomy_only,,0,0,0,44,False,834
1622176,Adenocarpus argyrophyllus,species,taxon_matched_text,en,1701,585,281,453,True,1243
49381,Wollemia nobilis,species,taxon_matched_text,es,18073,4062,2105,2402,True,3192
52654,Drosera aliciae,species,taxon_matched_text,en,874,874,266,381,True,1171
54333,Veronica beccabunga,species,taxon_matched_text,en,2037,761,313,417,True,1207
54428,Crataegus laevigata,species,taxon_matched_text,en,3460,2808,965,1145,True,1935
54890,Epidendrum radicans,species,taxon_matched_text,en,3747,3747,1591,1846,True,2636
56419,Riccia nigrella,species,taxonomy_only,,0,0,0,38,False,828
58208,Eucalyptus tereticornis,species,taxon_matched_text,en,7672,3807,1213,1373,True,2163
58879,Chenopodium berlandieri,species,taxon_matched_text,en,11569,11569,4212,4698,True,5488
60017,Petrorhagia saxifraga,species,taxon_matched_text,en,2692,1440,332,461,True,1251
60210,Ammannia coccinea,species,taxon_matched_text,en,1046,615,212,311,True,1101
61824,Trifolium hybridum,species,taxon_matched_text,en,3842,2584,744,956,True,1746
67715,Capparis spinosa,species,text_needs_scope_review,en,7914,7087,2670,3143,True,3933
75758,Berberis vulgaris,species,taxon_matched_text,en,8627,4360,1137,1392,True,2182
75769,Billardiera heterophylla,species,taxon_matched_text,en,2604,2604,621,788,True,1578
77093,Eucalyptus viminalis,species,taxon_matched_text,en,6409,4573,1239,1409,True,2199
77193,Galium divaricatum,species,taxon_matched_text,en,975,975,143,272,True,1062
79496,Veronica catenata,species,taxon_matched_text,en,2820,1634,552,697,True,1487
123958,Sphagnum capillifolium,species,taxon_matched_text,en,785,785,195,309,True,1099
124412,Aloe ferox,species,taxon_matched_text,en,2645,1745,637,808,True,1598
124422,Rhytidiadelphus loreus,species,taxon_matched_text,en,2445,2445,1693,1889,True,2679
128652,Salvia coccinea,species,taxon_matched_text,en,2587,1341,375,490,True,1280
129282,Paliurus spina-christi,species,taxon_matched_text,en,1381,1381,321,461,True,1251
133332,Vitex trifolia,species,taxon_matched_text,en,2914,2914,1122,1311,True,2101
135549,Tetraclinis articulata,species,text_needs_scope_review,en,10338,2892,837,1026,True,1816
136086,Dioon edule,species,taxon_matched_text,en,3250,3250,1751,1986,True,2776
136884,Afrocarpus mannii,species,taxon_matched_text,en,712,712,364,493,True,1283
139568,Bauhinia forficata,species,taxon_matched_text,en,2586,1438,408,550,True,1340
155773,Trichocolea tomentella,species,taxon_matched_text,en,3544,3544,1579,1838,True,2628
158226,Alternanthera brasiliana,species,taxon_matched_text,en,4031,1940,651,816,True,1606
160162,Carum carvi,species,taxon_matched_text,pt,3679,872,663,825,True,1615
161255,Cuphea carthagenensis,species,taxon_matched_text,pt,1346,1346,919,1159,True,1949
161864,Dicranum montanum,species,text_needs_scope_review,de,869,869,385,495,True,1285
162821,Euphorbia esula,species,taxon_matched_text,en,6400,1655,681,820,True,1610
163999,Hypnum jutlandicum,species,taxon_matched_text,en,477,477,74,171,True,961
164426,Lantana velutina,species,taxonomy_only,,0,0,0,42,False,832
164443,Lathyrus sativus,species,taxon_matched_text,en,6353,5110,1242,1506,True,2296
165098,Malcolmia maritima,species,taxon_matched_text,en,405,405,208,313,True,1103
165140,Manihot grahamii,species,taxon_matched_text,en,836,836,95,192,True,982
165210,Medicago monspeliaca,species,taxon_matched_text,en,382,382,116,215,True,1005
165538,Mucuna urens,species,taxon_matched_text,en,2372,2372,688,831,True,1621
166064,Palustriella commutata,species,taxon_matched_text,en,455,455,55,143,True,933
167328,Potamogeton perfoliatus,species,taxon_matched_text,en,7430,6114,1977,2302,True,3092
168497,Scapania compacta,species,taxonomy_only,,0,0,0,41,False,831
170415,Zephyranthes candida,species,taxon_matched_text,en,2068,1589,391,538,True,1328
183064,Ahnfeltia plicata,species,taxon_matched_text,en,1738,1738,575,714,True,1504
200942,Quercus petraea,species,taxon_matched_text,en,6108,5588,1223,1427,True,2217
206710,Echeveria setosa,species,taxon_matched_text,en,1371,979,346,483,True,1273
206749,Echeveria elegans,species,taxon_matched_text,en,1361,861,275,423,True,1213
273629,Mammillaria vetula,species,taxon_matched_text,en,2267,2267,1036,1207,True,1997
274316,Ceradenia jungermannioides,species,taxon_matched_text,en,510,510,47,139,True,929
284707,Eruca sativa,species,taxon_matched_text,en,6198,5555,1813,2148,True,2938
322051,Thymus serpyllum,species,taxon_matched_text,en,4002,4002,703,903,True,1693
322735,Cladophora prolifera,species,text_needs_scope_review,es,1275,1275,514,644,True,1434
325603,Schoenoplectiella mucronata,species,taxon_matched_text,en,2031,2031,327,482,True,1272
327002,Laurencia obtusa,species,taxonomy_only,,0,0,0,39,False,829
327227,Clinopodium alpinum,species,taxon_matched_text,en,1374,1374,385,561,True,1351
327855,Fittonia albivenis,species,taxon_matched_text,en,1837,1837,517,662,True,1452
333723,Carlina corymbosa,species,taxon_matched_text,en,920,920,381,519,True,1309
335185,Narcissus cavanillesii,species,taxon_matched_text,en,3392,1200,609,792,True,1582
336864,Agapanthus campanulatus,species,taxon_matched_text,en,712,712,212,344,True,1134
338374,Dianthus langeanus,species,taxon_matched_text,pt,1156,1156,543,765,True,1555
339914,Stephanotis floribunda,species,taxon_matched_text,en,1362,1362,546,724,True,1514
340164,Ficus sycomorus,species,taxon_matched_text,en,8324,5974,2027,2378,True,3168
342078,Crepis divaricata,species,taxon_matched_text,pt,1261,1261,252,423,True,1213
344928,Juncus ranarius,species,taxon_matched_text,en,263,263,38,134,True,924
346173,Salvia guaranitica,species,taxon_matched_text,en,1121,1121,340,478,True,1268
349232,Viburnum suspensum,species,taxon_matched_text,en,352,352,158,279,True,1069
418761,Herniaria lusitanica,species,taxon_matched_text,en,1992,623,195,316,True,1106
429214,Radermachera sinica,species,taxon_matched_text,en,936,936,432,560,True,1350
430749,Brunfelsia australis,species,taxon_matched_text,es,1479,1479,908,1083,True,1873
438648,Elatine macropoda,species,taxon_matched_text,pt,1204,1204,243,410,True,1200
438961,Gymnocalycium mihanovichii,species,taxon_matched_text,en,2821,2821,895,1106,True,1896
469671,Lampranthus multiradiatus,species,taxon_matched_text,en,2119,823,170,272,True,1062
495155,Vicia serratifolia,species,taxonomy_only,,0,0,0,41,False,831
511006,Alcantarea imperialis,species,taxon_matched_text,en,1969,1234,304,427,True,1217
514677,Ononis diffusa,species,taxon_matched_text,pt,1203,1203,237,385,True,1175
525523,Rubus galloecicus,species,taxon_matched_text,pt,1242,1242,248,419,True,1209
546074,Euphorbia angulata,species,taxon_matched_text,pt,1140,1140,98,232,True,1022
560864,Echinospartum lusitanicum,species,taxonomy_only,,0,0,0,47,False,837
577631,Convolvulus farinosus,species,taxon_matched_text,en,1793,538,30,118,True,908
602447,Cymbalaria glutinosa,species,taxonomy_only,,0,0,0,45,False,835
630862,Heliotropium ramosissimum,species,taxon_matched_text,pt,1305,1305,269,446,True,1236
733115,Galium concatenatum,species,taxon_matched_text,pt,1235,1235,563,832,True,1622
741538,Rumex roseus,species,taxon_matched_text,pt,1190,1190,241,406,True,1196
804760,Phelipanche mutelii,species,text_needs_scope_review,en,1861,322,31,120,True,910
866173,Conopodium subcarneum,species,taxon_matched_text,pt,1302,1302,274,449,True,1239
870039,Trichocereus spachianus,species,text_needs_scope_review,en,2041,2041,602,718,True,1508
884445,Guzmania conifera,species,taxon_matched_text,en,656,656,63,166,True,956
919362,Passiflora × violacea,hybrid,taxon_matched_text,en,867,867,344,464,True,1254
919792,Lavandula × limae,hybrid,taxonomy_only,,0,0,0,44,False,834
955877,Hypericum × hidcoteense,hybrid,taxonomy_only,,0,0,0,46,False,836
979052,Euphorbia uliginosa,species,taxon_matched_text,pt,1180,1180,116,253,True,1043
1274020,Thrincia glabrata,species,taxonomy_only,,0,0,0,42,False,832
1311723,Ravenala madagascariensis,species,taxon_matched_text,en,2530,1739,546,719,True,1509
1409518,Carex oederi,species,taxon_matched_text,pt,4358,1292,317,463,True,1253
1435860,Asplenium braithwaitei,species,taxonomy_only,,0,0,0,46,False,836
1441711,Passiflora manicata × tarminiana,hybrid,taxonomy_only,,0,0,0,50,False,840
1455863,Rosa × damascena,hybrid,taxon_matched_text,en,3187,3187,1593,1907,True,2697
1480485,Silene tuberculata,species,taxonomy_only,,0,0,0,42,False,832
1511165,Patzkea paniculata,species,text_needs_scope_review,en,1604,1604,49,136,True,926
1511491,Dioscorea edulis,species,taxonomy_only,,0,0,0,44,False,834
1683702,Sagina filicaulis,species,taxonomy_only,,0,0,0,42,False,832
51610,Veronica chamaedrys,species,taxon_matched_text,en,3283,2012,434,580,True,1370
54431,Ribes rubrum,species,text_needs_scope_review,en,4639,3936,1613,1846,True,2636
54801,Morus rubra,species,taxon_matched_text,en,7797,7797,2899,3368,True,4158
55405,Petunia axillaris,species,taxon_matched_text,en,855,855,187,283,True,1073
58085,Sisymbrium irio,species,taxon_matched_text,en,5966,4642,1706,2004,True,2794
58230,Plantago ovata,species,taxon_matched_text,en,2317,1024,119,212,True,1002
59556,Cercis occidentalis,species,taxon_matched_text,en,2906,2906,1046,1303,True,2093
62588,Hypericum mutilum,species,taxon_matched_text,en,4449,3310,1903,2135,True,2925
68319,Medinilla magnifica,species,taxon_matched_text,en,1028,1028,537,682,True,1472
76220,Cerastium diffusum,species,taxon_matched_text,en,2012,741,266,371,True,1161
76750,Dysphania multifida,species,taxon_matched_text,en,1736,507,169,266,True,1056
77254,Geranium core-core,species,taxonomy_only,,0,0,0,42,False,832
77540,Ixia maculata,species,taxon_matched_text,en,1795,549,150,234,True,1024
77663,Lepidium campestre,species,taxon_matched_text,en,1770,1352,478,602,True,1392
77838,Lotus tenuis,species,taxon_matched_text,en,863,863,125,233,True,1023
77913,Lycopodiella inundata,species,taxon_matched_text,en,1402,1402,649,832,True,1622
78378,Pelargonium panduriforme,species,taxonomy_only,,0,0,0,43,False,833
78534,Phalaris angusta,species,taxon_matched_text,en,753,753,199,304,True,1094
78535,Phalaris brachystachys,species,taxon_matched_text,en,2026,603,163,276,True,1066
78792,Pyracantha koidzumii,species,taxon_matched_text,en,655,655,81,182,True,972
82772,Erythrina abyssinica,species,taxon_matched_text,en,1159,1159,528,656,True,1446
118873,Tripleurospermum maritimum,species,taxon_matched_text,en,3658,2363,494,652,True,1442
122980,Phyllostachys edulis,species,taxon_matched_text,en,3086,2450,1086,1235,True,2025
123481,Sabal palmetto,species,taxon_matched_text,en,4804,4804,1626,1908,True,2698
124395,Ctenidium molluscum,species,taxon_matched_text,en,254,254,29,125,True,915
127030,Cochlearia danica,species,taxon_matched_text,en,1780,532,157,287,True,1077
127290,Carex depressa,species,taxon_matched_text,pt,1212,1212,251,394,True,1184
133075,Plantago alpina,species,taxon_matched_text,en,1725,564,21,104,True,894
135408,Quercus cerris,species,taxon_matched_text,en,4895,4895,1457,1703,True,2493
135553,Thujopsis dolabrata,species,text_needs_scope_review,en,5903,1540,657,812,True,1602
136170,Ceratozamia mexicana,species,taxon_matched_text,en,594,594,70,166,True,956
141184,Carex remota,species,taxon_matched_text,en,2519,1332,332,444,True,1234
155851,Thinopyrum elongatum,species,taxon_matched_text,en,495,495,121,217,True,1007
155862,Thymelaea broteriana,species,taxon_matched_text,pt,1692,1692,652,900,True,1690
157583,Jungermannia,genus,taxon_matched_text,en,8579,8579,5825,6329,True,7119
157642,Houttuynia cordata,species,taxon_matched_text,en,8892,3517,1146,1410,True,2200
158132,Agrostis canina,species,taxon_matched_text,en,2595,1606,376,529,True,1319
158432,Anthoceros punctatus,species,taxon_matched_text,en,411,411,30,115,True,905
160332,Cerastium brachypetalum,species,taxon_matched_text,en,2743,1372,465,579,True,1369
160583,Cinnamomum burmanni,species,taxon_matched_text,en,3388,3388,569,729,True,1519
163177,Galium glaucum,species,taxon_matched_text,en,2098,828,135,251,True,1041
163882,Hygroamblystegium varium,species,taxon_matched_text,en,860,860,80,195,True,985
164526,Lepidium ruderale,species,taxon_matched_text,en,719,300,71,160,True,950
165527,Moricandia arvensis,species,taxon_matched_text,en,2351,1046,102,202,True,992
167538,Pterigynandrum filiforme,species,taxon_matched_text,en,214,214,32,136,True,926
167982,Rosa gallica,species,taxon_matched_text,en,7511,2864,733,927,True,1717
168382,Salvia lemmonii,species,text_needs_scope_review,en,2827,2827,1258,1454,True,2244
168442,Satureja montana,species,text_needs_scope_review,en,3595,3168,887,1129,True,1919
179421,Begonia heracleifolia,species,taxon_matched_text,en,962,962,79,165,True,955
181596,Ononis alopecuroides,species,taxon_matched_text,en,1657,359,87,189,True,979
196971,Ranunculus fluitans,species,taxon_matched_text,en,1493,1493,499,681,True,1471
201453,Roystonea regia,species,taxon_matched_text,en,8914,8614,2477,2791,True,3581
204259,Bromus rigidus,species,taxon_matched_text,en,2164,995,444,597,True,1387
204362,Nasturtium microphyllum,species,taxon_matched_text,en,831,831,110,204,True,994
273687,Agave mapisaga,species,taxon_matched_text,es,836,836,425,589,True,1379
274370,Opuntia dillenii,species,taxon_matched_text,en,1829,621,55,144,True,934
274730,Lepidozia cupressina,species,taxonomy_only,,0,0,0,41,False,831
283326,Asparagus falcatus,species,taxon_matched_text,en,629,629,295,439,True,1229
287245,Macadamia integrifolia,species,taxon_matched_text,en,2290,1455,345,535,True,1325
327525,Phaeoceros laevis,species,taxon_matched_text,en,1327,1327,358,468,True,1258
331121,Citrus × aurantiifolia,hybrid,text_needs_scope_review,en,6380,5131,2150,2491,True,3281
331132,Begonia × erythrophylla,hybrid,taxonomy_only,,0,0,0,44,False,834
334567,Grewia occidentalis,species,taxon_matched_text,en,1258,1258,411,553,True,1343
336005,Campanula poscharskyana,species,taxon_matched_text,en,1910,799,414,582,True,1372
337749,Euphorbia grandicornis,species,taxon_matched_text,en,1755,1755,343,504,True,1294
338098,Salix eleagnos,species,taxon_matched_text,en,884,884,254,368,True,1158
338368,Tanacetum corymbosum,species,taxon_matched_text,en,1603,238,34,136,True,926
338388,Euphorbia hyberna,species,taxon_matched_text,pt,902,902,107,226,True,1016
341585,Picris willkommii,species,taxon_matched_text,pt,1594,1594,610,848,True,1638
342055,Lotus argyrodes,species,taxon_matched_text,en,1677,442,107,226,True,1016
349239,Aloe brevifolia,species,taxon_matched_text,en,1983,1274,537,694,True,1484
357867,Adonis microcarpa,species,taxon_matched_text,en,1857,611,393,550,True,1340
363724,Phleum bertolonii,species,taxon_matched_text,en,7216,979,324,462,True,1252
400463,Carex punctata,species,taxon_matched_text,en,2463,1166,277,393,True,1183
418237,Cereus jamacaru,species,taxon_matched_text,en,4316,1753,799,998,True,1788
418756,Vicia capreolata,species,taxon_matched_text,pt,1232,1232,253,424,True,1214
424112,Delosperma echinatum,species,taxon_matched_text,en,590,590,116,216,True,1006
436995,Schoenoplectus litoralis,species,taxon_matched_text,pt,1598,1598,563,769,True,1559
461313,Exormotheca welwitschii,species,taxonomy_only,,0,0,0,47,False,837
461369,Riccia perennis,species,taxonomy_only,,0,0,0,39,False,829
481160,Dactylorhiza insularis,species,taxon_matched_text,en,1567,1567,430,597,True,1387
482848,Scilla hyacinthoides,species,taxon_matched_text,en,527,527,145,253,True,1043
485623,Althenia filiformis,species,taxon_matched_text,pt,364,364,211,338,True,1128
490378,Malva subovata,species,taxon_matched_text,en,960,960,99,194,True,984
491674,Ruschia macowanii,species,taxonomy_only,,0,0,0,40,False,830
492815,Convolvulus pentapetaloides,species,taxon_matched_text,en,1776,418,116,220,True,1010
492955,Parapholis filiformis,species,taxon_matched_text,en,1627,362,114,214,True,1004
494401,Stauridium tetras,species,taxonomy_only,,0,0,0,41,False,831
497813,Myosotis balbisiana,species,taxon_matched_text,pt,1208,1208,232,404,True,1194
501464,Chaenostoma cordatum,species,taxon_matched_text,en,1365,1365,393,551,True,1341
504607,Euphorbia umbellata,species,taxon_matched_text,en,2770,1925,611,780,True,1570
514198,Coincya transtagana,species,taxon_matched_text,pt,1291,1291,271,443,True,1233
514700,Hippocrepis ciliata,species,taxon_matched_text,en,1638,373,112,212,True,1002
515652,Lobularia libyca,species,taxon_matched_text,pt,1815,1815,559,802,True,1592
516431,Caropsis verticillatoinundata,species,text_needs_scope_review,en,940,689,33,121,True,911
542735,Paronychia capitata,species,taxonomy_only,,0,0,0,41,False,831
633975,Schizogyne sericea,species,taxon_matched_text,en,1719,403,30,117,True,907
639688,Lithophyllum dentatum,species,taxon_matched_text,pt,907,907,543,687,True,1477
743091,Bostrychia scorpioides,species,taxonomy_only,,0,0,0,45,False,835
790312,Lavandula × heterophylla,hybrid,taxonomy_only,,0,0,0,41,False,831
803139,Ophrys × sommieri,hybrid,taxonomy_only,,0,0,0,44,False,834
829568,Orobanche balsensis,species,taxonomy_only,,0,0,0,43,False,833
856387,Goeppertia rufibarba,species,taxon_matched_text,en,1001,1001,152,258,True,1048
857208,Berberis japonica,species,taxon_matched_text,en,1958,1958,624,768,True,1558
886597,Sedum cespitosum,species,text_needs_scope_review,es,1157,1157,668,872,True,1662
891580,Limonium algarvense,species,taxon_matched_text,pt,611,611,407,559,True,1349
952769,Odontites viscosus,species,taxon_matched_text,pt,1256,1256,271,420,True,1210
1123342,Limonium plurisquamatum,species,taxon_matched_text,pt,1546,1546,511,762,True,1552
1138754,Ceramium echionotum,species,taxon_matched_text,en,729,729,256,379,True,1169
1143003,Dianthus nudiflorus,species,taxon_matched_text,en,1141,1141,267,368,True,1158
1284659,Ceramium pallidum,species,taxon_matched_text,en,698,698,232,372,True,1162
1374034,Conopodium thalictrifolium,species,taxon_matched_text,es,1070,1070,532,727,True,1517
1407175,Pseudopodospermum crispatulum,species,taxonomy_only,,0,0,0,50,False,840
1458993,Festuca salzmannii,species,taxon_matched_text,en,1777,1458,311,431,True,1221
1554981,Silene coutinhoi,species,taxon_matched_text,pt,1158,1158,264,433,True,1223
1596733,Schlumbergera × buckleyi,hybrid,text_needs_scope_review,en,11171,10658,5353,5942,True,6732
1673110,Linaria almadensis,species,taxon_matched_text,en,2604,1237,458,596,True,1386
50851,Cerastium arvense,species,taxon_matched_text,en,1455,971,318,433,True,1223
55226,Coleonema album,species,taxon_matched_text,es,838,838,507,653,True,1443
55979,Galeopsis tetrahit,species,taxon_matched_text,en,2419,1153,489,625,True,1415
56160,Valeriana officinalis,species,taxon_matched_text,pt,13272,4385,2677,3088,True,3878
56849,Brahea edulis,species,taxon_matched_text,en,1688,1688,698,832,True,1622
57020,Eleocharis acicularis,species,taxon_matched_text,en,3473,2180,621,836,True,1626
61236,Chaenomeles japonica,species,taxon_matched_text,en,1499,1499,440,583,True,1373
62085,Bunium bulbocastanum,species,taxon_matched_text,en,2111,864,169,279,True,1069
62200,Anchusa arvensis,species,taxon_matched_text,en,3518,2111,719,987,True,1777
62671,Pueraria montana,species,taxon_matched_text,en,6517,6517,2243,2592,True,3382
64177,Leersia oryzoides,species,taxon_matched_text,en,2131,821,190,278,True,1068
68131,Picea sitchensis,species,taxon_matched_text,en,7688,7299,2513,2893,True,3683
75864,Brachypodium pinnatum,species,taxon_matched_text,en,706,706,150,265,True,1055
76791,Eleusine tristachya,species,taxon_matched_text,pt,1277,1277,276,446,True,1236
76846,Equisetum palustre,species,taxon_matched_text,en,2687,2687,501,669,True,1459
76849,Eragrostis cilianensis,species,taxon_matched_text,en,1895,570,172,290,True,1080
76850,Eragrostis curvula,species,taxon_matched_text,en,3023,1772,766,952,True,1742
76855,Eragrostis minor,species,taxon_matched_text,en,3396,2189,298,402,True,1192
77755,Limonium perezii,species,taxon_matched_text,en,848,848,293,419,True,1209
78998,Schoenoplectus tabernaemontani,species,taxon_matched_text,en,2205,2205,569,730,True,1520
79441,Tripleurospermum inodorum,species,taxon_matched_text,en,2743,2743,1358,1597,True,2387
85047,Scabiosa columbaria,species,taxon_matched_text,en,3140,1755,221,340,True,1130
119386,Curcuma longa,species,text_needs_scope_review,en,16324,10671,4032,4506,True,5296
119900,Rhipsalis baccifera,species,taxon_matched_text,en,3537,2601,220,320,True,1110
119936,Vitis riparia,species,taxon_matched_text,en,2770,1982,1036,1235,True,2025
120490,Philodendron hederaceum,species,taxon_matched_text,en,4455,4455,1045,1264,True,2054
124741,Viburnum lantana,species,taxon_matched_text,en,2383,1486,604,811,True,1601
126188,Gagea lutea,species,taxon_matched_text,en,1397,1397,138,235,True,1025
127345,Vicia sepium,species,taxon_matched_text,en,2202,982,498,631,True,1421
127861,Cunninghamia lanceolata,species,taxon_matched_text,en,10766,3322,878,1039,True,1829
129401,Aristea ecklonii,species,taxon_matched_text,en,998,998,141,240,True,1030
132176,Niphidium crassifolium,species,taxon_matched_text,en,2757,2757,618,758,True,1548
135363,Lophostemon confertus,species,taxon_matched_text,en,1435,1435,344,461,True,1251
135773,Picea omorika,species,taxon_matched_text,en,2809,2403,756,917,True,1707
137723,Dryopteris oreades,species,taxon_matched_text,en,883,883,371,539,True,1329
138475,Trifolium obscurum,species,taxon_matched_text,pt,1242,1242,239,404,True,1194
138858,Ononis pinnata,species,taxon_matched_text,pt,1466,1466,491,710,True,1500
141535,Plagiomnium cuspidatum,species,taxon_matched_text,en,3199,3199,1166,1384,True,2174
141623,Platycodon grandiflorus,species,taxon_matched_text,es,6447,2029,1218,1453,True,2243
142654,Rudbeckia fulgida,species,taxon_matched_text,en,2400,2400,1153,1389,True,2179
142818,Blechnum occidentale,species,taxon_matched_text,en,997,997,85,190,True,980
148006,Salvia farinacea,species,taxon_matched_text,en,2030,2030,978,1124,True,1914
153954,Tagetes lunulata,species,text_needs_scope_review,en,15331,4714,1012,1261,True,2051
154224,Lysimachia nemorum,species,taxon_matched_text,en,2081,787,168,275,True,1065
157765,Abelmoschus esculentus,species,text_needs_scope_review,en,10096,7336,2269,2583,True,3373
158209,Alopecurus arundinaceus,species,taxon_matched_text,en,2246,924,135,230,True,1020
159109,Avena strigosa,species,taxon_matched_text,en,2008,800,177,283,True,1073
159260,Bidens odorata,species,text_needs_scope_review,es,1994,1994,1042,1266,True,2056
159761,Campanula medium,species,taxon_matched_text,en,1666,1666,773,977,True,1767
160946,Cotoneaster dammeri,species,taxon_matched_text,en,944,944,357,476,True,1266
161415,Cynoglossum amabile,species,taxon_matched_text,en,1084,1084,166,276,True,1066
162224,Elatine triandra,species,taxon_matched_text,en,1667,443,74,179,True,969
163061,Fossombronia angulosa,species,taxonomy_only,,0,0,0,42,False,832
163113,Fuchsia paniculata,species,taxon_matched_text,en,743,743,221,339,True,1129
164056,Imperata cylindrica,species,taxon_matched_text,en,9199,6886,1618,1947,True,2737
165529,Moringa oleifera,species,taxon_matched_text,en,16705,13620,4573,5276,True,6066
165658,Nassella neesiana,species,taxon_matched_text,es,1134,1134,455,618,True,1408
165793,Oenothera drummondii,species,taxon_matched_text,en,990,990,300,414,True,1204
165925,Origanum majorana,species,text_needs_scope_review,en,4735,3997,1207,1447,True,2237
166188,Paspalum notatum,species,taxon_matched_text,en,2831,1247,429,565,True,1355
166500,Pereskia aculeata,species,taxon_matched_text,en,6779,2124,728,905,True,1695
166678,Phleum arenarium,species,taxon_matched_text,en,2599,1398,407,572,True,1362
166944,Pityrogramma calomelanos,species,taxon_matched_text,en,692,692,57,146,True,936
168365,Salix triandra,species,taxon_matched_text,en,2755,1549,667,850,True,1640
168741,Sedum mexicanum,species,taxon_matched_text,en,236,236,28,111,True,901
169738,Thuidium delicatulum,species,taxon_matched_text,en,596,596,57,144,True,934
170715,Epidendrum × obrienianum,hybrid,taxonomy_only,,0,0,0,46,False,836
182820,Chaetomorpha linum,species,taxon_matched_text,en,620,620,231,368,True,1158
205088,Ruscus hypoglossum,species,taxon_matched_text,en,983,983,357,474,True,1264
205800,Opuntia streptacantha,species,taxon_matched_text,es,1270,1270,889,1116,True,1906
206500,Selenicereus anthonyanus,species,taxon_matched_text,en,3665,1765,865,1041,True,1831
208757,Buxus microphylla,species,taxon_matched_text,en,1902,1902,600,760,True,1550
208769,Chenopodium giganteum,species,taxon_matched_text,en,2977,2977,537,681,True,1471
208966,Sedum dasyphyllum,species,taxon_matched_text,en,943,943,186,306,True,1096
209325,Cotoneaster microphyllus,species,taxon_matched_text,en,1114,1114,147,238,True,1028
209412,Ophioglossum azoricum,species,taxon_matched_text,en,2885,1377,369,535,True,1325
209714,Caulerpa sertularioides,species,taxon_matched_text,en,1225,1225,553,699,True,1489
274858,Gongylanthus ericetorum,species,taxonomy_only,,0,0,0,47,False,837
276112,Echeveria lilacina,species,taxon_matched_text,en,1102,787,339,499,True,1289
278703,Clerodendrum thomsoniae,species,taxon_matched_text,en,1418,1418,429,562,True,1352
282758,Echeveria pulvinata,species,taxon_matched_text,en,1379,834,303,414,True,1204
288936,Dahlia imperialis,species,taxon_matched_text,en,1557,1557,497,645,True,1435
319135,Azadirachta indica,species,taxon_matched_text,en,11874,8944,2800,3180,True,3970
322670,Ranunculus macrophyllus,species,taxon_matched_text,en,2334,1125,513,695,True,1485
323013,Senecio pyrenaicus,species,taxon_matched_text,pt,2778,2778,619,828,True,1618
323286,Eucalyptus obliqua,species,taxon_matched_text,en,3425,3425,1070,1218,True,2008
327294,Musa velutina,species,taxon_matched_text,en,1852,782,230,343,True,1133
327489,Plagiochila bifaria,species,taxonomy_only,,0,0,0,42,False,832
334348,Stapelia grandiflora,species,taxon_matched_text,en,1231,1231,256,363,True,1153
337712,Euphorbia resinifera,species,taxon_matched_text,en,1354,1354,476,615,True,1405
337852,Festuca summilusitana,species,taxon_matched_text,pt,1225,1225,255,423,True,1213
340495,Serapias vomeracea,species,taxon_matched_text,en,1813,1813,737,912,True,1702
341022,Festuca henriquesii,species,taxon_matched_text,pt,1480,1480,508,748,True,1538
348605,Festuca brigantina,species,taxon_matched_text,pt,1290,1290,292,439,True,1229
349222,Convolvulus cneorum,species,taxon_matched_text,en,1223,1223,331,450,True,1240
359491,Peucedanum gallicum,species,taxon_matched_text,pt,1232,1232,245,427,True,1217
362522,Rubia tinctorum,species,taxon_matched_text,en,10261,2682,1260,1462,True,2252
410374,Jacobaea aquatica,species,taxon_matched_text,en,1998,555,131,224,True,1014
418054,Grevillea juniperina,species,taxon_matched_text,en,25397,12002,3540,3904,True,4694
424481,Ononis maweana,species,taxonomy_only,,0,0,0,41,False,831
431086,Haemanthus albiflos,species,taxon_matched_text,en,1420,1420,558,696,True,1486
431241,Lotus berthelotii,species,taxon_matched_text,en,3812,1191,555,685,True,1475
436600,Isolepis pseudosetacea,species,taxon_matched_text,pt,1283,1283,259,415,True,1205
438301,Cleistocactus strausii,species,taxon_matched_text,en,2200,2200,975,1173,True,1963
461299,Homalothecium lutescens,species,text_needs_scope_review,de,1222,1222,610,730,True,1520
467236,Vicia pubescens,species,taxon_matched_text,pt,1213,1213,268,435,True,1225
469672,Syzygium ingens,species,taxon_matched_text,en,1875,1875,600,745,True,1535
474386,Polygala fruticosa,species,taxon_matched_text,en,550,550,83,172,True,962
479487,Biarum mendax,species,taxon_matched_text,pt,1607,1607,635,870,True,1660
485413,Plagiothecium nemorale,species,taxonomy_only,,0,0,0,42,False,832
485637,Luzula elegans,species,taxonomy_only,,0,0,0,41,False,831
486280,Nitella translucens,species,taxon_matched_text,en,179,179,23,117,True,907
489609,Pericallis × hybrida,hybrid,taxon_matched_text,en,1097,1097,537,667,True,1457
493075,Triplachne nitens,species,taxon_matched_text,pt,2485,1517,530,769,True,1559
496092,Valerianella coronata,species,taxon_matched_text,pt,1341,1341,338,497,True,1287
497814,Cerastium ramosissimum,species,taxon_matched_text,pt,1213,1213,251,426,True,1216
521275,Pilosella castellana,species,taxon_matched_text,pt,1223,1223,256,425,True,1215
524432,Amphilophium buccinatorium,species,text_needs_scope_review,de,2080,2080,877,1047,True,1837
542731,Dilsea carnosa,species,taxon_matched_text,en,1143,1143,313,445,True,1235
564834,Cotyledon tomentosa,species,taxon_matched_text,en,5593,5593,1521,1817,True,2607
574132,Helictochloa hackelii,species,taxonomy_only,,0,0,0,45,False,835
589725,Melaleuca rugulosa,species,taxon_matched_text,en,2457,2457,687,824,True,1614
738800,Veronica stricta,species,taxon_matched_text,en,1295,1295,453,643,True,1433
784685,Chenopodium betaceum,species,text_needs_scope_review,en,405,405,122,217,True,1007
804299,Pistorinia hispanica,species,taxon_matched_text,pt,1648,1648,618,860,True,1650
804770,Phelipanche ramosa,species,text_needs_scope_review,en,2843,1413,175,282,True,1072
847740,Billbergia vittata,species,taxon_matched_text,en,1419,1419,565,745,True,1535
913212,Curio radicans,species,taxon_matched_text,en,1352,1352,463,625,True,1415
917745,Brachytheciastrum velutinum,species,text_needs_scope_review,de,1184,1184,486,621,True,1411
971895,Genista cinerascens,species,taxon_matched_text,pt,1272,1272,269,439,True,1229
1020161,Apopellia endiviifolia,species,taxonomy_only,,0,0,0,44,False,834
1132038,Calliandra tweediei,species,taxon_matched_text,en,272,272,40,129,True,919
1149958,Teucrium aristatum,species,taxonomy_only,,0,0,0,42,False,832
1239050,Ophrys × chobautii,hybrid,taxonomy_only,,0,0,0,49,False,839
1428467,Anacamptis × simorrensis,hybrid,taxonomy_only,,0,0,0,49,False,839
1453825,Roemeria argemone,species,taxon_matched_text,en,4139,2930,1273,1506,True,2296
1456957,Iberis contracta,species,taxonomy_only,,0,0,0,42,False,832
1506717,Angelica major,species,taxon_matched_text,pt,1152,1152,240,413,True,1203
1565829,Ophrys × brigittae,hybrid,taxonomy_only,,0,0,0,47,False,837
49399,Juniperus virginiana,species,taxon_matched_text,en,7499,6788,2505,2844,True,3634
52391,Pinus strobus,species,taxon_matched_text,en,12482,11881,5168,5857,True,6647
53058,Erodium ciconium,species,taxon_matched_text,en,417,417,119,221,True,1011
53066,Galium tricornutum,species,taxon_matched_text,en,2597,1385,224,318,True,1108
54777,Cornus florida,species,taxon_matched_text,en,7792,7792,2826,3178,True,3968
54880,Ficus benghalensis,species,taxon_matched_text,en,3489,2897,1028,1255,True,2045
55847,Euonymus europaeus,species,taxon_matched_text,en,4408,3087,1021,1295,True,2085
56413,Riccia cavernosa,species,taxon_matched_text,en,1711,1711,338,487,True,1277
56485,Calypogeia fissa,species,text_needs_scope_review,de,861,861,418,530,True,1320
57310,Vicia tetrasperma,species,taxon_matched_text,en,2112,886,309,495,True,1285
58188,Mentha arvensis,species,taxon_matched_text,en,8979,5813,888,1069,True,1859
61112,Veronica scutellata,species,taxon_matched_text,en,2945,1728,639,800,True,1590
62944,Cardiospermum halicacabum,species,taxon_matched_text,en,2955,2955,1356,1588,True,2378
71141,Alopecurus pratensis,species,taxon_matched_text,en,2734,1392,511,681,True,1471
75376,Alnus cordata,species,taxon_matched_text,en,4944,3725,1040,1231,True,2021
76543,Cuscuta approximata,species,taxon_matched_text,en,1733,463,251,348,True,1138
76606,Dasiphora fruticosa,species,taxon_matched_text,en,5499,5499,1886,2096,True,2886
76639,Deschampsia cespitosa,species,taxon_matched_text,en,2874,1620,396,548,True,1338
76755,Echinochloa colona,species,taxon_matched_text,en,2713,1472,416,544,True,1334
77299,Gossypium hirsutum,species,taxon_matched_text,en,2600,1940,778,959,True,1749
77411,Hibiscus trionum,species,taxon_matched_text,en,3234,2887,553,681,True,1471
77494,Ipomoea cairica,species,taxon_matched_text,en,3473,2459,702,880,True,1670
77757,Limonium ramosissimum,species,taxon_matched_text,en,556,556,222,343,True,1133
81708,Aesculus pavia,species,taxon_matched_text,en,2773,1384,610,781,True,1571
82814,Nelumbo nucifera,species,taxon_matched_text,en,23896,22147,8129,9157,True,9947
83360,Stenocarpus sinuatus,species,taxon_matched_text,en,984,984,397,568,True,1358
84356,Asplenium nidus,species,taxon_matched_text,en,3845,3845,983,1196,True,1986
85321,Campanula rapunculoides,species,taxon_matched_text,en,3151,3151,898,1107,True,1897
117437,Phlox paniculata,species,taxon_matched_text,en,4575,4575,897,1113,True,1903
117775,Cladophora columbiana,species,taxonomy_only,,0,0,0,45,False,835
119582,Gazania krebsiana,species,taxon_matched_text,en,1721,1721,911,1082,True,1872
119673,Erythrina lysistemon,species,taxon_matched_text,en,1047,1047,385,501,True,1291
122783,Pyrus pyrifolia,species,taxon_matched_text,en,8006,7550,1632,1913,True,2703
123741,Citrus hystrix,species,text_needs_scope_review,en,8290,7746,1793,2134,True,2924
123945,Plagiochila porelloides,species,taxon_matched_text,de,1056,1056,591,743,True,1533
129115,Knautia arvensis,species,taxon_matched_text,en,3059,982,415,564,True,1354
130554,Hydrangea arborescens,species,taxon_matched_text,en,2324,2324,538,729,True,1519
130738,Melaleuca nesophila,species,taxon_matched_text,en,2040,2040,720,879,True,1669
131323,Caulerpa webbiana,species,taxon_matched_text,en,1132,723,286,402,True,1192
133390,Hydrangea paniculata,species,taxon_matched_text,en,2154,2154,454,665,True,1455
135412,Melaleuca styphelioides,species,taxon_matched_text,en,1878,1878,506,650,True,1440
135413,Liquidambar formosana,species,taxon_matched_text,en,1484,1484,414,547,True,1337
135963,Encephalartos transvenosus,species,taxon_matched_text,en,1183,1183,321,433,True,1223
138020,Blechnum nudum,species,text_needs_scope_review,en,1630,1630,775,941,True,1731
142832,Asplenium auritum,species,taxon_matched_text,en,498,498,75,161,True,951
143666,Erigeron acris,species,taxon_matched_text,en,2411,1160,419,537,True,1327
146816,Lablab purpureus,species,taxon_matched_text,es,15530,2391,1410,1654,True,2444
154189,Aulacomnium palustre,species,taxon_matched_text,en,5806,5806,4595,5003,True,5793
155483,Phytolacca octandra,species,taxon_matched_text,en,874,874,210,347,True,1137
159269,Billbergia pyramidalis,species,taxon_matched_text,en,2001,2001,606,768,True,1558
159426,Breynia disticha,species,taxon_matched_text,en,1445,1445,181,276,True,1066
160107,Carex spicata,species,taxon_matched_text,en,3408,2179,450,615,True,1405
160341,Cerastium pumilum,species,taxon_matched_text,en,268,268,116,203,True,993
160361,Cestrum aurantiacum,species,taxon_matched_text,en,1912,1912,734,922,True,1712
160760,Clusia rosea,species,taxon_matched_text,en,2344,2344,641,824,True,1614
163058,Forsythia suspensa,species,taxon_matched_text,en,1530,1530,316,461,True,1251
163437,Guizotia abyssinica,species,taxon_matched_text,en,4428,4428,1800,2067,True,2857
163712,Heterocentron subtriplinervium,species,taxonomy_only,,0,0,0,44,False,834
164131,Iris pallida,species,taxon_matched_text,en,1826,1826,550,692,True,1482
164185,Isothecium alopecuroides,species,text_needs_scope_review,de,1178,1178,510,653,True,1443
164564,Leskea polycarpa,species,taxon_matched_text,en,670,670,210,317,True,1107
165652,Nardia scalaris,species,taxon_matched_text,de,948,948,463,590,True,1380
165772,Odontites vernus,species,taxon_matched_text,en,2121,877,192,307,True,1097
166493,Peperomia obtusifolia,species,taxon_matched_text,en,1275,1275,401,530,True,1320
168241,Rumex longifolius,species,taxon_matched_text,en,2423,1176,627,822,True,1612
168255,Rumohra adiantiformis,species,taxon_matched_text,en,1827,1827,443,604,True,1394
168837,Senna corymbosa,species,taxon_matched_text,en,1235,1235,449,635,True,1425
168879,Setaria italica,species,taxon_matched_text,pt,13473,3992,1598,1929,True,2719
169207,Sphagnum compactum,species,taxon_matched_text,en,261,261,33,130,True,920
169799,Tortella flavovirens,species,taxonomy_only,,0,0,0,41,False,831
170939,Populus × canescens,hybrid,taxon_matched_text,en,1128,1128,311,410,True,1200
179027,Victoria amazonica,species,taxon_matched_text,en,11625,6024,1822,2070,True,2860
180255,Chambeyronia macrocarpa,species,taxon_matched_text,en,1221,716,56,159,True,949
181676,Glandularia × hybrida,hybrid,taxonomy_only,,0,0,0,42,False,832
183048,Callophyllis,genus,taxon_matched_text,en,2553,1174,41,122,True,912
189093,Aichryson dumosum,species,taxon_matched_text,en,2114,767,201,323,True,1113
189331,Antirrhinum lopesianum,species,taxon_matched_text,pt,2365,1703,606,856,True,1646
189943,Brugmansia versicolor,species,taxon_matched_text,en,4395,2011,780,956,True,1746
198906,Callitriche truncata,species,taxon_matched_text,en,2210,924,188,298,True,1088
199339,Prunus campanulata,species,taxon_matched_text,en,3217,3217,706,876,True,1666
201459,Platanus mexicana,species,taxon_matched_text,en,587,587,172,266,True,1056
202555,Rumex vesicarius,species,taxon_matched_text,en,1538,1538,342,471,True,1261
208742,Acalypha hispida,species,taxon_matched_text,en,2281,1446,599,777,True,1567
209444,Rosa agrestis,species,taxon_matched_text,en,1993,790,251,375,True,1165
210566,Crocus nudiflorus,species,taxon_matched_text,en,1313,1313,349,508,True,1298
224091,Loeskeobryum brevirostre,species,taxon_matched_text,de,1017,1017,525,662,True,1452
273621,Disocactus ackermannii,species,taxon_matched_text,en,1987,1987,845,1017,True,1807
275622,Pityrogramma ebenea,species,taxonomy_only,,0,0,0,43,False,833
276056,Sedum burrito,species,text_needs_scope_review,en,1485,1485,548,682,True,1472
277345,Zephyranthes carinata,species,taxon_matched_text,en,3479,3479,1149,1415,True,2205
282203,Exormotheca pustulosa,species,taxonomy_only,,0,0,0,45,False,835
285911,Cobaea scandens,species,taxon_matched_text,en,1554,1554,690,827,True,1617
321191,Ozothamnus diosmifolius,species,taxon_matched_text,en,1645,1645,583,727,True,1517
323288,Eucalyptus gunnii,species,taxon_matched_text,en,4431,2987,892,1077,True,1867
326761,Thymus × citriodorus,hybrid,text_needs_scope_review,en,1684,1684,734,897,True,1687
327660,Iresine lindenii,species,text_needs_scope_review,en,841,841,147,260,True,1050
336136,Thesium humifusum,species,taxon_matched_text,en,2766,1499,411,544,True,1334
336220,Campanula portenschlagiana,species,taxon_matched_text,en,1004,1004,322,462,True,1252
336806,Kleinia neriifolia,species,taxon_matched_text,en,1713,1713,467,604,True,1394
337792,Acer buergerianum,species,taxon_matched_text,en,2942,2241,850,1024,True,1814
338089,Campanula transtagana,species,text_needs_scope_review,es,1791,1791,936,1125,True,1915
338385,Knautia nevadensis,species,taxon_matched_text,pt,1542,1542,533,754,True,1544
341930,Goodyera macrophylla,species,taxonomy_only,,0,0,0,43,False,833
345585,Syzygium aqueum,species,taxon_matched_text,en,1075,1075,253,376,True,1166
349229,Trachelospermum asiaticum,species,taxon_matched_text,en,2061,2061,862,1075,True,1865
357524,Viburnum odoratissimum,species,taxon_matched_text,en,695,695,239,379,True,1169
360047,Rosa arvensis,species,taxon_matched_text,en,1798,1798,466,631,True,1421
406462,Tetradenia riparia,species,taxon_matched_text,en,2804,1964,674,849,True,1639
410578,Hydrangea petiolaris,species,taxon_matched_text,en,1365,1365,700,870,True,1660
418741,Polystichum drepanum,species,taxon_matched_text,en,667,667,99,210,True,1000
424494,Senecio caespitosus,species,taxonomy_only,,0,0,0,45,False,835
430134,Pelargonium grandiflorum,species,taxon_matched_text,en,558,558,60,151,True,941
430909,Cyanotis somaliensis,species,taxon_matched_text,en,605,605,172,270,True,1060
460853,Lavandula × alportelensis,hybrid,taxonomy_only,,0,0,0,48,False,838
471656,Closterium acerosum,species,taxonomy_only,,0,0,0,43,False,833
481760,Peucedanum oreoselinum,species,taxon_matched_text,pt,1498,1498,532,773,True,1563
485408,Hyocomium armoricum,species,taxon_matched_text,de,673,673,318,448,True,1238
486531,Schinus areira,species,text_needs_scope_review,en,7062,5222,1452,1714,True,2504
487657,Camellia oleifera,species,taxon_matched_text,en,1496,1496,384,525,True,1315
490223,Malva cretica,species,taxon_matched_text,en,628,628,109,204,True,994
490721,Rorippa pyrenaica,species,taxon_matched_text,pt,1526,1526,436,628,True,1418
496259,Crucianella latifolia,species,taxon_matched_text,pt,1525,1525,526,771,True,1561
497829,Scorzoneroides pyrenaica,species,text_needs_scope_review,en,2247,881,362,483,True,1273
497845,Lamium coutinhoi,species,taxon_matched_text,en,1554,327,51,137,True,927
508410,Rhododendron yedoense,species,taxon_matched_text,en,749,749,188,290,True,1080
514181,Urtica morifolia,species,taxon_matched_text,en,1653,354,59,168,True,958
514302,Diplotaxis virgata,species,taxon_matched_text,pt,1292,1292,292,440,True,1230
514873,Crepis commutata,species,taxon_matched_text,de,1139,1139,543,692,True,1482
524173,Ruppia drepanensis,species,taxon_matched_text,en,2269,1027,505,687,True,1477
531639,Colchicum multiflorum,species,text_needs_scope_review,es,2575,2575,1757,2113,True,2903
533390,Begonia rex-cultorum,hybrid,taxonomy_only,,0,0,0,44,False,834
544709,Teucrium gnaphalodes,species,taxon_matched_text,en,1715,474,185,287,True,1077
559956,Tritonia gladiolaris,species,taxon_matched_text,en,459,459,43,130,True,920
560124,Billardiera fusiformis,species,taxon_matched_text,en,2654,2654,725,882,True,1672
569299,Maurocenia frangula,species,taxon_matched_text,de,2174,987,477,628,True,1418
575102,Alkekengi officinarum,species,text_needs_scope_review,en,10491,4428,1144,1417,True,2207
738844,Anchusa puechii,species,taxon_matched_text,unspecified,334,334,334,452,True,1242
774466,Ortegia hispanica,species,taxon_matched_text,pt,3962,1245,278,450,True,1240
778143,Valerianella microcarpa,species,taxon_matched_text,pt,5400,1254,266,448,True,1238
824790,Bupleurum acutifolium,species,taxon_matched_text,pt,1582,1582,552,803,True,1593
827791,Thymelaea coridifolia,species,taxon_matched_text,pt,1370,1370,299,457,True,1247
827823,Thymelaea salsa,species,taxonomy_only,,0,0,0,41,False,831
856872,Rytiphlaea tinctoria,species,taxonomy_only,,0,0,0,47,False,837
860238,Sedum kimnachii,species,taxonomy_only,,0,0,0,42,False,832
866824,Arrhenatherum pallens,species,taxonomy_only,,0,0,0,43,False,833
881691,Convolvulus humilis,species,taxon_matched_text,pt,1249,1249,235,407,True,1197
883416,Sedum maireanum,species,taxon_matched_text,pt,1200,1200,243,408,True,1198
884816,Hydrangea serrata,species,taxon_matched_text,en,2660,2660,1006,1212,True,2002
909022,Plagiochila spinulosa,species,taxonomy_only,,0,0,0,45,False,835
928680,Erodium salzmannii,species,taxonomy_only,,0,0,0,45,False,835
942992,Vertebrata fruticulosa,species,taxon_matched_text,en,546,546,222,358,True,1148
953142,Gastroclonium reflexum,species,taxon_matched_text,en,980,980,360,486,True,1276
986611,Sedum gypsicola,species,taxon_matched_text,en,864,864,154,264,True,1054
1138381,Hylocomiadelphus triquetrus,species,text_needs_scope_review,en,809,809,181,294,True,1084
1198029,Galega cirujanoi,species,taxon_matched_text,pt,1532,1532,550,792,True,1582
1226202,Cladophora liebetruthii,species,taxonomy_only,,0,0,0,48,False,838
1251673,Lathyrus articulatus,species,text_needs_scope_review,es,1424,1424,696,875,True,1665
1262641,Pseudisothecium prolixum,species,taxonomy_only,,0,0,0,48,False,838
1320366,Echeveria gibbiflora × potosina,hybrid,taxonomy_only,,0,0,0,57,False,847
1375470,Vicia lens,species,text_needs_scope_review,en,13817,11374,5432,6350,True,7140
1377234,Festuca muralis,species,text_needs_scope_review,es,1626,1626,816,1021,True,1811
1475079,Cynara × pacensis,hybrid,taxonomy_only,,0,0,0,45,False,835
1510814,Piptatherum coerulescens,species,taxon_matched_text,en,1692,401,103,210,True,1000
1537406,Scorzoneroides palisiae,species,taxonomy_only,,0,0,0,48,False,838
1576540,Quercus × numantina,hybrid,taxonomy_only,,0,0,0,47,False,837
1692900,Vogtia annua,species,taxonomy_only,,0,0,0,42,False,832
49397,Kalmia latifolia,species,taxon_matched_text,en,11659,5892,1406,1663,True,2453
50821,Agave angustifolia,species,taxon_matched_text,en,876,876,121,206,True,996
51119,Nymphaea odorata,species,taxon_matched_text,en,4835,2199,522,681,True,1471
51251,Rheum rhabarbarum,species,taxon_matched_text,en,3321,3321,967,1154,True,1944
53587,Ambrosia artemisiifolia,species,taxon_matched_text,en,5522,4740,1252,1572,True,2362
54805,Fraxinus americana,species,taxon_matched_text,en,5679,5679,1944,2241,True,3031
55189,Aristolochia littoralis,species,taxon_matched_text,en,1697,1697,724,890,True,1680
55713,Centaurea jacea,species,taxon_matched_text,en,1059,1059,372,545,True,1335
55977,Malva moschata,species,taxon_matched_text,en,1423,1423,524,722,True,1512
56462,Riccardia chamedryfolia,species,taxon_matched_text,en,304,304,100,203,True,993
57865,Oxalis exilis,species,taxon_matched_text,en,1779,603,106,190,True,980
58790,Berula erecta,species,taxon_matched_text,en,4545,3361,1094,1388,True,2178
60127,Oenanthe sarmentosa,species,taxon_matched_text,en,526,526,177,262,True,1052
60527,Rhododendron occidentale,species,taxon_matched_text,en,1075,1075,508,644,True,1434
61317,Rubus armeniacus,species,taxon_matched_text,en,10607,4951,1724,1971,True,2761
62575,Sparganium emersum,species,taxon_matched_text,en,2824,1501,198,289,True,1079
67808,Solidago canadensis,species,taxon_matched_text,en,4409,4409,1059,1262,True,2052
67900,Orthotrichum tenellum,species,taxonomy_only,,0,0,0,44,False,834
67917,Pseudotaxiphyllum elegans,species,taxonomy_only,,0,0,0,43,False,833
68039,Calathea,genus,taxon_matched_text,en,4310,3803,1835,2131,True,2921
75397,Amaranthus palmeri,species,taxon_matched_text,en,4757,3471,1263,1499,True,2289
75445,Anethum graveolens,species,text_needs_scope_review,en,10990,8333,4173,4777,True,5567
76205,Cenchrus echinatus,species,taxon_matched_text,en,1816,1129,166,273,True,1063
76539,Cucumis myriocarpus,species,taxon_matched_text,en,3576,2231,694,855,True,1645
76658,Digitaria ischaemum,species,taxon_matched_text,en,2512,1267,573,709,True,1499
77315,Gypsophila paniculata,species,taxon_matched_text,en,4104,2099,461,604,True,1394
78260,Onopordum illyricum,species,taxon_matched_text,en,1896,556,221,323,True,1113
79438,Triglochin striata,species,taxon_matched_text,en,2481,1257,154,261,True,1051
82135,Bauhinia purpurea,species,taxon_matched_text,en,2495,2495,758,927,True,1717
82165,Pteris multifida,species,taxon_matched_text,en,850,850,185,279,True,1069
82655,Anacyclus clavatus,species,taxon_matched_text,en,2202,950,123,226,True,1016
83435,Diospyros virginiana,species,taxon_matched_text,en,6077,5562,2348,2735,True,3525
85275,Podocarpus totara,species,taxon_matched_text,en,4222,3863,1580,1923,True,2713
118793,Agrimonia procera,species,taxon_matched_text,en,3311,2075,840,1006,True,1796
119117,Oenothera macrocarpa,species,taxon_matched_text,en,2171,2171,668,832,True,1622
119980,Opuntia lindheimeri,species,taxon_matched_text,en,688,688,196,314,True,1104
122898,Vigna unguiculata,species,taxon_matched_text,pt,24367,5866,2414,2814,True,3604
122971,Zingiber officinale,species,text_needs_scope_review,en,15519,13374,4780,5395,True,6185
123960,Heliconia rostrata,species,taxon_matched_text,en,1881,1141,231,343,True,1133
123973,Scapania undulata,species,text_needs_scope_review,de,882,882,378,514,True,1304
127279,Canna flaccida,species,taxon_matched_text,en,1178,1178,448,573,True,1363
127676,Bixa orellana,species,taxon_matched_text,en,10100,6280,2146,2445,True,3235
128614,Cornus kousa,species,taxon_matched_text,en,4947,4947,1656,1962,True,2752
128698,Verbena brasiliensis,species,taxon_matched_text,en,4114,2896,1252,1494,True,2284
129107,Robinia hispida,species,taxon_matched_text,en,1831,1831,461,582,True,1372
130893,Euonymus fortunei,species,taxon_matched_text,en,3444,3444,832,1012,True,1802
132710,Fumaria reuteri,species,taxon_matched_text,pt,1200,1200,271,443,True,1233
133918,Torilis japonica,species,taxon_matched_text,en,4209,3092,1621,1816,True,2606
135655,Pinus thunbergii,species,taxon_matched_text,en,2464,2067,697,867,True,1657
136025,Encephalartos ferox,species,taxon_matched_text,en,3018,2097,907,1118,True,1908
136093,Encephalartos arenarius,species,taxon_matched_text,en,787,787,245,363,True,1153
136323,Afrocarpus falcatus,species,taxon_matched_text,en,4371,2483,958,1128,True,1918
137397,Marsilea hirsuta,species,taxon_matched_text,en,372,372,99,188,True,978
141189,Carex asturica,species,taxon_matched_text,en,1519,284,46,142,True,932
143793,Prunus padus,species,taxon_matched_text,en,4611,3680,1573,1852,True,2642
146977,Averrhoa carambola,species,taxon_matched_text,en,10615,5603,2267,2537,True,3327
156493,Pseudephemerum nitidum,species,taxonomy_only,,0,0,0,44,False,834
157119,Cololejeunea,genus,taxon_matched_text,en,568,568,70,175,True,965
157286,Melaleuca leucadendra,species,taxon_matched_text,en,3896,3896,1214,1411,True,2201
157498,Heimia salicifolia,species,taxon_matched_text,en,1305,1305,314,439,True,1229
158900,Astragalus glycyphyllos,species,taxon_matched_text,en,2638,925,447,622,True,1412
159681,Callisia repens,species,taxon_matched_text,en,2010,972,460,584,True,1374
161118,Crepis foetida,species,taxon_matched_text,en,3003,1745,170,278,True,1068
162749,Eucalyptus cornuta,species,taxon_matched_text,en,3165,3165,1138,1312,True,2102
163004,Fissidens grandifrons,species,taxon_matched_text,en,205,205,52,152,True,942
163317,Glandularia peruviana,species,text_needs_scope_review,en,994,994,137,224,True,1014
164421,Lantana achyranthifolia,species,taxon_matched_text,en,326,326,71,173,True,963
165138,Manihot esculenta,species,text_needs_scope_review,en,41354,27296,6699,7542,True,8332
165681,Nepeta racemosa,species,taxon_matched_text,en,2464,2464,867,1057,True,1847
165906,Opuntia tomentosa,species,taxon_matched_text,en,501,501,32,123,True,913
166212,Passiflora morifolia,species,taxon_matched_text,en,772,772,221,308,True,1098
166879,Pimpinella major,species,taxon_matched_text,en,1501,1501,547,734,True,1524
167121,Pogonatum urnigerum,species,taxon_matched_text,en,5524,5524,2909,3261,True,4051
167309,Portulaca grandiflora,species,taxon_matched_text,en,2716,1824,674,841,True,1631
168235,Rumex cristatus,species,taxon_matched_text,en,1545,334,87,179,True,969
168396,Salvia sclarea,species,taxon_matched_text,en,3324,2153,598,750,True,1540
168423,Sansevieria hyacinthoides,species,text_needs_scope_review,en,1755,1755,251,361,True,1151
168566,Schistidium apocarpum,species,taxon_matched_text,de,991,991,427,579,True,1369
169942,Trichostomum crispulum,species,taxon_matched_text,de,1085,1085,565,718,True,1508
170837,Leucanthemum × superbum,hybrid,taxon_matched_text,en,1277,1277,311,432,True,1222
189359,Helosciadium inundatum,species,taxonomy_only,,0,0,0,40,False,830
194555,Helichrysum arenarium,species,taxon_matched_text,en,4389,518,209,347,True,1137
196612,Halimeda incrassata,species,taxonomy_only,,0,0,0,42,False,832
204330,Iris domestica,species,taxon_matched_text,en,2351,1746,439,582,True,1372
204353,Lysimachia minima,species,taxon_matched_text,en,1695,446,67,151,True,941
204409,Selinum carvifolia,species,taxon_matched_text,en,2559,2559,906,1046,True,1836
206289,Chamaedorea costaricana,species,taxon_matched_text,en,1428,1428,558,686,True,1476
206729,Aporocactus flagelliformis,species,taxon_matched_text,en,2969,1962,767,939,True,1729
207572,Hypericum tetrapterum,species,taxon_matched_text,en,1085,1085,410,530,True,1320
208814,Magnolia figo,species,taxon_matched_text,en,1143,1143,296,428,True,1218
275340,Euphorbia cotinifolia,species,taxon_matched_text,en,2475,1300,455,601,True,1391
277635,Begonia mazae,species,taxon_matched_text,en,474,474,35,121,True,911
277657,Berberis bealei,species,taxon_matched_text,en,3188,3188,1342,1525,True,2315
284200,Xanthosoma robustum,species,taxon_matched_text,en,453,453,101,187,True,977
285512,Phymosia umbellata,species,taxon_matched_text,en,486,486,78,186,True,976
286965,Salvia canariensis,species,taxon_matched_text,en,392,392,83,168,True,958
291380,Ficus retusa,species,taxon_matched_text,en,1367,1367,323,436,True,1226
319122,Convolvulus sabatius,species,taxon_matched_text,en,2066,818,262,380,True,1170
320310,Veronica montana,species,taxon_matched_text,en,2061,900,378,533,True,1323
323001,Gagea nevadensis,species,taxon_matched_text,es,816,816,501,680,True,1470
327099,Sarcodiotheca gaudichaudii,species,taxonomy_only,,0,0,0,45,False,835
333065,Phyllophora pseudoceranoides,species,taxon_matched_text,en,678,678,229,364,True,1154
335039,Ranunculus penicillatus,species,taxon_matched_text,en,1650,384,57,169,True,959
335049,Potamogeton coloratus,species,taxon_matched_text,en,3804,3804,1548,1837,True,2627
338334,Doryanthes excelsa,species,taxon_matched_text,en,3083,3083,1089,1290,True,2080
338354,Allium ericetorum,species,taxon_matched_text,en,1270,1270,450,616,True,1406
341118,Hedypnois arenaria,species,taxon_matched_text,pt,1252,1252,255,430,True,1220
348743,Bambusa tulda,species,taxon_matched_text,en,1490,1490,391,515,True,1305
354694,Begonia aconitifolia,species,taxon_matched_text,en,723,363,38,124,True,914
362547,Onychium japonicum,species,taxon_matched_text,en,783,783,164,259,True,1049
362952,Dypsis decaryi,species,text_needs_scope_review,en,1580,1580,524,700,True,1490
365005,Butia eriospatha,species,taxon_matched_text,en,5099,4613,1274,1542,True,2332
367960,Corylus colurna,species,taxon_matched_text,en,5405,5405,1875,2102,True,2892
369384,Marsilea mutica,species,taxon_matched_text,en,328,328,70,152,True,942
369448,Schotia brachypetala,species,taxon_matched_text,en,1437,1437,871,1022,True,1812
399949,Barbarea intermedia,species,taxon_matched_text,en,1563,361,53,140,True,930
402272,Halleria lucida,species,taxon_matched_text,en,1159,1159,494,658,True,1448
403681,Mackaya bella,species,taxon_matched_text,en,865,865,239,369,True,1159
404689,Peperomia urvilleana,species,taxon_matched_text,en,727,727,91,180,True,970
406702,Tritonia crocata,species,taxon_matched_text,en,723,723,17,103,True,893
407083,Zantedeschia albomaculata,species,taxon_matched_text,en,670,670,226,328,True,1118
409319,Syntrichia papillosa,species,taxon_matched_text,de,1009,1009,489,630,True,1420
415524,Citrus × latifolia,hybrid,taxon_matched_text,pt,3220,889,426,592,True,1382
418394,Syzygium floribundum,species,taxon_matched_text,en,1287,1287,435,567,True,1357
418757,Vicia costae,species,taxon_matched_text,pt,1160,1160,241,406,True,1196
427620,Erythrina speciosa,species,taxon_matched_text,en,3276,621,34,121,True,911
430344,Ceramium tenuicorne,species,text_needs_scope_review,en,491,491,167,303,True,1093
430959,Dombeya cacuminum,species,taxonomy_only,,0,0,0,43,False,833
442908,Ranunculus multifidus,species,taxon_matched_text,en,957,957,73,157,True,947
444721,Veronica nevadensis,species,taxon_matched_text,pt,1528,1528,582,818,True,1608
448524,Crinum × powellii,hybrid,taxon_matched_text,es,916,916,611,762,True,1552
461288,Drepanolejeunea hamatifolia,species,taxonomy_only,,0,0,0,46,False,836
461345,Frullania teneriffae,species,taxonomy_only,,0,0,0,41,False,831
465582,Aechmea blanchetiana,species,taxon_matched_text,en,3978,1237,243,352,True,1142
470365,Closterium moniliferum,species,taxon_matched_text,en,289,289,47,139,True,929
476049,Begonia × tuberhybrida,hybrid,taxon_matched_text,en,2124,2124,858,1059,True,1849
483101,Ornithogalum divergens,species,taxon_matched_text,en,2544,2544,1240,1461,True,2251
485411,Sematophyllum substrumulosum,species,taxonomy_only,,0,0,0,44,False,834
486169,Dianthus pungens,species,taxon_matched_text,en,260,260,24,109,True,899
487634,Rosa abietina,species,taxon_matched_text,en,395,395,41,125,True,915
487747,Trifolium spumosum,species,taxon_matched_text,pt,1528,1528,438,624,True,1414
492089,Picnomon acarna,species,taxon_matched_text,pt,2103,1218,249,417,True,1207
494399,Pseudopediastrum boryanum,species,taxon_matched_text,en,1551,1551,608,756,True,1546
497821,Centaurea aristata,species,taxon_matched_text,pt,1241,1241,253,424,True,1214
498350,Vincetoxicum hirundinaria,species,taxon_matched_text,en,2710,1348,769,976,True,1766
498832,Cotoneaster hjelmqvistii,species,taxonomy_only,,0,0,0,47,False,837
501747,Calliergonella lindbergii,species,taxonomy_only,,0,0,0,45,False,835
519930,Rosa squarrosa,species,taxon_matched_text,pt,1206,1206,251,420,True,1210
521612,Centaurea amblensis,species,taxon_matched_text,es,1185,1185,699,887,True,1677
524205,Helictochloa bromoides,species,taxonomy_only,,0,0,0,45,False,835
524460,Crassula rupestris,species,taxon_matched_text,en,1271,1271,625,810,True,1600
525532,Rubus canescens,species,taxon_matched_text,en,1991,765,93,189,True,979
557375,Astragalus incanus,species,taxon_matched_text,pt,1224,1224,123,249,True,1039
564178,Aechmea recurvata,species,taxon_matched_text,en,1237,1237,476,640,True,1430
583831,Dimorphotheca spectabilis,species,taxon_matched_text,en,403,403,33,120,True,910
586779,Haworthia cymbiformis,species,taxon_matched_text,en,2193,1281,411,591,True,1381
604756,Dasycladus vermicularis,species,taxonomy_only,,0,0,0,47,False,837
702402,Bystropogon canariensis,species,taxon_matched_text,es,1302,1302,819,1019,True,1809
702537,Solanum chacoense,species,taxon_matched_text,en,976,976,236,340,True,1130
708697,Citrus × microcarpa,hybrid,text_needs_scope_review,en,10680,6007,2009,2423,True,3213
775521,Aizoanthemopsis hispanica,species,taxon_matched_text,de,3542,1883,642,835,True,1625
782154,Gladiolus dubius,species,text_needs_scope_review,es,1717,1717,959,1137,True,1927
826596,Galatella aragonensis,species,taxonomy_only,,0,0,0,43,False,833
847698,Billbergia distachia,species,text_needs_scope_review,en,574,574,139,249,True,1039
850784,Reynoutria × bohemica,hybrid,text_needs_scope_review,en,1082,1082,411,557,True,1347
884403,Berberis napaulensis,species,taxon_matched_text,en,2581,2581,1259,1451,True,2241
900799,Aria edulis,species,taxon_matched_text,en,4417,4417,213,344,True,1134
909773,Phlomoides tuberosa,species,taxon_matched_text,en,3994,3994,618,738,True,1528
917735,Andoa berthelotiana,species,taxonomy_only,,0,0,0,43,False,833
941713,Salvia yangii,species,taxon_matched_text,en,17599,16946,4042,4550,True,5340
960554,Quercus × diegoi,hybrid,taxonomy_only,,0,0,0,43,False,833
962704,Hibiscus × archeri,hybrid,taxon_matched_text,en,697,697,341,453,True,1243
969515,Avellinia festucoides,species,taxon_matched_text,es,3469,1503,998,1181,True,1971
1007747,Liagora viscida,species,taxonomy_only,,0,0,0,42,False,832
1030051,Cenchrus alopecuroides,species,taxon_matched_text,en,1426,1426,502,640,True,1430
1075879,Gloiocladia repens,species,taxonomy_only,,0,0,0,46,False,836
1098982,Gelidium pulchellum,species,taxonomy_only,,0,0,0,42,False,832
1105913,Quercus × hispanica,hybrid,taxon_matched_text,en,2131,2131,424,563,True,1353
1112044,Thinopyrum acutum,species,taxon_matched_text,en,2050,823,136,231,True,1021
1123302,Hedwigia emodica,species,taxonomy_only,,0,0,0,46,False,836
1123496,Lewinskya affinis,species,taxon_matched_text,de,1172,1172,624,774,True,1564
1123641,Laurencia pyramidalis,species,taxonomy_only,,0,0,0,40,False,830
1136602,Ceiba crispiflora,species,taxonomy_only,,0,0,0,42,False,832
1147687,Astragalus cymbaecarpos,species,taxon_matched_text,pt,1263,1263,103,259,True,1049
1172861,Goeppertia zebrina,species,taxon_matched_text,en,1133,1133,309,428,True,1218
1232022,Thapsia eliasii,species,taxonomy_only,,0,0,0,44,False,834
1232985,Oeosporangium guanchicum,species,taxonomy_only,,0,0,0,50,False,840
1242680,Lithophyllum hibernicum,species,taxon_matched_text,pt,706,706,346,492,True,1282
1275934,Carex sequeirae,species,taxonomy_only,,0,0,0,44,False,834
1277891,Torminalis glaberrima,species,text_needs_scope_review,en,8517,8517,2146,2446,True,3236
1279863,Myriocoleopsis minutissima,species,taxonomy_only,,0,0,0,44,False,834
1394028,Cistus × hybridus,hybrid,taxonomy_only,,0,0,0,44,False,834
1424585,Yucca treculiana,species,taxon_matched_text,en,1389,1389,285,398,True,1188
1473301,Silene cintrana,species,taxon_matched_text,pt,1525,1525,454,647,True,1437
1504192,Helichrysum italicum,species,taxon_matched_text,en,2782,1263,448,576,True,1366
1538932,Ranunculus fucoides,species,text_needs_scope_review,es,2406,2406,1563,1806,True,2596
1558555,Vitis × instabilis,hybrid,taxonomy_only,,0,0,0,43,False,833
1577445,Brachypodium rupestre,species,taxon_matched_text,pt,1215,1215,245,418,True,1208
1586229,Brachypodium hybridum,species,taxon_matched_text,en,406,406,123,223,True,1013
1588568,Harpephyllum afrum,species,text_needs_scope_review,en,1479,1255,71,166,True,956
1639823,Libanotis pyrenaica,species,text_needs_scope_review,es,2029,2029,1453,1608,True,2398
1640238,Zephyranthes formosissima,species,taxon_matched_text,en,4828,4513,843,1043,True,1833
1640341,Nepenthes graciliflora × ventricosa,hybrid,text_needs_scope_review,en,1274,1274,207,315,True,1105
47441,Calliandra haematocephala,species,taxon_matched_text,en,2617,2617,1116,1329,True,2119
47894,Opuntia humifusa,species,taxon_matched_text,en,2636,2636,667,835,True,1625
48384,Heuchera sanguinea,species,taxon_matched_text,en,904,904,254,348,True,1138
48502,Cercis canadensis,species,taxon_matched_text,en,4585,4585,1701,1936,True,2726
50171,Phacelia campanularia,species,taxon_matched_text,en,1473,1473,381,511,True,1301
51266,Wisteria frutescens,species,taxon_matched_text,en,8683,8683,1724,1982,True,2772
53348,Aesculus californica,species,taxon_matched_text,en,4033,4033,1260,1475,True,2265
53547,Ulmus americana,species,taxon_matched_text,en,24381,24381,7187,8055,True,8845
54990,Stapelia gigantea,species,taxon_matched_text,en,2389,1910,568,719,True,1509
55399,Crambe maritima,species,taxon_matched_text,en,4514,4514,1471,1704,True,2494
56134,Muscari botryoides,species,taxon_matched_text,en,949,949,182,292,True,1082
56156,Atrichum angustatum,species,taxon_matched_text,en,433,433,65,160,True,950
56306,Erica carnea,species,taxon_matched_text,en,2698,2698,570,745,True,1535
57418,Polygonatum multiflorum,species,taxon_matched_text,en,1297,1297,372,509,True,1299
57847,Muscari armeniacum,species,taxon_matched_text,en,2213,2213,543,685,True,1475
57862,Rhynchospora alba,species,taxon_matched_text,en,8471,7237,3154,3566,True,4356
58086,Sisymbrium orientale,species,taxon_matched_text,en,1741,449,182,278,True,1068
58109,Allenrolfea occidentalis,species,taxon_matched_text,en,1128,1128,185,310,True,1100
58735,Malus prunifolia,species,taxon_matched_text,en,1313,1313,346,510,True,1300
59267,Anemone hortensis,species,taxon_matched_text,en,856,856,364,482,True,1272
60287,Hordeum jubatum,species,taxon_matched_text,en,3446,3446,1349,1515,True,2305
61323,Conocephalum salebrosum,species,taxon_matched_text,en,891,891,198,318,True,1108
61375,Physalis ixocarpa,species,taxon_matched_text,pt,8892,1290,253,428,True,1218
62642,Solanum rostratum,species,taxon_matched_text,en,1483,1483,409,534,True,1324
62868,Hibiscus tiliaceus,species,taxon_matched_text,en,8342,5437,1548,1769,True,2559
63510,Acer japonicum,species,taxon_matched_text,en,2613,1868,772,917,True,1707
63923,Vitis californica,species,taxon_matched_text,en,2625,2625,507,680,True,1470
63962,Calycanthus occidentalis,species,taxon_matched_text,en,1708,1708,437,565,True,1355
64294,Eucalyptus pulverulenta,species,taxon_matched_text,en,1695,1695,560,696,True,1486
64318,Cistus creticus,species,taxon_matched_text,en,3282,1994,411,560,True,1350
67875,Epipterygium tozeri,species,taxonomy_only,,0,0,0,44,False,834
69135,Capsicum chinense,species,taxon_matched_text,en,4804,3670,1359,1620,True,2410
70026,Pandanus tectorius,species,taxon_matched_text,en,11434,11434,2578,2989,True,3779
75321,Aira elegans,species,taxon_matched_text,en,605,605,50,134,True,924
75381,Alopecurus aequalis,species,taxon_matched_text,en,3684,2436,260,391,True,1181
75383,Alopecurus myosuroides,species,taxon_matched_text,en,2598,1304,287,417,True,1207
75385,Alternanthera caracasana,species,taxon_matched_text,en,1376,751,224,324,True,1114
75553,Arenaria serpyllifolia,species,taxon_matched_text,en,2802,1525,128,241,True,1031
75554,Argyranthemum foeniculaceum,species,taxon_matched_text,en,763,763,45,140,True,930
75868,Brassica fruticulosa,species,taxon_matched_text,en,802,802,348,477,True,1267
76204,Celtis sinensis,species,taxon_matched_text,en,1383,1383,319,435,True,1225
76456,Cota tinctoria,species,taxon_matched_text,en,2062,2062,493,640,True,1430
76942,Erigeron strigosus,species,taxon_matched_text,en,3696,3696,898,1108,True,1898
77089,Eucalyptus cladocalyx,species,taxon_matched_text,en,8084,3813,1512,1770,True,2560
77188,Galium boreale,species,taxon_matched_text,en,2201,2201,641,819,True,1609
77347,Hedychium flavescens,species,taxon_matched_text,en,978,734,184,283,True,1073
77485,Iberis umbellata,species,taxon_matched_text,en,1080,1080,374,512,True,1302
77969,Maytenus boaria,species,taxon_matched_text,en,2073,2073,517,709,True,1499
78649,Poa nemoralis,species,taxon_matched_text,en,3881,2684,401,536,True,1326
79125,Sisymbrium loeselii,species,taxon_matched_text,en,869,869,273,405,True,1195
79460,Turritis glabra,species,taxon_matched_text,en,3320,3320,1370,1594,True,2384
81605,Yucca filamentosa,species,taxon_matched_text,en,2536,2536,831,1045,True,1835
82271,Gunnera manicata,species,taxon_matched_text,en,3480,2285,572,728,True,1518
82317,Hibiscus moscheutos,species,taxon_matched_text,en,4310,4028,1172,1372,True,2162
82863,Brachypodium retusum,species,taxon_matched_text,en,2164,907,143,245,True,1035
85410,Epiphyllum oxypetalum,species,taxon_matched_text,en,2360,2360,912,1092,True,1882
117428,Quercus imbricaria,species,taxon_matched_text,en,1967,1967,913,1101,True,1891
117429,Betula nigra,species,taxon_matched_text,en,6905,3594,1513,1731,True,2521
118834,Carlina vulgaris,species,taxon_matched_text,en,1715,535,142,245,True,1035
122343,Allium tuberosum,species,taxon_matched_text,en,9713,8461,1687,1963,True,2753
123003,Artocarpus heterophyllus,species,text_needs_scope_review,en,25445,11867,3394,3786,True,4576
125462,Nothoscordum bivalve,species,taxon_matched_text,en,4781,4191,970,1204,True,1994
125489,Rubus occidentalis,species,taxon_matched_text,en,2569,2569,940,1198,True,1988
126225,Allium fistulosum,species,taxon_matched_text,en,4620,4620,1448,1710,True,2500
126376,Mazus pumilus,species,taxon_matched_text,en,567,567,161,263,True,1053
127287,Carex debilis,species,taxon_matched_text,en,2134,921,164,278,True,1068
128825,Coreopsis grandiflora,species,taxon_matched_text,en,1104,1104,181,297,True,1087
129396,Globularia alypum,species,taxon_matched_text,en,2469,1266,436,594,True,1384
129834,Cephalanthera rubra,species,taxon_matched_text,en,3490,3490,1390,1685,True,2475
130677,Pleurozium schreberi,species,taxon_matched_text,en,861,861,167,276,True,1066
132726,Begonia obliqua,species,taxon_matched_text,en,351,351,82,176,True,966
133166,Bocconia frutescens,species,taxon_matched_text,en,1994,1994,939,1090,True,1880
133335,Hymenocallis latifolia,species,taxon_matched_text,en,644,644,111,203,True,993
133356,Cercidiphyllum japonicum,species,taxon_matched_text,en,2091,2091,507,667,True,1457
133607,Lagerstroemia speciosa,species,taxon_matched_text,en,3608,3204,1301,1555,True,2345
133614,Rosa chinensis,species,taxon_matched_text,en,2230,2230,969,1129,True,1919
135343,Brachychiton rupestris,species,taxon_matched_text,en,17329,8056,2924,3237,True,4027
135672,Podocarpus neriifolius,species,taxon_matched_text,en,1722,1276,319,448,True,1238
136037,Cycas thouarsii,species,taxon_matched_text,en,2751,1987,766,920,True,1710
138461,Vicia narbonensis,species,taxon_matched_text,en,2505,1273,113,198,True,988
139168,Erythrina variegata,species,taxon_matched_text,en,4622,2227,615,852,True,1642
139444,Cajanus cajan,species,text_needs_scope_review,en,25716,22357,4816,5752,True,6542
141279,Tillandsia ionantha,species,taxon_matched_text,en,1599,1599,539,687,True,1477
142249,Linaria caesia,species,taxonomy_only,,0,0,0,39,False,829
142562,Pleioblastus,genus,taxon_matched_text,en,2617,2617,1485,1714,True,2504
145718,Hosta plantaginea,species,taxon_matched_text,en,949,949,91,177,True,967
146593,Tigridia pavonia,species,taxon_matched_text,en,2695,2192,557,691,True,1481
147463,Eucalyptus diversicolor,species,taxon_matched_text,en,8386,6314,2960,3358,True,4148
153048,Echium simplex,species,taxon_matched_text,en,445,445,196,309,True,1099
154122,Amblystegium serpens,species,taxon_matched_text,en,371,371,112,232,True,1022
155997,Succisella microcephala,species,taxonomy_only,,0,0,0,45,False,835
157393,Galega officinalis,species,taxon_matched_text,en,3174,2572,740,916,True,1706
157833,Abutilon abutiloides,species,taxonomy_only,,0,0,0,43,False,833
158429,Anthoceros agrestis,species,taxon_matched_text,en,2107,2107,534,671,True,1461
158586,Ardisia crenata,species,taxon_matched_text,en,3713,3713,1267,1502,True,2292
159110,Axonopus compressus,species,taxon_matched_text,en,4195,614,140,246,True,1036
159474,Bromus scoparius,species,taxon_matched_text,en,2294,938,93,177,True,967
159789,Campylopus fragilis,species,text_needs_scope_review,de,1162,1162,530,682,True,1472
159818,Canna glauca,species,taxon_matched_text,en,1682,1232,358,482,True,1272
160169,Caryota mitis,species,taxon_matched_text,en,2012,2012,396,555,True,1345
160234,Casuarina glauca,species,taxon_matched_text,en,5542,4548,1301,1576,True,2366
161763,Dianthus chinensis,species,taxon_matched_text,en,1179,1179,451,576,True,1366
161858,Dicranum fulvum,species,taxon_matched_text,de,934,934,433,550,True,1340
161874,Dicranum viride,species,taxon_matched_text,en,299,299,28,123,True,913
162264,Eleocharis uniglumis,species,taxon_matched_text,en,1531,237,40,141,True,931
162745,Eucalyptus botryoides,species,taxon_matched_text,en,3427,3427,1409,1585,True,2375
162997,Fissidens asplenioides,species,taxonomy_only,,0,0,0,47,False,837
163548,Hedera colchica,species,taxon_matched_text,en,1841,1841,556,713,True,1503
163847,Hovenia dulcis,species,taxon_matched_text,en,3162,2277,651,839,True,1629
163953,Hypecoum imberbe,species,taxon_matched_text,en,1616,388,113,214,True,1004
164026,Hyssopus officinalis,species,taxon_matched_text,en,6813,3640,888,1065,True,1855
164483,Lejeunea cavifolia,species,taxon_matched_text,en,220,220,33,135,True,925
165104,Malus baccata,species,taxon_matched_text,en,2405,2405,738,877,True,1667
165292,Melinis minutiflora,species,taxon_matched_text,en,2714,1343,461,575,True,1365
165597,Myosotis azorica,species,taxon_matched_text,en,1478,789,250,358,True,1148
166286,Pelargonium quercifolium,species,taxon_matched_text,en,984,984,631,805,True,1595
166993,Plagiothecium denticulatum,species,taxon_matched_text,de,1155,1155,501,635,True,1425
167151,Pohlia wahlenbergii,species,taxon_matched_text,de,1036,1036,532,667,True,1457
168248,Rumex patientia,species,taxon_matched_text,en,750,750,161,253,True,1043
168250,Rumex sanguineus,species,taxon_matched_text,en,3289,2027,594,728,True,1518
170214,Vicia peregrina,species,taxon_matched_text,en,2036,864,470,636,True,1426
179265,Eucalyptus regnans,species,taxon_matched_text,en,17587,16952,8067,8704,True,9494
179648,Aphyllanthes monspeliensis,species,taxon_matched_text,en,6665,1129,448,620,True,1410
181492,Gladiolus tristis,species,taxon_matched_text,en,543,543,185,271,True,1061
181887,Acacia cultriformis,species,taxon_matched_text,en,3896,3124,915,1104,True,1894
181891,Diplotaxis erucoides,species,taxon_matched_text,en,1956,643,141,239,True,1029
183038,Dumontia contorta,species,taxon_matched_text,en,589,589,168,294,True,1084
193329,Herniaria algarvica,species,taxon_matched_text,en,1947,710,435,599,True,1389
198887,Rosa pendulina,species,taxon_matched_text,en,6047,6047,1038,1221,True,2011
199206,Pachycereus pringlei,species,taxon_matched_text,en,11620,10851,1630,1867,True,2657
202558,Aloe striata,species,taxon_matched_text,en,2338,1432,395,568,True,1358
203016,Pilularia minuta,species,taxon_matched_text,en,1921,1921,830,1042,True,1832
206267,Monstera adansonii,species,taxon_matched_text,en,3168,1851,359,498,True,1288
207501,Dicksonia sellowiana,species,taxon_matched_text,en,2049,987,272,415,True,1205
208780,Trifolium ochroleucon,species,taxon_matched_text,en,2062,752,210,333,True,1123
209315,Tragopogon crocifolius,species,taxon_matched_text,pt,1366,1366,299,459,True,1249
245732,Erodium lebelii,species,taxon_matched_text,en,3220,3220,1320,1577,True,2367
273784,Pinus patula,species,taxon_matched_text,en,1800,1312,532,686,True,1476
274227,Myrtillocactus geometrizans,species,taxon_matched_text,en,1304,1304,420,563,True,1353
274441,Cylindropuntia tunicata,species,taxon_matched_text,en,1361,1361,116,228,True,1018
276816,Juncus imbricatus,species,taxon_matched_text,de,1198,1198,825,986,True,1776
277343,Zantedeschia rehmannii,species,taxon_matched_text,en,763,763,169,286,True,1076
281042,Agave macroacantha,species,taxon_matched_text,en,1472,1472,252,378,True,1168
281833,Opuntia pilifera,species,taxon_matched_text,en,346,346,99,199,True,989
284503,Annona muricata,species,text_needs_scope_review,en,14144,5746,2088,2441,True,3231
285553,Heterocentron elegans,species,taxonomy_only,,0,0,0,41,False,831
289020,Ageratina ligustrina,species,taxon_matched_text,en,1767,1767,327,468,True,1258
289658,Bartlettina sordida,species,taxon_matched_text,en,1726,1171,330,474,True,1264
292142,Musa balbisiana,species,taxon_matched_text,en,2873,2873,303,447,True,1237
320090,Austrocylindropuntia cylindrica,species,taxon_matched_text,en,839,839,245,358,True,1148
324713,Paronychia polygonifolia,species,taxon_matched_text,pt,1304,1304,298,449,True,1239
325587,Hydrodictyon reticulatum,species,text_needs_scope_review,en,1005,1005,388,499,True,1289
327644,Smallanthus sonchifolius,species,text_needs_scope_review,en,10144,8616,2778,3209,True,3999
333947,Leucanthemopsis pulverulenta,species,taxon_matched_text,pt,1351,1351,295,448,True,1238
336367,Senecio glastifolius,species,taxon_matched_text,en,4612,3284,1683,1970,True,2760
337710,Euphorbia neriifolia,species,taxon_matched_text,en,2814,2814,1451,1682,True,2472
337799,Carissa bispinosa,species,taxon_matched_text,en,852,852,107,190,True,980
341175,Cutandia maritima,species,taxon_matched_text,en,1849,629,106,205,True,995
342066,Monanthes lowei,species,taxon_matched_text,pt,1269,1269,266,434,True,1224
342958,Euphorbia medicaginea,species,taxon_matched_text,pt,1484,1484,435,640,True,1430
345985,Begonia grandis,species,taxon_matched_text,en,1908,674,192,295,True,1085
346957,Kalanchoe laetivirens,species,taxon_matched_text,en,1532,1000,196,297,True,1087
348760,Hippeastrum striatum,species,taxon_matched_text,en,3143,2353,271,410,True,1200
349244,Euphorbia polygona,species,taxon_matched_text,en,4310,4310,1402,1815,True,2605
356068,Liquidambar orientalis,species,taxon_matched_text,en,3586,3586,1569,1780,True,2570
359482,Bupleurum tenuissimum,species,taxon_matched_text,en,1407,188,23,111,True,901
365733,Phoenix sylvestris,species,taxon_matched_text,en,1138,1138,313,406,True,1196
366290,Stapelia hirsuta,species,taxon_matched_text,en,4406,2227,951,1139,True,1929
367949,Huernia schneideriana,species,taxon_matched_text,en,1520,1520,555,695,True,1485
369504,Pleiogynium timoriense,species,taxon_matched_text,en,2786,2786,954,1158,True,1948
371574,Rumex hydrolapathum,species,taxon_matched_text,en,779,779,432,540,True,1330
371700,Pterocarya fraxinifolia,species,taxon_matched_text,en,1180,1180,321,452,True,1242
400277,Calliandra selloi,species,text_needs_scope_review,pt,681,681,504,667,True,1457
401167,Crassula perfoliata,species,taxon_matched_text,en,2223,2223,938,1145,True,1935
405402,Pteris dentata,species,taxonomy_only,,0,0,0,40,False,830
410767,Aechmea calyculata,species,taxon_matched_text,en,1223,1223,148,268,True,1058
411276,Forsythia × intermedia,hybrid,taxon_matched_text,en,1559,1559,498,650,True,1440
418571,Opuntia bergeriana,species,text_needs_scope_review,es,963,963,561,716,True,1506
421618,Ajania pacifica,species,text_needs_scope_review,en,629,629,109,204,True,994
423674,Paphiopedilum insigne,species,taxon_matched_text,en,3698,2112,674,823,True,1613
426893,Hoya kerrii,species,taxon_matched_text,en,684,684,270,396,True,1186
427352,Peperomia caperata,species,taxon_matched_text,en,724,724,168,279,True,1069
428169,Clerodendrum splendens,species,taxon_matched_text,en,513,513,136,253,True,1043
430349,Callithamnion tetragonum,species,taxonomy_only,,0,0,0,45,False,835
430700,Asteriscus sericeus,species,taxon_matched_text,en,764,764,51,138,True,928
431070,Gossypium herbaceum,species,taxon_matched_text,en,1374,1374,654,794,True,1584
437987,Oreopteris limbosperma,species,text_needs_scope_review,de,3594,3594,1355,1546,True,2336
438196,Centaurea micrantha,species,taxon_matched_text,pt,1275,1275,254,413,True,1203
447634,Salvia japonica,species,taxon_matched_text,en,647,647,182,274,True,1064
448548,Hippeastrum × johnsonii,hybrid,taxonomy_only,,0,0,0,44,False,834
451075,Bupleurum semicompositum,species,taxon_matched_text,en,1607,376,124,224,True,1014
460571,Oxalis spiralis,species,taxon_matched_text,en,879,879,264,380,True,1170
461404,Lejeunea eckloniana,species,taxonomy_only,,0,0,0,45,False,835
465912,Melaleuca lanceolata,species,taxon_matched_text,en,2945,2945,775,950,True,1740
466451,Celosia spicata,species,taxonomy_only,,0,0,0,41,False,831
466979,Gardenia thunbergia,species,taxon_matched_text,en,1342,1342,423,545,True,1335
467314,Euphorbia balsamifera,species,taxon_matched_text,en,1425,1425,532,694,True,1484
470765,Cochliasanthus caracalla,species,text_needs_scope_review,en,2561,2561,829,1047,True,1837
475572,Jacobaea erucifolia,species,taxon_matched_text,en,709,709,192,290,True,1080
481862,Southbya tophacea,species,taxonomy_only,,0,0,0,40,False,830
486980,Ranunculus trichophyllus,species,taxon_matched_text,en,3931,2537,704,901,True,1691
496035,Euphorbia sulcata,species,taxon_matched_text,pt,1156,1156,107,241,True,1031
496087,Sedum pallidum,species,text_needs_scope_review,de,1455,1455,570,711,True,1501
503953,Serruria florida,species,taxon_matched_text,en,543,543,168,290,True,1080
505597,Cladophora rupestris,species,taxonomy_only,,0,0,0,45,False,835
512266,Aloe juvenna,species,taxon_matched_text,en,2164,1265,486,647,True,1437
514447,Biscutella boetica,species,taxonomy_only,,0,0,0,45,False,835
524464,Crassula expansa,species,taxonomy_only,,0,0,0,39,False,829
524999,Begonia boliviensis,species,taxon_matched_text,en,1452,1084,519,675,True,1465
525531,Rubus brigantinus,species,taxon_matched_text,pt,1230,1230,241,410,True,1200
525546,Lavandula canariensis,species,taxon_matched_text,en,761,761,108,206,True,996
543727,Porphyra linearis,species,taxon_matched_text,en,269,269,88,184,True,974
545104,Vriesea carinata,species,taxon_matched_text,en,1322,1322,228,359,True,1149
545349,Crassula capitella,species,taxon_matched_text,en,1917,1917,695,876,True,1666
547390,Orobanche picridis,species,text_needs_scope_review,en,791,791,24,117,True,907
558336,Astydamia latifolia,species,taxon_matched_text,pt,1255,1255,268,438,True,1228
560277,Leucadendron laureolum,species,taxon_matched_text,en,629,629,66,157,True,947
560870,Hieracium spathulatum,species,taxon_matched_text,en,500,500,109,212,True,1002
564874,Grammitis azorica,species,taxon_matched_text,pt,1458,1458,606,756,True,1546
565633,Gagea lacaitae,species,taxon_matched_text,en,556,556,89,198,True,988
567028,Protea grandiceps,species,taxon_matched_text,en,942,942,302,416,True,1206
589481,Lycium afrum,species,taxon_matched_text,en,766,766,259,414,True,1204
590407,Myoporum tenuifolium,species,taxon_matched_text,en,1380,1380,481,631,True,1421
595706,Trifolium diffusum,species,taxon_matched_text,pt,1233,1233,238,400,True,1190
631046,Aechmea pectinata,species,taxon_matched_text,en,875,875,153,242,True,1032
634625,Filago germanica,species,text_needs_scope_review,en,2004,813,223,345,True,1135
706208,Porphyra capensis,species,taxon_matched_text,en,525,525,61,145,True,935
707833,Gamochaeta antillana,species,taxon_matched_text,en,837,837,203,312,True,1102
737765,Porella obtusata,species,taxonomy_only,,0,0,0,43,False,833
743327,Digitalis canariensis,species,taxon_matched_text,en,1328,1328,264,391,True,1181
747501,Bonnemaisonia asparagoides,species,taxon_matched_text,en,474,474,25,123,True,913
780816,Cota triumfetti,species,taxonomy_only,,0,0,0,41,False,831
806744,Calceolaria pavonii,species,taxonomy_only,,0,0,0,45,False,835
824491,Arenaria algarbiensis,species,taxon_matched_text,pt,1246,1246,278,454,True,1244
836902,Sabulina tenuifolia,species,text_needs_scope_review,es,1069,1069,696,869,True,1659
845982,Aeonium lancerottense,species,taxon_matched_text,en,262,262,34,120,True,910
846026,Aeonium ciliatum,species,taxon_matched_text,en,419,419,94,177,True,967
861359,Solanum trisectum,species,taxon_matched_text,de,1961,1961,1430,1632,True,2422
868408,Coriaria nepalensis,species,taxon_matched_text,en,1513,1513,363,520,True,1310
869783,Piptatherum miliaceum,species,taxon_matched_text,pt,2059,1414,369,519,True,1309
895239,Spergularia flaccida,species,taxonomy_only,,0,0,0,47,False,837
896348,Ophrys × fernandii,hybrid,taxonomy_only,,0,0,0,46,False,836
917737,Echinodium spinosum,species,taxonomy_only,,0,0,0,43,False,833
917749,Tetrastichium virens,species,taxon_matched_text,pt,442,442,190,315,True,1105
950313,Eriocapitella japonica,species,taxon_matched_text,en,4633,4633,1305,1591,True,2381
950603,Anemonoides nemorosa,species,taxon_matched_text,en,3469,3469,873,1111,True,1901
964134,Pteris parkeri,species,taxon_matched_text,en,368,368,44,128,True,918
993311,Conopodium pyrenaeum,species,taxon_matched_text,pt,1300,1300,270,455,True,1245
1062301,Narcissus × cyclazetta,hybrid,taxonomy_only,,0,0,0,46,False,836
1065265,Anotrichium furcellatum,species,taxonomy_only,,0,0,0,46,False,836
1079695,Bellis pappulosa,species,taxon_matched_text,en,594,594,94,194,True,984
1103491,Malephora purpureocrocea,species,taxon_matched_text,en,710,710,249,353,True,1143
1125018,Arabis stenocarpa,species,taxon_matched_text,pt,1289,1289,271,440,True,1230
1130355,Iochroma gesnerioides,species,taxonomy_only,,0,0,0,41,False,831
1138036,Goeppertia warszewiczii,species,taxon_matched_text,en,1252,1252,345,486,True,1276
1151702,Syntrichia ruraliformis,species,text_needs_scope_review,en,842,842,294,403,True,1193
1172847,Goeppertia veitchiana,species,taxon_matched_text,en,1225,1225,322,456,True,1246
1181253,Mentha × suavis,hybrid,taxonomy_only,,0,0,0,40,False,830
1273645,Erythroglossum laciniatum,species,taxonomy_only,,0,0,0,52,False,842
1284668,Monosporus pedicellatus,species,taxonomy_only,,0,0,0,48,False,838
1297852,Halurus equisetifolius,species,taxonomy_only,,0,0,0,46,False,836
1321587,Ophrys × peltieri,hybrid,taxonomy_only,,0,0,0,47,False,837
1416463,Nymphaea × marliacea,hybrid,taxon_matched_text,en,5337,5337,930,1163,True,1953
1435384,Rhipsalidopsis gaertneri,species,taxon_matched_text,en,2790,2790,1153,1338,True,2128
1445554,Delphinium nanum,species,taxon_matched_text,pt,1168,1168,260,430,True,1220
1463793,Ophrys × circaea,hybrid,taxonomy_only,,0,0,0,45,False,835
1468330,Euphorbia santamariae,species,taxonomy_only,,0,0,0,44,False,834
1472802,Eucalyptus maidenii,species,text_needs_scope_review,en,3446,1984,804,952,True,1742
1473166,Lysimachia talaverae,species,taxonomy_only,,0,0,0,46,False,836
1500847,Crocus clusii,species,text_needs_scope_review,es,2029,2029,1113,1324,True,2114
1614701,Thrincia lusitanica,species,taxonomy_only,,0,0,0,42,False,832
1648852,Medicago sphaerocarpos,species,text_needs_scope_review,en,1522,306,57,142,True,932
48098,Acer rubrum,species,taxon_matched_text,en,10816,10004,5291,5821,True,6611
48380,Antigonon leptopus,species,taxon_matched_text,en,3238,3238,1433,1644,True,2434
48934,Pinus contorta,species,taxon_matched_text,en,8661,8084,2518,2918,True,3708
50202,Bidens bipinnata,species,taxon_matched_text,en,1422,1422,166,289,True,1079
50790,Linaria vulgaris,species,taxon_matched_text,en,3374,3374,1233,1477,True,2267
51447,Passiflora alata,species,taxon_matched_text,en,2174,1279,515,652,True,1442
51606,Galanthus nivalis,species,taxon_matched_text,en,13406,6158,2970,3299,True,4089
51741,Aegopodium podagraria,species,taxon_matched_text,en,7066,4532,1419,1689,True,2479
51809,Lysimachia nummularia,species,taxon_matched_text,en,1342,1342,417,567,True,1357
52347,Senna septemtrionalis,species,taxon_matched_text,en,3342,2000,580,700,True,1490
52445,Acacia auriculiformis,species,taxon_matched_text,en,2668,1935,536,665,True,1455
52700,Bromus carinatus,species,taxon_matched_text,en,1300,1300,368,514,True,1304
52714,Cortaderia jubata,species,taxon_matched_text,en,1454,1454,472,629,True,1419
52899,Solanum carolinense,species,taxon_matched_text,en,3657,3657,1178,1376,True,2166
53478,Commelina erecta,species,taxon_matched_text,en,5889,4184,1564,1868,True,2658
54779,Quercus alba,species,taxon_matched_text,en,10613,8012,3283,3682,True,4472
54791,Carya ovata,species,taxon_matched_text,en,4805,4805,1463,1696,True,2486
54847,Salix nigra,species,taxon_matched_text,en,4707,4116,1785,2044,True,2834
55193,Torreya californica,species,taxon_matched_text,en,4360,4360,2276,2712,True,3502
55909,Hieracium umbellatum,species,taxon_matched_text,en,4625,3400,1450,1636,True,2426
56334,Phymatoceros bulbiculosus,species,taxonomy_only,,0,0,0,47,False,837
56465,Riccardia multifida,species,taxon_matched_text,en,267,267,41,135,True,925
56626,Veronica agrestis,species,taxon_matched_text,en,2360,1120,477,620,True,1410
59016,Limosella aquatica,species,taxon_matched_text,en,3454,2270,1069,1297,True,2087
59033,Calibrachoa,genus,taxon_matched_text,en,2502,2228,803,976,True,1766
59259,Ajuga chamaepitys,species,taxon_matched_text,en,2089,835,416,531,True,1321
59280,Asperula,genus,taxon_matched_text,en,3637,2878,1685,1859,True,2649
59778,Pastinaca sativa,species,taxon_matched_text,pt,12342,1432,735,940,True,1730
59779,Plantago media,species,taxon_matched_text,en,1058,1058,340,470,True,1260
59933,Trachystemon orientalis,species,text_needs_scope_review,en,5662,552,191,297,True,1087
59936,Nemophila maculata,species,taxon_matched_text,en,1064,1064,358,504,True,1294
60098,Ruschia caroli,species,taxonomy_only,,0,0,0,40,False,830
60121,Hydrocotyle verticillata,species,taxon_matched_text,en,517,517,137,239,True,1029
60204,Geranium pusillum,species,taxon_matched_text,en,1857,686,67,163,True,953
60233,Rumex salicifolius,species,taxon_matched_text,en,2080,2080,807,955,True,1745
60446,Metrosideros kermadecensis,species,taxon_matched_text,en,6596,6596,2352,2633,True,3423
61048,Clarkia amoena,species,taxon_matched_text,en,2100,2100,463,624,True,1414
61320,Cotula turbinata,species,taxon_matched_text,en,1079,1079,192,305,True,1095
61526,Luzula congesta,species,taxonomy_only,,0,0,0,40,False,830
61774,Nothoscordum × borbonicum,hybrid,taxon_matched_text,en,540,540,93,195,True,985
61818,Acacia decurrens,species,taxon_matched_text,en,5842,5255,1684,1962,True,2752
62211,Potentilla recta,species,taxon_matched_text,en,1203,1203,524,661,True,1451
63840,Pilularia globulifera,species,taxon_matched_text,en,1454,1454,850,1052,True,1842
67915,Syntrichia princeps,species,taxonomy_only,,0,0,0,41,False,831
68087,Abies concolor,species,taxon_matched_text,en,7389,6757,2335,2626,True,3416
75608,Asplenium septentrionale,species,taxon_matched_text,en,4181,4181,1755,1993,True,2783
75935,Callitriche heterophylla,species,taxon_matched_text,en,1123,1123,388,584,True,1374
76006,Carduus acanthoides,species,taxon_matched_text,en,2124,1738,637,785,True,1575
76292,Chloris gayana,species,taxon_matched_text,en,4247,3065,1339,1540,True,2330
76459,Cotoneaster integrifolius,species,taxon_matched_text,en,397,397,120,212,True,1002
76783,Eleocharis parvula,species,taxon_matched_text,en,2882,1411,546,714,True,1504
76857,Eragrostis pilosa,species,taxon_matched_text,en,2884,1645,538,696,True,1486
76897,Erigeron annuus,species,taxon_matched_text,en,2232,2232,559,723,True,1513
77295,Glycyrrhiza glabra,species,text_needs_scope_review,en,8752,6964,2364,2798,True,3588
77642,Lathyrus palustris,species,taxon_matched_text,en,970,970,459,567,True,1357
77666,Lepidium densiflorum,species,taxon_matched_text,en,3277,2804,1001,1270,True,2060
78161,Najas gracillima,species,taxon_matched_text,en,1704,1704,250,347,True,1137
78264,Opuntia engelmannii,species,taxon_matched_text,en,5280,5280,1710,2007,True,2797
78454,Persicaria orientalis,species,taxon_matched_text,en,2330,1092,124,213,True,1003
78536,Phalaris caroliniana,species,taxon_matched_text,en,817,817,230,339,True,1129
78818,Ranunculus arvensis,species,taxon_matched_text,en,1830,588,187,288,True,1078
78891,Rubus laciniatus,species,taxon_matched_text,en,1178,1178,284,420,True,1210
78999,Schoenoplectus triqueter,species,taxon_matched_text,en,3950,2588,1070,1312,True,2102
79161,Sparganium angustifolium,species,taxon_matched_text,en,1295,1295,528,704,True,1494
79240,Stipa miliacea,species,text_needs_scope_review,en,2059,645,100,182,True,972
79462,Ulmus parvifolia,species,taxon_matched_text,en,9024,9024,3064,3438,True,4228
81793,Glandularia canadensis,species,text_needs_scope_review,en,2444,2444,397,519,True,1309
81804,Sabal minor,species,taxon_matched_text,en,2456,2456,694,826,True,1616
82570,Marsilea quadrifolia,species,taxon_matched_text,en,2207,1516,881,1096,True,1886
82654,Artemisia arborescens,species,taxon_matched_text,en,2689,1410,361,490,True,1280
83059,Rhododendron maximum,species,taxon_matched_text,en,3362,3362,1321,1517,True,2307
83395,Pandorea pandorana,species,taxon_matched_text,en,4264,4264,1280,1500,True,2290
84338,Valerianella dentata,species,taxon_matched_text,pt,2848,1244,286,468,True,1258
84370,Syzygium malaccense,species,taxon_matched_text,en,5803,3902,1035,1261,True,2051
84889,Parietaria officinalis,species,taxon_matched_text,en,1287,927,224,364,True,1154
85274,Rhopalostylis sapida,species,taxon_matched_text,en,3165,3165,1674,2024,True,2814
85424,Veratrum album,species,taxon_matched_text,en,7264,5444,1689,1999,True,2789
85439,Dianthus gratianopolitanus,species,taxon_matched_text,en,984,984,263,391,True,1181
117805,Chondracanthus canaliculatus,species,taxonomy_only,,0,0,0,43,False,833
118933,Crocus sativus,species,taxon_matched_text,en,10408,4514,1093,1319,True,2109
119246,Nemesia,genus,taxon_matched_text,pt,3651,1348,629,753,True,1543
119387,Elettaria cardamomum,species,taxon_matched_text,en,3516,2674,760,951,True,1741
119490,Arctotis hirsuta,species,taxon_matched_text,en,787,787,153,250,True,1040
119982,Verbesina virginica,species,taxon_matched_text,en,1486,1486,304,430,True,1220
120527,Melaleuca quinquenervia,species,taxon_matched_text,en,15554,7801,2546,2934,True,3724
120934,Ficus aurea,species,taxon_matched_text,en,12320,12320,3944,4332,True,5122
122958,Pouteria lucuma,species,text_needs_scope_review,en,2375,2375,699,861,True,1651
122975,Pistacia vera,species,text_needs_scope_review,en,11393,10005,3413,3923,True,4713
123203,Anigozanthos flavidus,species,taxon_matched_text,en,1095,1095,422,553,True,1343
123586,Plagiothecium undulatum,species,taxon_matched_text,en,240,240,52,152,True,942
123710,Hookeria lucens,species,taxon_matched_text,en,2025,2025,964,1145,True,1935
123751,Climacium dendroides,species,taxon_matched_text,en,2948,2948,1536,1717,True,2507
124839,Adenium obesum,species,taxon_matched_text,en,6099,3342,1005,1254,True,2044
125903,Festuca ovina,species,taxon_matched_text,en,3424,3028,469,653,True,1443
126244,Maranta arundinacea,species,taxon_matched_text,en,4663,3002,1259,1467,True,2257
127857,Paeonia lactiflora,species,taxon_matched_text,en,3839,3839,1002,1246,True,2036
127960,Artemisia campestris,species,taxon_matched_text,en,7659,6316,321,433,True,1223
128684,Hydrocotyle sibthorpioides,species,taxon_matched_text,en,3579,3579,1201,1383,True,2173
128838,Symphoricarpos orbiculatus,species,taxon_matched_text,en,895,895,218,328,True,1118
129048,Physocarpus opulifolius,species,taxon_matched_text,en,2729,2729,620,760,True,1550
129057,Sciadopitys verticillata,species,taxon_matched_text,en,7174,3341,721,893,True,1683
129404,Lampranthus falciformis,species,taxon_matched_text,en,1644,355,47,139,True,929
129850,Stachys sylvatica,species,taxon_matched_text,en,2361,1085,433,550,True,1340
130068,Epidendrum secundum,species,taxon_matched_text,en,3833,3463,1944,2156,True,2946
131245,Bletilla striata,species,taxon_matched_text,en,2382,1895,392,588,True,1378
131384,Galaxaura,genus,taxon_matched_text,en,1230,1230,494,650,True,1440
132807,Sphagnum squarrosum,species,taxon_matched_text,en,9172,9172,3530,3983,True,4773
132823,Sphagnum fimbriatum,species,taxon_matched_text,en,14237,14237,6692,7529,True,8319
133182,Ficus sur,species,taxon_matched_text,en,3927,3927,783,1010,True,1800
133290,Oenothera humifusa,species,taxon_matched_text,en,686,686,82,184,True,974
135348,Wodyetia bifurcata,species,text_needs_scope_review,en,6297,4299,1533,1740,True,2530
135379,Corymbia calophylla,species,taxon_matched_text,en,16810,8067,3170,3525,True,4315
135409,Photinia nussia,species,text_needs_scope_review,en,991,991,120,227,True,1017
135791,Pinus parviflora,species,taxon_matched_text,en,2131,1573,367,504,True,1294
135792,Picea asperata,species,taxon_matched_text,en,1144,1144,429,557,True,1347
135805,Picea smithiana,species,taxon_matched_text,en,1440,1440,462,615,True,1405
135898,Lepidozamia peroffskyana,species,taxon_matched_text,en,1777,1777,588,742,True,1532
135950,Encephalartos princeps,species,taxon_matched_text,en,815,815,280,407,True,1197
135953,Encephalartos senticosus,species,taxon_matched_text,en,2161,2161,844,993,True,1783
135960,Encephalartos natalensis,species,taxon_matched_text,en,1497,1497,692,822,True,1612
136097,Encephalartos aplanatus,species,taxon_matched_text,en,609,609,215,337,True,1127
136114,Encephalartos friderici-guilielmi,species,taxon_matched_text,en,1364,1364,475,603,True,1393
138594,Schotia afra,species,taxon_matched_text,en,795,795,308,434,True,1224
141381,Chamaedorea pochutlensis,species,taxonomy_only,,0,0,0,47,False,837
142844,Alsophila spinulosa,species,taxon_matched_text,en,1502,1502,291,419,True,1209
143792,Pistacia chinensis,species,taxon_matched_text,en,1770,1770,601,793,True,1583
145588,Coix lacryma-jobi,species,text_needs_scope_review,en,19007,19007,6124,6927,True,7717
153992,Echeveria gibbiflora,species,taxon_matched_text,en,2501,1687,288,422,True,1212
153994,Tinantia erecta,species,taxonomy_only,,0,0,0,40,False,830
154170,Pohlia nutans,species,taxon_matched_text,en,5219,5219,233,346,True,1136
154558,Jatropha podagrica,species,taxon_matched_text,en,6316,2609,572,719,True,1509
157766,Abelmoschus manihot,species,taxon_matched_text,en,2696,2337,634,848,True,1638
158043,Aethusa cynapium,species,taxon_matched_text,en,2222,1641,659,838,True,1628
158185,Allium oleraceum,species,taxon_matched_text,en,2064,2064,484,620,True,1410
158234,Althaea cannabina,species,taxon_matched_text,en,2382,1047,376,507,True,1297
158402,Anomodon viticulosus,species,taxon_matched_text,de,1173,1173,483,633,True,1423
158570,Archontophoenix alexandrae,species,taxon_matched_text,en,3405,3405,1229,1437,True,2227
159408,Brachythecium salebrosum,species,taxon_matched_text,en,973,973,93,208,True,998
160337,Cerastium gracile,species,text_needs_scope_review,es,1585,1585,999,1228,True,2018
160347,Cerastium tomentosum,species,taxon_matched_text,en,1075,1075,376,503,True,1293
162691,Erodium laciniatum,species,taxon_matched_text,en,1637,380,88,190,True,980
162763,Eucalyptus saligna,species,taxon_matched_text,en,4661,3697,1210,1382,True,2172
162968,Ficus altissima,species,taxon_matched_text,en,2190,2190,599,762,True,1552
163221,Genista stenopetala,species,taxon_matched_text,en,881,881,275,393,True,1183
163318,Glandularia polyantha,species,taxonomy_only,,0,0,0,44,False,834
163347,Gomphrena haageana,species,taxon_matched_text,en,680,680,434,545,True,1335
163406,Grimmia trichophylla,species,taxon_matched_text,de,1299,1299,725,883,True,1673
163785,Hieracium lachenalii,species,taxon_matched_text,en,5797,4583,769,969,True,1759
163810,Hippeastrum puniceum,species,taxon_matched_text,en,1535,770,226,325,True,1115
163821,Homalia trichomanoides,species,text_needs_scope_review,de,1133,1133,574,726,True,1516
163971,Hypericum gymnanthum,species,taxon_matched_text,en,1148,1148,213,336,True,1126
164027,Iberis amara,species,taxon_matched_text,en,2341,2341,688,833,True,1623
164038,Ilex cornuta,species,taxon_matched_text,en,2001,2001,681,856,True,1646
164712,Lolium temulentum,species,taxon_matched_text,en,5037,2198,758,933,True,1723
165115,Malvastrum coromandelianum,species,taxon_matched_text,en,2544,702,70,175,True,965
165172,Marsupella emarginata,species,taxon_matched_text,de,649,649,329,449,True,1239
165537,Mucuna sloanei,species,taxonomy_only,,0,0,0,39,False,829
165703,Nicotiana alata,species,taxon_matched_text,en,782,782,312,471,True,1261
165707,Nicotiana rustica,species,taxon_matched_text,en,6639,4186,1493,1725,True,2515
165752,Nymphaea elegans,species,taxon_matched_text,en,1194,1194,273,450,True,1240
166161,Parthenocissus heptaphylla,species,taxonomy_only,,0,0,0,44,False,834
166708,Phlox maculata,species,taxon_matched_text,en,928,928,231,340,True,1130
167634,Quercus acutissima,species,taxon_matched_text,en,3865,2961,1012,1188,True,1978
167988,Rosa moschata,species,taxon_matched_text,en,1015,1015,447,610,True,1400
168405,Salvinia natans,species,taxon_matched_text,en,2910,1494,421,534,True,1324
169144,Sorbaria sorbifolia,species,taxon_matched_text,en,1152,1152,290,409,True,1199
169474,Symphyotrichum novi-belgii,species,taxon_matched_text,en,3476,3476,404,571,True,1361
169524,Tagetes lemmonii,species,taxon_matched_text,en,1025,1025,297,455,True,1245
169780,Tithonia rotundifolia,species,taxon_matched_text,en,2872,2872,659,812,True,1602
170210,Vicia hybrida,species,text_needs_scope_review,de,2367,2367,783,968,True,1758
170452,Zoysia matrella,species,taxon_matched_text,en,2542,2542,798,964,True,1754
179391,Bidens triplinervia,species,taxon_matched_text,en,1001,1001,45,134,True,924
181672,Bauhinia × blakeana,hybrid,taxon_matched_text,en,4376,3767,1695,1928,True,2718
181739,Dipogon lignosus,species,taxon_matched_text,en,1992,1992,946,1120,True,1910
183481,Euryale ferox,species,taxon_matched_text,en,11559,5706,1243,1526,True,2316
199511,Argemone ochroleuca,species,taxon_matched_text,en,902,902,207,304,True,1094
202155,Castanospermum australe,species,taxon_matched_text,pt,5556,271,160,271,True,1061
202296,Alstroemeria pulchra,species,taxon_matched_text,es,1254,1254,754,925,True,1715
204167,Scorzoneroides autumnalis,species,taxon_matched_text,en,2494,1224,258,408,True,1198
204924,Agave victoriae-reginae,species,taxon_matched_text,en,1476,1476,382,501,True,1291
206722,Mammillaria haageana,species,taxon_matched_text,en,899,899,42,134,True,924
208746,Adonidia merrillii,species,taxon_matched_text,en,1412,1412,546,664,True,1454
210414,Alkanna tinctoria,species,taxon_matched_text,en,2194,1812,517,718,True,1508
243780,Sisyrinchium striatum,species,taxon_matched_text,en,688,688,124,234,True,1024
245678,Pulmonaria longifolia,species,taxon_matched_text,en,2145,903,511,665,True,1455
245741,Centaurium littorale,species,taxon_matched_text,en,1518,238,38,134,True,924
245912,Bupleurum subovatum,species,text_needs_scope_review,en,1740,437,167,254,True,1044
274359,Opuntia dejecta,species,taxon_matched_text,en,506,506,104,204,True,994
274972,Campyliadelphus chrysophyllus,species,text_needs_scope_review,en,567,567,74,182,True,972
276070,Sedum × luteoviride,hybrid,taxonomy_only,,0,0,0,44,False,834
277626,Begonia bowerae,species,taxon_matched_text,en,571,571,184,285,True,1075
277638,Begonia nelumbiifolia,species,taxon_matched_text,en,179,179,26,113,True,903
280843,Cyperus luzulae,species,taxon_matched_text,en,562,562,35,122,True,912
281612,Sinningia speciosa,species,taxon_matched_text,en,3088,1102,209,313,True,1103
282753,Echeveria nodulosa,species,taxon_matched_text,en,1367,1069,405,538,True,1328
283915,Rhapis excelsa,species,taxon_matched_text,en,1896,1090,331,434,True,1224
286703,Alternanthera pubiflora,species,taxonomy_only,,0,0,0,45,False,835
287316,Murraya paniculata,species,taxon_matched_text,en,3966,3966,1025,1209,True,1999
288654,Sinclairia discolor,species,taxonomy_only,,0,0,0,39,False,829
289732,Tagetes tenuifolia,species,taxon_matched_text,en,1697,1697,489,647,True,1437
290801,Solanum wendlandii,species,taxon_matched_text,en,669,669,113,199,True,989
319417,Gagea pratensis,species,taxon_matched_text,en,1261,1261,300,477,True,1267
320055,Pachypodium lamerei,species,taxon_matched_text,en,1196,1196,371,498,True,1288
322316,Aphelandra squarrosa,species,taxon_matched_text,en,1271,943,625,803,True,1593
322425,Epidendrum ibaguense,species,taxon_matched_text,en,2073,1672,793,956,True,1746
322763,Pelargonium crispum,species,taxon_matched_text,en,1693,1693,905,1112,True,1902
323942,Cyathea australis,species,text_needs_scope_review,en,4399,2417,870,1053,True,1843
324241,Draparnaldia,genus,taxon_matched_text,en,1669,1669,790,957,True,1747
327716,Erythrina corallodendron,species,taxon_matched_text,en,819,819,118,208,True,998
328089,Schefflera digitata,species,taxon_matched_text,en,5159,4616,1645,1914,True,2704
331118,Clerodendrum × speciosum,hybrid,taxonomy_only,,0,0,0,45,False,835
337384,Nyctocereus serpentinus,species,text_needs_scope_review,es,1108,1108,600,759,True,1549
338330,Syzygium smithii,species,taxon_matched_text,en,5619,5619,1942,2215,True,3005
338371,Arabis juressi,species,taxon_matched_text,pt,1254,1254,250,419,True,1209
340072,Aloe marlothii,species,taxon_matched_text,en,2288,1381,534,698,True,1488
340354,Heteromorpha arborescens,species,taxonomy_only,,0,0,0,43,False,833
341577,Kundmannia sicula,species,taxon_matched_text,en,2020,802,459,630,True,1420
342006,Ononis cossoniana,species,taxon_matched_text,pt,1556,1556,571,794,True,1584
342064,Lobularia canariensis,species,taxon_matched_text,pt,1387,1387,398,562,True,1352
343885,Rhododendron × pulchrum,hybrid,text_needs_scope_review,en,414,414,221,330,True,1120
344327,Serissa japonica,species,taxon_matched_text,es,3239,1158,752,933,True,1723
345167,Pediastrum duplex,species,taxon_matched_text,en,2618,2618,617,752,True,1542
345545,Victoria cruziana,species,taxon_matched_text,en,1913,1913,535,657,True,1447
346778,Ranunculus asiaticus,species,taxon_matched_text,en,1421,905,371,507,True,1297
346848,Chrysanthemum indicum,species,taxon_matched_text,en,800,800,311,458,True,1248
347903,Parodia magnifica,species,taxon_matched_text,en,987,987,229,341,True,1131
349201,Hypericum patulum,species,taxon_matched_text,en,2067,2067,595,756,True,1546
353835,Doodia aspera,species,taxon_matched_text,en,1582,1582,564,722,True,1512
358181,Securigera securidaca,species,taxon_matched_text,pt,1328,1328,290,460,True,1250
359488,Peucedanum officinale,species,taxon_matched_text,en,4317,1106,532,650,True,1440
360179,Pimelea ferruginea,species,taxon_matched_text,en,1571,1571,468,607,True,1397
362126,Alocasia odora,species,taxon_matched_text,en,1659,1659,663,798,True,1588
362150,Hydrangea aspera,species,taxon_matched_text,en,5024,2301,749,914,True,1704
365341,Howea belmoreana,species,taxon_matched_text,en,1296,1296,361,476,True,1266
366187,Gladiolus murielae,species,taxon_matched_text,en,2021,2021,546,695,True,1485
366916,Gaultheria mucronata,species,taxon_matched_text,en,1329,1329,317,470,True,1260
367839,Albuca bracteata,species,taxon_matched_text,en,2483,2483,764,912,True,1702
371103,Osmanthus fragrans,species,taxon_matched_text,en,3916,3916,1299,1517,True,2307
371831,Ulex gallii,species,taxon_matched_text,en,1487,827,400,523,True,1313
371857,Moehringia trinervia,species,taxon_matched_text,en,2329,1120,378,536,True,1326
372342,Elatine alsinastrum,species,taxon_matched_text,en,1984,722,289,459,True,1249
372452,Brugmansia × candida,hybrid,taxon_matched_text,en,3652,1287,232,353,True,1143
399421,Aeonium urbicum,species,taxon_matched_text,en,588,588,117,210,True,1000
402783,Impatiens niamniamensis,species,taxon_matched_text,en,1161,1161,376,517,True,1307
404420,Osteospermum moniliferum,species,taxon_matched_text,en,5021,5021,2137,2445,True,3235
406533,Thunbergia coccinea,species,taxon_matched_text,en,1024,1024,320,453,True,1243
406582,Tortula truncata,species,taxonomy_only,,0,0,0,40,False,830
410763,Luculia gratissima,species,taxon_matched_text,en,925,925,179,283,True,1073
410902,Aechmea distichantha,species,taxon_matched_text,en,1949,1490,215,328,True,1118
411266,Rhipsalis cereuscula,species,taxon_matched_text,es,457,457,290,433,True,1223
417289,Alchemilla transiens,species,taxon_matched_text,pt,1645,1645,549,733,True,1523
418222,Malva pusilla,species,taxon_matched_text,en,2308,2308,999,1190,True,1980
418744,Saxifraga portosanctana,species,taxon_matched_text,pt,1386,1386,311,488,True,1278
425426,Syzygium buxifolium,species,taxon_matched_text,en,874,874,93,185,True,975
428703,Chlorophytum laxum,species,taxon_matched_text,en,612,612,300,432,True,1222
429796,Rosa dumalis,species,taxon_matched_text,en,15552,15552,685,891,True,1681
429957,Acrosiphonia coalita,species,taxon_matched_text,en,1022,1022,145,261,True,1051
430364,Hibiscus elatus,species,taxon_matched_text,en,1380,1380,702,865,True,1655
430600,Acokanthera oppositifolia,species,taxon_matched_text,en,830,830,141,250,True,1040
430630,Aloe africana,species,taxon_matched_text,en,2067,1167,420,582,True,1372
431469,Pittosporum heterophyllum,species,taxon_matched_text,en,635,635,137,232,True,1022
431617,Sedum tetractinum,species,taxonomy_only,,0,0,0,41,False,831
436604,Juncus fontanesii,species,taxon_matched_text,en,2482,1202,630,822,True,1612
437501,Aloe humilis,species,taxon_matched_text,en,2920,1008,52,135,True,925
442108,Pilosocereus pachycladus,species,taxon_matched_text,en,1074,397,78,186,True,976
443999,Streptocarpus saxorum,species,taxon_matched_text,en,697,697,81,171,True,961
450399,Geranium reuteri,species,taxon_matched_text,en,1397,1397,430,557,True,1347
450887,Limonium auriculae-ursifolium,species,taxon_matched_text,pt,1401,1401,278,460,True,1250
460690,Sphaeropteris lepifera,species,taxon_matched_text,en,2504,2504,584,718,True,1508
461192,Suaeda vermiculata,species,taxon_matched_text,en,664,664,213,330,True,1120
461329,Hypnum uncinulatum,species,taxonomy_only,,0,0,0,43,False,833
461363,Thamnobryum maderense,species,taxonomy_only,,0,0,0,47,False,837
461981,Aeonium canariense,species,taxon_matched_text,en,809,809,253,349,True,1139
466086,Tragopogon castellanus,species,taxonomy_only,,0,0,0,45,False,835
467326,Echium webbii,species,taxon_matched_text,en,906,510,145,251,True,1041
467752,Neckera pumila,species,taxon_matched_text,de,914,914,458,606,True,1396
468152,Sempervivum calcareum,species,taxon_matched_text,en,919,919,145,247,True,1037
468330,Brunfelsia latifolia,species,taxon_matched_text,en,1691,1691,986,1180,True,1970
471520,Cosmarium quadrum,species,taxonomy_only,,0,0,0,41,False,831
471802,Zanthoxylum armatum,species,taxon_matched_text,en,5010,5010,1480,1703,True,2493
471914,Teesdalia conferta,species,taxonomy_only,,0,0,0,43,False,833
479441,Quercus × andegavensis,hybrid,taxonomy_only,,0,0,0,48,False,838
480199,Strelitzia juncea,species,taxon_matched_text,en,1001,1001,189,285,True,1075
481178,Rosulabryum canariense,species,taxonomy_only,,0,0,0,44,False,834
482119,Jubula hutchinsiae,species,taxonomy_only,,0,0,0,44,False,834
485462,Fontinalis squamosa,species,taxonomy_only,,0,0,0,42,False,832
485586,Dialytrichia mucronata,species,taxonomy_only,,0,0,0,45,False,835
485594,Tortella nitida,species,taxonomy_only,,0,0,0,41,False,831
485620,Chaerophyllum nodosum,species,taxonomy_only,,0,0,0,43,False,833
485740,Fontanesia philliraeoides,species,text_needs_scope_review,en,1502,1046,379,509,True,1299
487461,Coriaria myrtifolia,species,taxon_matched_text,en,2871,2871,1019,1217,True,2007
492793,Catananche lutea,species,taxon_matched_text,en,4529,3300,1841,2024,True,2814
493017,Scandix australis,species,taxon_matched_text,pt,1332,1332,281,448,True,1238
493634,Coelogyne cristata,species,taxon_matched_text,en,2888,2564,1350,1567,True,2357
496019,Volutaria crupinoides,species,taxon_matched_text,pt,1650,1650,638,883,True,1673
496079,Andropogon distachyos,species,taxon_matched_text,en,421,421,113,211,True,1001
497815,Herniaria scabrida,species,taxon_matched_text,pt,1480,1480,413,568,True,1358
497840,Holcus gayanus,species,taxon_matched_text,pt,1206,1206,241,410,True,1200
498751,Anadyomene stellata,species,taxonomy_only,,0,0,0,43,False,833
509930,Saxifraga carpetana,species,taxon_matched_text,pt,1294,1294,288,439,True,1229
511094,Lutheria splendens,species,text_needs_scope_review,en,899,899,135,237,True,1027
512330,Verbascum rotundifolium,species,taxon_matched_text,es,1789,1789,1387,1564,True,2354
515735,Reseda virgata,species,taxon_matched_text,pt,1237,1237,248,414,True,1204
516585,Ferulago lutea,species,taxonomy_only,,0,0,0,41,False,831
520164,Helianthemum hirtum,species,taxon_matched_text,pt,1284,1284,265,439,True,1229
524462,Crassula orbicularis,species,taxon_matched_text,de,1152,1152,570,730,True,1520
525524,Rubus genevieri,species,taxon_matched_text,pt,1522,1522,577,815,True,1605
525548,Allium canariense,species,taxonomy_only,,0,0,0,41,False,831
525568,Isoetes durieui,species,taxon_matched_text,es,667,667,423,549,True,1339
526213,Nerine humilis,species,taxon_matched_text,en,893,893,256,361,True,1151
527157,Schizymenia dubyi,species,taxonomy_only,,0,0,0,43,False,833
533976,Diploglottis australis,species,taxon_matched_text,en,4725,4725,1600,1850,True,2640
535868,Ehretia acuminata,species,taxon_matched_text,en,2538,2538,641,827,True,1617
545878,Capparis orientalis,species,taxon_matched_text,en,360,360,85,180,True,970
546986,Plantago monosperma,species,taxonomy_only,,0,0,0,41,False,831
551865,Juniperus macrocarpa,species,taxon_matched_text,en,1438,1438,382,490,True,1280
553161,Lysimachia congestiflora,species,taxon_matched_text,en,1340,1340,416,602,True,1392
553429,Lampranthus bicolor,species,taxon_matched_text,en,661,661,60,148,True,938
557372,Astragalus glaux,species,taxon_matched_text,en,2431,1249,351,507,True,1297
565667,Gagea polymorpha,species,taxonomy_only,,0,0,0,43,False,833
568778,Cleretum bellidiforme,species,taxon_matched_text,en,3694,3694,1265,1487,True,2277
569782,Lagerstroemia subcostata,species,taxon_matched_text,en,1360,1360,172,284,True,1074
577767,Euphorbia caerulescens,species,taxon_matched_text,es,909,909,440,603,True,1393
588545,Lampranthus explanatus,species,taxon_matched_text,en,431,431,123,210,True,1000
594427,Senegalia nigrescens,species,taxon_matched_text,en,1654,1280,222,340,True,1130
627072,Sonchus parathalassius,species,taxonomy_only,,0,0,0,47,False,837
627508,Phlomis herba-venti,species,taxon_matched_text,pt,1348,1348,286,441,True,1231
632488,Phyllophora crispa,species,taxon_matched_text,en,803,803,273,402,True,1192
634692,Filago arvensis,species,taxon_matched_text,en,223,223,37,131,True,921
702024,Luzula canariensis,species,taxon_matched_text,en,268,268,58,147,True,937
708344,Glandora diffusa,species,taxon_matched_text,en,882,882,265,380,True,1170
710648,Fraxinus floribunda,species,taxon_matched_text,en,885,885,184,283,True,1073
738752,Veronica macrocarpa,species,taxonomy_only,,0,0,0,41,False,831
769162,Armeria langei,species,taxon_matched_text,pt,1342,1342,329,479,True,1269
786063,Senecio brasiliensis,species,taxon_matched_text,en,4574,2377,441,634,True,1424
790323,Phymatolithon calcareum,species,taxon_matched_text,pt,1679,1679,629,800,True,1590
795440,Aechmea pineliana,species,taxon_matched_text,en,1166,749,70,159,True,949
846112,Cephalocereus polylophus,species,taxon_matched_text,en,1868,1868,612,760,True,1550
847117,Ceiba insignis,species,taxon_matched_text,en,625,625,59,142,True,932
851888,Guilandina bonduc,species,taxon_matched_text,en,3236,3236,1067,1274,True,2064
857321,Callithamnion granulatum,species,taxonomy_only,,0,0,0,43,False,833
861356,Genista paivae,species,taxonomy_only,,0,0,0,41,False,831
861383,Helichrysum monizii,species,taxon_matched_text,pt,1276,1276,237,411,True,1201
866988,Goeppertia orbifolia,species,taxon_matched_text,en,738,738,81,173,True,963
868721,Berberis × hortensis,hybrid,taxon_matched_text,en,1225,1225,519,688,True,1478
888366,Sanchezia oblonga,species,taxonomy_only,,0,0,0,42,False,832
892003,Aeonium castello-paivae,species,taxon_matched_text,es,960,960,436,625,True,1415
896905,Oxybasis chenopodioides,species,taxon_matched_text,en,7239,5993,2129,2437,True,3227
910596,Jacaranda brasiliana,species,taxon_matched_text,en,438,438,69,165,True,955
915240,Grevillea banksii × bipinnatifida,hybrid,taxonomy_only,,0,0,0,49,False,839
917748,Tetrastichium fontanum,species,taxon_matched_text,pt,816,816,210,326,True,1116
932806,Herniaria cinerea,species,taxon_matched_text,en,1657,458,90,187,True,977
948303,Phycopeltis arundinacea,species,taxonomy_only,,0,0,0,49,False,839
965730,Glandularia tweedieana,species,taxonomy_only,,0,0,0,47,False,837
976069,Rostraria azorica,species,taxon_matched_text,pt,1284,1284,236,366,True,1156
988425,Bupleurum gerardi,species,taxon_matched_text,pt,1180,1180,249,418,True,1208
996312,Staurastrum irregulare,species,taxonomy_only,,0,0,0,45,False,835
1007800,Spergularia heldreichii,species,taxon_matched_text,pt,1240,1240,254,432,True,1222
1019110,× Triticosecale,genushybrid,text_needs_scope_review,en,17653,15947,5094,5610,True,6400
1020111,Trilophozia quinquedentata,species,taxon_matched_text,de,1193,1193,615,772,True,1562
1039469,Begonia minor,species,taxon_matched_text,en,782,782,124,229,True,1019
1110513,Pentanema salicinum,species,taxon_matched_text,en,1629,1629,500,637,True,1427
1121127,Pleroma semidecandrum,species,taxon_matched_text,en,783,783,301,451,True,1241
1130926,Herbertus azoricus,species,taxonomy_only,,0,0,0,44,False,834
1149077,Salicornia alpini,species,taxonomy_only,,0,0,0,42,False,832
1149968,Tuberaria commutata,species,taxon_matched_text,pt,1308,1308,637,883,True,1673
1172810,Goeppertia makoyana,species,taxon_matched_text,en,1282,1282,239,348,True,1138
1172841,Goeppertia sanderiana,species,taxon_matched_text,en,781,781,273,388,True,1178
1196656,Anthyllis cornicina,species,taxonomy_only,,0,0,0,44,False,834
1203471,Coleus paniculatus,species,taxonomy_only,,0,0,0,41,False,831
1227115,Sonchus microcephalus,species,taxonomy_only,,0,0,0,46,False,836
1229219,Coleus caninus,species,taxon_matched_text,en,1513,1513,483,647,True,1437
1251643,Aechmea coelestis,species,taxon_matched_text,en,1006,1006,90,205,True,995
1278866,Coleus forsteri,species,taxonomy_only,,0,0,0,42,False,832
1363650,Hylotelephium × mottramianum,hybrid,taxonomy_only,,0,0,0,46,False,836
1363870,Alchemilla cornucopioides,species,taxonomy_only,,0,0,0,46,False,836
1371920,Crocus vernus,complex,taxon_matched_text,en,1237,878,357,514,True,1304
1375472,Vicia lentoides,species,text_needs_scope_review,en,748,748,271,364,True,1154
1396475,Astilbe chinensis,species,taxon_matched_text,en,2100,2100,714,907,True,1697
1421255,Cistus × stenophyllus,hybrid,taxonomy_only,,0,0,0,45,False,835
1428094,Leucadendron × hybridum,hybrid,taxonomy_only,,0,0,0,47,False,837
1473075,Leucanthemum pseudosylvaticum,species,taxonomy_only,,0,0,0,52,False,842
1508061,Plagiochila maderensis,species,taxonomy_only,,0,0,0,46,False,836
1515657,Hesperocyparis goveniana,species,taxon_matched_text,en,3063,3063,906,1095,True,1885
1526151,Cistus × novus,hybrid,taxonomy_only,,0,0,0,43,False,833
1534750,Centaurea gabrielis-blancae,species,taxonomy_only,,0,0,0,52,False,842
1546134,Gaudium laevigatum,species,taxon_matched_text,en,6905,3251,872,1064,True,1854
1550972,Thymus × brachychaetus,hybrid,taxonomy_only,,0,0,0,49,False,839
1564212,Agrostis × fouilladei,hybrid,taxon_matched_text,pt,1323,1323,240,420,True,1210
1565881,Ophrys × gauthieri,hybrid,taxonomy_only,,0,0,0,47,False,837
1578722,Orobanche castellana,species,taxonomy_only,,0,0,0,44,False,834
1581252,Quercus × tingitana,hybrid,taxonomy_only,,0,0,0,45,False,835
1606308,Vachellia campeachiana,species,taxon_matched_text,pt,915,915,28,119,True,909
1635599,Caulacanthus okamurae,species,taxonomy_only,,0,0,0,44,False,834
1639001,Echeveria purpusiorum,species,text_needs_scope_review,en,417,417,160,264,True,1054
48070,Sagittaria latifolia,species,taxon_matched_text,en,4129,4129,1369,1588,True,2378
48206,Convallaria majalis,species,taxon_matched_text,pt,10636,1244,916,1126,True,1916
48602,Datura metel,species,taxon_matched_text,en,14067,11909,6723,7292,True,8082
48682,Spiraea tomentosa,species,taxon_matched_text,en,1007,1007,325,463,True,1253
48691,Liatris pycnostachya,species,taxon_matched_text,en,1310,1310,471,622,True,1412
48798,Sidalcea,genus,taxon_matched_text,en,2649,2397,937,1095,True,1885
49006,Quercus velutina,species,taxon_matched_text,en,4906,4906,2864,3269,True,4059
49080,Chimonanthus praecox,species,taxon_matched_text,en,1569,1569,331,459,True,1249
49192,Castanea mollissima,species,taxon_matched_text,en,3192,3192,1578,1803,True,2593
49195,Callicarpa,genus,taxon_matched_text,en,6390,5372,4056,4412,True,5202
49197,Melocactus,genus,taxon_matched_text,en,4059,3548,1243,1406,True,2196
49371,Scirpus,genus,taxon_matched_text,en,5244,3372,1234,1460,True,2250
49883,Betula papyrifera,species,taxon_matched_text,en,6946,6946,3183,3574,True,4364
49918,Sisyrinchium bellum,species,taxon_matched_text,en,1225,1225,430,567,True,1357
50648,Nemophila menziesii,species,taxon_matched_text,en,1536,1536,539,703,True,1493
51085,Triteleia laxa,species,taxon_matched_text,en,997,997,288,406,True,1196
51138,Orontium aquaticum,species,taxon_matched_text,en,2515,1298,298,391,True,1181
51735,Clarkia unguiculata,species,taxon_matched_text,en,2526,2526,675,854,True,1644
51810,Laburnum anagyroides,species,taxon_matched_text,en,1352,1352,562,763,True,1553
52355,Pavonia hastata,species,taxon_matched_text,en,867,867,286,422,True,1212
52360,Lilium formosanum,species,taxon_matched_text,en,2596,1895,684,827,True,1617
52588,Centaurea solstitialis,species,taxon_matched_text,en,8239,8239,2859,3216,True,4006
52798,Juncus patens,species,taxon_matched_text,en,1633,1633,450,607,True,1397
53093,Helenium,genus,taxon_matched_text,en,5668,3786,1489,1686,True,2476
53183,Oxalis stricta,species,taxon_matched_text,en,7749,7749,2458,2937,True,3727
53723,Calocedrus decurrens,species,taxon_matched_text,en,5311,3893,1409,1671,True,2461
54629,Pseudopanax crassifolius,species,taxon_matched_text,en,13998,13998,4062,4787,True,5577
54786,Quercus shumardii,species,taxon_matched_text,en,2290,2290,1058,1276,True,2066
54833,Prunus pensylvanica,species,taxon_matched_text,en,4532,2072,1036,1246,True,2036
54835,Prunus virginiana,species,taxon_matched_text,en,4785,4785,1659,1980,True,2770
54849,Salix purpurea,species,taxon_matched_text,en,9624,8383,2382,2698,True,3488
55163,Trebouxia,genus,taxon_matched_text,en,9155,9155,3275,3638,True,4428
55662,Trifolium ornithopodioides,species,taxon_matched_text,en,2216,835,60,155,True,945
55841,Helleborus niger,species,taxon_matched_text,en,4798,4798,2158,2458,True,3248
55875,Crocus tommasinianus,species,taxon_matched_text,en,1645,1645,447,628,True,1418
56017,Tamarix aphylla,species,taxon_matched_text,en,3156,3156,941,1177,True,1967
56065,Galium odoratum,species,taxon_matched_text,en,3098,2642,750,902,True,1692
56415,Riccia fluitans,species,taxon_matched_text,en,2034,1501,214,338,True,1128
56451,Metzgeria conjugata,species,text_needs_scope_review,de,806,806,351,471,True,1261
56934,Scilla bifolia,species,taxon_matched_text,en,1580,1580,693,897,True,1687
57243,Rhamnus crocea,species,taxon_matched_text,en,2082,2082,437,572,True,1362
57912,Artemisia dracunculus,species,taxon_matched_text,pt,5241,1055,705,863,True,1653
58231,Platanus racemosa,species,taxon_matched_text,en,3864,3350,1149,1337,True,2127
58831,Heterotheca grandiflora,species,taxon_matched_text,en,893,893,191,289,True,1079
59255,Bellevalia romana,species,taxon_matched_text,en,657,657,112,205,True,995
59432,Levisticum officinale,species,text_needs_scope_review,en,3703,3413,1072,1302,True,2092
60109,Carpobrotus glaucescens,species,taxon_matched_text,en,1906,1906,554,687,True,1477
61010,Lupinus arboreus,species,taxon_matched_text,en,3661,1660,686,865,True,1655
61334,Narcissus poeticus,species,taxon_matched_text,en,6514,5654,2053,2308,True,3098
61480,Saponaria ocymoides,species,taxon_matched_text,en,1629,1629,553,689,True,1479
61776,Oxalis incarnata,species,taxon_matched_text,en,432,432,161,246,True,1036
62772,Aristolochia macrophylla,species,taxon_matched_text,en,1901,1901,932,1115,True,1905
62833,Cedrela odorata,species,taxon_matched_text,en,3933,2259,787,930,True,1720
62877,Hibiscus schizopetalus,species,taxon_matched_text,en,1373,1023,295,433,True,1223
62917,Amaranthus spinosus,species,taxon_matched_text,en,3058,1820,545,695,True,1485
63115,Dennstaedtia punctilobula,species,text_needs_scope_review,en,1840,1840,336,466,True,1256
63878,Fraxinus latifolia,species,taxon_matched_text,en,2227,2227,1129,1295,True,2085
64519,Banksia serrata,species,taxon_matched_text,en,25827,12400,4763,5181,True,5971
64541,Dianthus armeria,species,taxon_matched_text,en,2894,1625,617,772,True,1562
64546,Rubus caesius,species,taxon_matched_text,en,3238,1940,575,758,True,1548
67750,Hibiscus arnottianus,species,taxon_matched_text,en,1289,1289,449,566,True,1356
67756,Dendrobium nobile,species,taxon_matched_text,en,10713,2978,731,911,True,1701
68313,Bombax ceiba,species,taxon_matched_text,en,3998,3467,1463,1692,True,2482
68666,Phyllanthus emblica,species,taxon_matched_text,en,4251,3156,1241,1466,True,2256
68884,Phlox subulata,species,taxon_matched_text,en,2142,1454,342,480,True,1270
69232,Alocasia cucullata,species,taxon_matched_text,en,1610,1610,479,649,True,1439
69717,Rubus flagellaris,species,taxon_matched_text,en,4198,2986,1077,1302,True,2092
70023,Pandanus odorifer,species,taxon_matched_text,en,3199,3199,895,1080,True,1870
70236,Metrosideros fulgens,species,taxon_matched_text,en,2224,2224,723,874,True,1664
70237,Metrosideros robusta,species,taxon_matched_text,en,3575,3212,1376,1593,True,2383
71140,Alopecurus geniculatus,species,taxon_matched_text,en,3360,2102,588,740,True,1530
72108,Echinodorus,genus,taxon_matched_text,en,4904,3965,2181,2392,True,3182
75396,Amaranthus hypochondriacus,species,taxon_matched_text,en,4558,3256,565,698,True,1488
75487,Apera spica-venti,species,taxon_matched_text,en,1273,727,122,233,True,1023
75549,Arctotheca prostrata,species,taxon_matched_text,en,1921,1921,892,1035,True,1825
75559,Aristida adscensionis,species,taxon_matched_text,en,2116,847,107,207,True,997
75566,Armoracia rusticana,species,taxon_matched_text,pt,13234,3425,2071,2363,True,3153
75584,Artemisia annua,species,taxon_matched_text,en,12127,8259,2144,2416,True,3206
75598,Artemisia tridentata,species,taxon_matched_text,en,6577,6577,1880,2197,True,2987
75721,Aubrieta deltoidea,species,taxon_matched_text,en,1227,731,244,358,True,1148
75751,Berberis darwinii,species,taxon_matched_text,en,1575,1575,426,554,True,1344
75903,Bromus inermis,species,taxon_matched_text,en,833,833,472,598,True,1388
75909,Bromus racemosus,species,taxon_matched_text,en,3583,1967,613,738,True,1528
75921,Cabomba caroliniana,species,taxon_matched_text,en,5881,4252,1180,1436,True,2226
76127,Carex vesicaria,species,taxon_matched_text,en,3035,1802,569,733,True,1523
76209,Centaurea cineraria,species,taxon_matched_text,en,3045,3045,668,831,True,1621
76590,Cyperus laevigatus,species,taxon_matched_text,en,1457,1457,262,390,True,1180
76856,Eragrostis pectinacea,species,taxon_matched_text,en,912,912,296,415,True,1205
77836,Lonicera tatarica,species,taxon_matched_text,en,2785,2785,971,1170,True,1960
77841,Ludwigia repens,species,taxon_matched_text,en,722,722,197,307,True,1097
78091,Moluccella laevis,species,taxon_matched_text,en,549,549,166,286,True,1076
78340,Panicum miliaceum,species,taxon_matched_text,pt,14681,4473,930,1251,True,2041
78636,Poa compressa,species,taxon_matched_text,en,1575,432,109,201,True,991
78836,Ratibida columnifera,species,taxon_matched_text,en,1923,1923,578,737,True,1527
78930,Salicornia depressa,species,text_needs_scope_review,en,370,370,144,247,True,1037
78966,Salvia clevelandii,species,taxon_matched_text,en,2324,2324,661,843,True,1633
79020,Searsia lancea,species,taxon_matched_text,en,1614,1614,479,616,True,1406
79117,Silene pendula,species,taxon_matched_text,en,1876,722,93,176,True,966
79148,Solidago altissima,species,taxon_matched_text,en,5701,5701,1759,2054,True,2844
79478,Valerianella carinata,species,text_needs_scope_review,es,3769,3769,2491,2836,True,3626
81500,Adansonia digitata,species,taxon_matched_text,en,22500,19382,6573,7645,True,8435
81797,Hypoxis hirsuta,species,taxon_matched_text,en,1684,1684,510,768,True,1558
81900,Sarracenia flava,species,taxon_matched_text,en,2003,2003,745,871,True,1661
81997,Glaucium corniculatum,species,taxon_matched_text,en,2015,785,499,658,True,1448
82306,Acorus calamus,species,taxon_matched_text,en,10215,9176,2716,3133,True,3923
82541,Astrocaryum,genus,taxon_matched_text,en,2649,1635,740,899,True,1689
83020,Cryptanthus,genus,taxon_matched_text,en,5736,3552,1642,1807,True,2597
83105,Agave lechuguilla,species,taxon_matched_text,en,1754,1754,378,530,True,1320
83108,Areca catechu,species,taxon_matched_text,en,4431,3820,1026,1267,True,2057
83375,Lomandra longifolia,species,taxon_matched_text,en,1389,1389,450,582,True,1372
83578,Dendrobium kingianum,species,taxon_matched_text,en,2685,2685,881,1029,True,1819
83580,Xanthorrhoea glauca,species,taxon_matched_text,en,672,672,153,263,True,1053
84280,Linum catharticum,species,taxon_matched_text,en,1054,723,71,166,True,956
84344,Centaurea scabiosa,species,taxon_matched_text,en,870,870,346,505,True,1295
84349,Campanula glomerata,species,taxon_matched_text,en,2720,2720,1473,1653,True,2443
85338,Salvia pratensis,species,taxon_matched_text,en,2005,2005,781,926,True,1716
85437,Allium victorialis,species,taxon_matched_text,en,2583,2583,367,505,True,1295
117439,Liatris spicata,species,taxon_matched_text,en,6599,3132,1035,1261,True,2051
119136,Perilla frutescens,species,taxon_matched_text,en,6357,6357,2196,2650,True,3440
119657,Diascia,genus,taxon_matched_text,pt,660,660,143,246,True,1036
119956,Morella cerifera,species,text_needs_scope_review,en,5423,5065,1750,2055,True,2845
120009,Hypericum hypericoides,species,taxon_matched_text,en,2423,1050,172,278,True,1068
120062,Gazania rigida,species,taxon_matched_text,en,1015,1015,492,629,True,1419
122319,Angiopteris evecta,species,taxon_matched_text,en,5574,5574,2158,2430,True,3220
122323,Allocasuarina verticillata,species,taxon_matched_text,en,7700,3600,984,1149,True,1939
122777,Cinnamomum verum,species,taxon_matched_text,en,8434,3714,885,1078,True,1868
122811,Pimenta dioica,species,taxon_matched_text,pt,5056,1835,977,1182,True,1972
122812,Citrus australasica,species,taxon_matched_text,en,6757,4458,1525,1822,True,2612
123204,Anigozanthos rufus,species,taxon_matched_text,en,1040,1040,351,493,True,1283
123238,Dianella tasmanica,species,taxon_matched_text,en,1752,1752,539,689,True,1479
124879,Cornus alba,species,taxon_matched_text,en,1139,1139,303,420,True,1210
125787,Lathyrus pratensis,species,taxon_matched_text,en,2518,1291,401,526,True,1316
125791,Spiraea thunbergii,species,taxon_matched_text,en,1197,1197,451,614,True,1404
125927,Dicksonia squarrosa,species,taxon_matched_text,en,1289,1289,450,597,True,1387
126177,Phlox drummondii,species,taxon_matched_text,en,1481,1135,262,372,True,1162
126823,Spiraea alba,species,taxon_matched_text,en,1313,1313,363,486,True,1276
126869,Ipomoea quamoclit,species,taxon_matched_text,en,2324,2324,1005,1216,True,2006
127361,Sphagnum fallax,species,taxon_matched_text,en,2577,2577,423,564,True,1354
128669,Maxillaria tenuifolia,species,taxon_matched_text,en,823,823,436,564,True,1354
128688,Viburnum rhytidophyllum,species,taxon_matched_text,en,719,719,240,374,True,1164
128939,Dichondra carolinensis,species,taxon_matched_text,en,577,577,147,267,True,1057
129018,Hordeum pusillum,species,taxon_matched_text,en,2940,2940,1096,1288,True,2078
129037,Thunbergia gregorii,species,taxon_matched_text,en,2044,940,281,419,True,1209
129103,Emilia fosbergii,species,taxon_matched_text,en,1365,1365,278,393,True,1183
129395,Erythrina flabelliformis,species,taxon_matched_text,en,1060,1060,229,341,True,1131
130991,Tradescantia virginiana,species,taxon_matched_text,en,4547,3320,1771,1985,True,2775
131381,Griffithsia,genus,taxon_matched_text,en,1048,1048,334,449,True,1239
131642,Banksia ericifolia,species,taxon_matched_text,en,13638,13269,5516,5997,True,6787
133169,Passiflora tripartita,species,taxon_matched_text,en,734,734,241,367,True,1157
133308,Ixora chinensis,species,taxon_matched_text,en,1411,1167,511,649,True,1439
133331,Lantana involucrata,species,taxon_matched_text,en,494,494,92,195,True,985
133354,Oxydendrum arboreum,species,taxon_matched_text,es,3959,1207,610,771,True,1561
133370,Juniperus procumbens,species,taxon_matched_text,en,1432,1432,532,658,True,1448
133605,Garcinia subelliptica,species,taxon_matched_text,en,836,836,153,270,True,1060
133689,Portea petropolitana,species,taxon_matched_text,en,790,790,241,368,True,1158
134212,Fraxinus uhdei,species,taxon_matched_text,en,1480,1480,340,464,True,1254
135411,Sophora davidii,species,text_needs_scope_review,en,7050,7050,2353,2643,True,3433
135425,Jasminum sambac,species,taxon_matched_text,en,12516,10044,3455,3987,True,4777
135802,Picea orientalis,species,taxon_matched_text,en,1535,1535,335,449,True,1239
135879,Juniperus rigida,species,taxon_matched_text,en,1389,1032,386,491,True,1281
135902,Macrozamia communis,species,taxon_matched_text,en,1630,1630,381,546,True,1336
135938,Encephalartos latifrons,species,taxon_matched_text,en,1787,1787,758,900,True,1690
135941,Encephalartos munchii,species,taxon_matched_text,en,609,609,244,343,True,1133
135944,Encephalartos lebomboensis,species,taxon_matched_text,en,1880,1880,741,882,True,1672
135958,Encephalartos longifolius,species,taxon_matched_text,en,1361,1361,462,603,True,1393
136017,Cycas rumphii,species,taxon_matched_text,en,2832,1971,793,946,True,1736
136085,Dioon spinulosum,species,taxon_matched_text,en,1903,1903,502,656,True,1446
136092,Encephalartos cupidus,species,taxon_matched_text,en,669,669,214,313,True,1103
136094,Encephalartos chimanimaniensis,species,taxon_matched_text,en,975,975,425,578,True,1368
136135,Cephalotaxus fortunei,species,taxon_matched_text,en,1836,1836,996,1115,True,1905
136176,Cunninghamia konishii,species,taxon_matched_text,en,2719,1179,105,212,True,1002
136317,Abies fraseri,species,text_needs_scope_review,en,4190,4190,1594,1871,True,2661
136895,Abies numidica,species,taxon_matched_text,en,1217,1217,383,507,True,1297
137722,Dryopteris erythrosora,species,taxon_matched_text,en,2465,2465,606,791,True,1581
138458,Vicia tenuifolia,species,taxon_matched_text,en,3814,2590,880,1079,True,1869
139167,Erythrina senegalensis,species,taxon_matched_text,en,806,806,212,334,True,1124
139471,Cercis chinensis,species,taxon_matched_text,en,1340,1340,333,468,True,1258
139572,Bauhinia acuminata,species,taxon_matched_text,en,1188,1188,358,479,True,1269
140299,Trichopilia,genus,taxon_matched_text,en,4708,980,416,536,True,1326
141045,Freesia corymbosa,species,taxon_matched_text,en,593,593,65,154,True,944
141177,Gloriosa superba,species,taxon_matched_text,en,6395,6395,2361,2682,True,3472
142279,Symphyotrichum pilosum,species,taxon_matched_text,en,15479,15479,6252,6899,True,7689
142831,Asplenium aethiopicum,species,taxon_matched_text,en,1919,1919,118,219,True,1009
143422,Ageratum conyzoides,species,taxon_matched_text,en,4412,2822,269,399,True,1189
143516,Sphagnum papillosum,species,taxon_matched_text,en,3427,3427,1232,1480,True,2270
143787,Magnolia kobus,species,taxon_matched_text,en,1876,1876,566,729,True,1519
143803,Persicaria longiseta,species,taxon_matched_text,en,1075,1075,348,454,True,1244
144029,Quercus ellipsoidalis,species,taxon_matched_text,en,1588,1588,567,694,True,1484
145380,Agonis flexuosa,species,taxon_matched_text,en,3113,3113,1113,1292,True,2082
145461,Xanthorrhoea preissii,species,taxon_matched_text,en,4126,1928,559,723,True,1513
146597,Dahlia coccinea,species,taxon_matched_text,en,1137,1137,105,201,True,991
146791,Cattleya trianae,species,taxon_matched_text,en,1871,1871,267,402,True,1192
153911,Salvia mexicana,species,taxon_matched_text,en,525,525,297,397,True,1187
154116,Cratoneuron filicinum,species,taxon_matched_text,de,1307,1307,640,804,True,1594
154503,Lilium pensylvanicum,species,taxon_matched_text,en,2242,1369,410,537,True,1327
154760,Dunaliella salina,species,taxon_matched_text,en,3581,3581,1002,1201,True,1991
154794,Xanthosoma sagittifolium,species,taxon_matched_text,en,18124,8598,2758,3152,True,3942
154826,Piper auritum,species,taxon_matched_text,en,2631,2631,476,647,True,1437
156333,Bischofia javanica,species,taxon_matched_text,en,934,934,258,359,True,1149
156523,Polycnemum arvense,species,taxon_matched_text,en,1244,215,30,128,True,918
156609,Phellodendron,genus,taxon_matched_text,en,2560,2329,786,954,True,1744
156634,Pentzia,genus,taxon_matched_text,en,1664,1402,733,875,True,1665
158005,Actinidia arguta,species,taxon_matched_text,en,7296,7296,2743,3162,True,3952
158306,Amphidium mougeotii,species,taxon_matched_text,de,815,815,342,477,True,1267
158394,Anoectangium aestivum,species,taxonomy_only,,0,0,0,41,False,831
158552,Arbutus xalapensis,species,taxon_matched_text,en,1859,1859,419,525,True,1315
158675,Aristolochia grandiflora,species,taxon_matched_text,en,2262,1558,634,792,True,1582
159194,Bassia scoparia,species,taxon_matched_text,en,7504,3971,869,1085,True,1875
159764,Campanula persicifolia,species,taxon_matched_text,en,1078,1078,441,572,True,1362
159858,Carex acutiformis,species,taxon_matched_text,en,908,908,260,368,True,1158
159973,Carex hirta,species,taxon_matched_text,en,2719,1533,481,613,True,1403
160031,Carex muricata,species,taxon_matched_text,en,2337,1016,110,206,True,996
160056,Carex panicea,species,taxon_matched_text,en,1655,421,93,178,True,968
160297,Centratherum punctatum,species,taxon_matched_text,en,166,166,30,117,True,907
160499,Chenopodium ficifolium,species,taxon_matched_text,en,1712,466,70,160,True,950
160745,Clerodendrum speciosissimum,species,taxon_matched_text,en,1206,1206,97,197,True,987
161121,Crescentia cujete,species,taxon_matched_text,en,4109,2403,929,1126,True,1916
161125,Crinum bulbispermum,species,taxon_matched_text,en,2828,1527,450,594,True,1384
161175,Cruciata pedemontana,species,taxon_matched_text,en,2804,1493,210,323,True,1113
161490,Cyperus serotinus,species,taxon_matched_text,en,2789,1542,850,1011,True,1801
161570,Cyrtomium fortunei,species,taxon_matched_text,en,459,459,54,143,True,933
161824,Dichondra repens,species,taxon_matched_text,en,2097,2097,616,771,True,1561
161856,Dicranum flagellare,species,taxon_matched_text,de,895,895,371,490,True,1280
162188,Echinocereus rigidissimus,species,taxon_matched_text,en,1705,1705,819,974,True,1764
162202,Echinops ritro,species,taxon_matched_text,en,1497,1497,349,476,True,1266
162213,Elaeagnus multiflora,species,taxon_matched_text,en,2952,2952,1144,1527,True,2317
162364,Epilobium montanum,species,taxon_matched_text,en,1042,1042,280,419,True,1209
162381,Eragrostis ciliaris,species,taxon_matched_text,en,4231,1029,131,222,True,1012
162710,Eryngium planum,species,taxon_matched_text,en,1066,1066,367,484,True,1274
162929,Fabronia pusilla,species,taxonomy_only,,0,0,0,39,False,829
162992,Fissidens adianthoides,species,taxon_matched_text,en,4743,4743,2079,2540,True,3330
163139,Gaillardia amblyodon,species,taxon_matched_text,en,619,619,162,259,True,1049
163372,Grevillea banksii,species,taxon_matched_text,en,4780,2233,618,776,True,1566
163472,Gynura aurantiaca,species,taxon_matched_text,en,1263,1263,294,410,True,1200
163661,Helleborus viridis,species,taxon_matched_text,en,1206,1206,360,514,True,1304
163949,Hyophila involuta,species,taxonomy_only,,0,0,0,40,False,830
163951,Hyoscyamus niger,species,taxon_matched_text,en,10384,7849,2825,3264,True,4054
164093,Ipomoea ochracea,species,taxon_matched_text,pt,1324,1324,280,451,True,1241
164125,Iris ensata,species,taxon_matched_text,en,2543,2543,679,838,True,1628
164240,Jatropha integerrima,species,taxon_matched_text,en,918,918,112,200,True,990
164422,Lantana canescens,species,taxonomy_only,,0,0,0,43,False,833
164650,Leucobryum albidum,species,taxon_matched_text,en,872,872,222,332,True,1122
164664,Leucothoe fontanesiana,species,taxon_matched_text,en,734,734,189,299,True,1089
165023,Lythrum thymifolia,species,taxon_matched_text,pt,1173,1173,245,417,True,1207
165126,Mammillaria prolifera,species,taxon_matched_text,en,4199,4199,1950,2151,True,2941
165287,Melilotus altissimus,species,taxon_matched_text,en,316,316,87,184,True,974
165543,Muhlenbergia capillaris,species,taxon_matched_text,en,2417,2417,1135,1305,True,2095
165764,Ochna thomasiana,species,taxonomy_only,,0,0,0,40,False,830
165806,Oenothera mollissima,species,taxonomy_only,,0,0,0,43,False,833
166501,Pereskia grandifolia,species,taxon_matched_text,en,6257,2320,782,918,True,1708
166550,Peucedanum palustre,species,taxon_matched_text,en,832,832,464,578,True,1368
166920,Pithecellobium dulce,species,taxon_matched_text,en,6945,4557,1851,2161,True,2951
167042,Platygyrium repens,species,text_needs_scope_review,de,1022,1022,591,743,True,1533
167286,Polytrichastrum alpinum,species,taxon_matched_text,en,1099,1099,612,804,True,1594
167299,Porella pinnata,species,taxonomy_only,,0,0,0,42,False,832
167597,Pulicaria arabica,species,taxonomy_only,,0,0,0,41,False,831
167816,Rhododendron japonicum,species,taxon_matched_text,en,1117,1117,190,282,True,1072
167817,Rhododendron lapponicum,species,taxon_matched_text,en,3569,3569,1037,1228,True,2018
167927,Riccia bifurca,species,taxonomy_only,,0,0,0,40,False,830
167943,Robinia viscosa,species,taxon_matched_text,en,224,224,31,115,True,905
167976,Rosa bracteata,species,taxon_matched_text,en,4220,4220,1454,1675,True,2465
168349,Salix pentandra,species,taxon_matched_text,en,1147,1147,463,585,True,1375
168738,Sedum hispanicum,species,taxon_matched_text,en,584,584,196,300,True,1090
168750,Sedum sexangulare,species,taxon_matched_text,en,444,444,138,225,True,1015
168776,Selenicereus grandiflorus,species,taxon_matched_text,en,3091,3091,1369,1542,True,2332
169077,Solanum pimpinellifolium,species,taxon_matched_text,en,3120,3120,800,970,True,1760
169307,Sporobolus virginicus,species,taxon_matched_text,en,1286,1286,212,340,True,1130
169447,Symphoricarpos microphyllus,species,taxon_matched_text,en,1068,1068,134,236,True,1026
169511,Syntrichia montana,species,taxon_matched_text,de,1447,1447,811,982,True,1772
169518,Syzygium cumini,species,taxon_matched_text,en,6410,4450,1521,1784,True,2574
169741,Thunbergia erecta,species,taxon_matched_text,en,2136,1693,888,1055,True,1845
169752,Thymus praecox,species,taxon_matched_text,en,4602,3312,577,754,True,1544
170025,Trisetum flavescens,species,taxon_matched_text,en,1069,1069,278,418,True,1208
170055,Turnera ulmifolia,species,taxon_matched_text,en,2798,2118,841,1039,True,1829
170212,Vicia monantha,species,taxon_matched_text,en,1708,468,60,146,True,936
170393,Yucca rupicola,species,taxon_matched_text,en,1295,1295,316,446,True,1236
170774,Helianthus × laetiflorus,hybrid,taxon_matched_text,en,2180,824,148,251,True,1041
170968,Primula × polyantha,hybrid,taxon_matched_text,en,1160,1160,206,296,True,1086
171084,Rosa × alba,hybrid,taxon_matched_text,en,1409,1409,667,817,True,1607
180178,Arenga engleri,species,taxon_matched_text,en,861,861,296,409,True,1199
180572,Rhizoclonium,genus,taxon_matched_text,en,1445,1445,482,619,True,1409
181593,Aristotelia chilensis,species,taxon_matched_text,en,3846,3846,1260,1507,True,2297
181597,Ixia polystachia,species,text_needs_scope_review,en,500,500,36,121,True,911
181600,Mentha × villosa,hybrid,taxon_matched_text,en,1292,1292,332,465,True,1255
181686,Typha × glauca,hybrid,taxon_matched_text,en,4636,4636,1915,2147,True,2937
184928,Pomaderris apetala,species,taxon_matched_text,en,6696,6696,1612,1861,True,2651
185514,Greyia sutherlandii,species,taxon_matched_text,en,634,634,80,176,True,966
185785,Mimusops,genus,taxon_matched_text,en,2607,1702,1240,1366,True,2156
186651,Triplaris americana,species,taxon_matched_text,en,1532,1276,394,517,True,1307
189927,Brillantaisia owariensis,species,taxon_matched_text,es,973,973,554,721,True,1511
189996,Bunium brevifolium,species,taxon_matched_text,pt,1329,1329,304,479,True,1269
190552,Chrysophyllum imperiale,species,taxon_matched_text,pt,3497,1398,652,813,True,1603
191001,Crambe strigosa,species,taxon_matched_text,es,756,756,397,586,True,1376
191233,Cyphostemma juttae,species,taxon_matched_text,en,1215,1215,229,358,True,1148
191503,Dimocarpus longan,species,text_needs_scope_review,en,9048,8288,3349,3823,True,4613
193321,Hernandia jamaicensis,species,taxon_matched_text,en,290,290,25,117,True,907
194146,Montanoa grandiflora,species,taxonomy_only,,0,0,0,38,False,828
199192,Hordeum secalinum,species,taxon_matched_text,en,2062,843,86,172,True,962
199320,Acanthophora spicifera,species,taxon_matched_text,en,1381,1381,580,758,True,1548
199614,Fagonia cretica,species,taxon_matched_text,en,1944,715,417,589,True,1379
200064,Parietaria debilis,species,taxon_matched_text,en,2455,1143,261,397,True,1187
200831,Hyphaene thebaica,species,taxon_matched_text,en,2323,2323,1014,1189,True,1979
201435,Ulva linza,species,taxon_matched_text,en,2245,2245,634,787,True,1577
202278,Euphorbia leucocephala,species,taxon_matched_text,en,1537,594,102,194,True,984
202554,Asphodelus tenuifolius,species,taxon_matched_text,en,441,441,81,172,True,962
202618,Mougeotia,genus,taxon_matched_text,en,4526,4526,3108,3304,True,4094
203647,Eudorina,genus,taxon_matched_text,en,2865,2865,822,997,True,1787
204169,Trichophorum cespitosum,species,taxon_matched_text,en,3164,1829,853,1048,True,1838
204205,Avenula,genus,taxon_matched_text,en,2017,2017,181,272,True,1062
204380,Phedimus spurius,species,taxon_matched_text,en,3898,3898,1803,2049,True,2839
207161,Mammillaria spinosissima,species,taxon_matched_text,en,7359,3486,1272,1473,True,2263
207426,Phymosia rosea,species,taxonomy_only,,0,0,0,41,False,831
208797,Hyophorbe lagenicaulis,species,taxon_matched_text,en,1437,1089,505,654,True,1444
208828,Pseuderanthemum carruthersii,species,taxon_matched_text,en,1059,1059,248,403,True,1193
208839,Senna siamea,species,taxon_matched_text,en,3597,2196,554,729,True,1519
209478,Linum narbonense,species,taxon_matched_text,en,1981,809,571,756,True,1546
209891,Ceiba aesculifolia,species,taxon_matched_text,en,1334,1334,581,721,True,1511
209926,Inga edulis,species,taxon_matched_text,en,13723,5905,2262,2544,True,3334
210062,Trichilia havanensis,species,taxon_matched_text,es,1215,1215,887,1042,True,1832
211103,Buddleja salviifolia,species,taxon_matched_text,en,1011,1011,461,588,True,1378
243498,Myriophyllum crispatum,species,taxon_matched_text,en,584,584,160,283,True,1073
243514,Narcissus hispanicus,species,taxon_matched_text,en,673,673,68,165,True,955
243782,Iris latifolia,species,taxon_matched_text,en,867,867,221,315,True,1105
244025,Kniphofia × praecox,hybrid,taxon_matched_text,en,945,945,293,456,True,1246
245689,Orobanche caryophyllacea,species,taxon_matched_text,en,346,346,91,197,True,987
260753,Heliconia psittacorum,species,taxon_matched_text,en,1246,1246,208,319,True,1109
269941,Ophiopogon planiscapus,species,taxon_matched_text,en,911,911,298,417,True,1207
273686,Agave maximiliana,species,taxonomy_only,,0,0,0,41,False,831
273689,Agave atrovirens,species,taxon_matched_text,en,2232,970,340,447,True,1237
273767,Echeveria runyonii,species,taxon_matched_text,en,3275,2573,648,834,True,1624
274130,Agave inaequidens,species,taxon_matched_text,de,1135,1135,460,610,True,1400
274384,Opuntia orbiculata,species,taxon_matched_text,de,875,875,284,424,True,1214
276587,Dasylirion cedrosanum,species,taxon_matched_text,de,1033,1033,480,663,True,1453
277297,Tillandsia xerographica,species,taxon_matched_text,en,1297,1297,421,565,True,1355
278112,Centradenia inaequilateralis,species,taxon_matched_text,en,593,593,57,155,True,945
278326,Piper amalago,species,taxon_matched_text,es,2230,2230,1616,1864,True,2654
278802,Alternanthera bettzickiana,species,taxon_matched_text,en,3248,1215,394,516,True,1306
278913,Ocimum carnosum,species,taxonomy_only,,0,0,0,41,False,831
280917,Solanum chrysotrichum,species,taxon_matched_text,es,1382,1382,832,996,True,1786
281371,Samanea saman,species,taxon_matched_text,en,8361,7268,2581,3027,True,3817
282739,Echeveria affinis,species,taxon_matched_text,es,483,483,307,448,True,1238
282743,Echeveria coccinea,species,taxon_matched_text,es,1523,1523,697,908,True,1698
283377,Caladium bicolor,species,taxon_matched_text,en,5270,4162,445,556,True,1346
283922,Roystonea oleracea,species,taxon_matched_text,en,6357,4379,1383,1578,True,2368
284255,Guarianthe aurantiaca,species,taxon_matched_text,en,834,834,102,209,True,999
286502,Urera baccifera,species,taxon_matched_text,en,2250,873,404,520,True,1310
286565,Lippia dulcis,species,taxon_matched_text,en,1122,1122,241,356,True,1146
290763,Capsicum pubescens,species,taxon_matched_text,en,7324,6539,2247,2592,True,3382
290832,Agave filifera,species,taxon_matched_text,en,985,985,276,378,True,1168
290846,Agave karwinskii,species,taxon_matched_text,de,1171,1171,461,629,True,1419
290877,Yucca rostrata,species,taxon_matched_text,en,2053,2053,469,613,True,1403
319115,Batrachospermum,genus,taxon_matched_text,en,10473,9626,4419,4835,True,5625
320591,Aristea capitata,species,taxon_matched_text,en,540,540,97,183,True,973
320685,Geranium macrorrhizum,species,taxon_matched_text,en,1042,1042,273,385,True,1175
320730,Stevia rebaudiana,species,taxon_matched_text,en,5094,3136,748,975,True,1765
321029,Hibbertia scandens,species,taxon_matched_text,en,3133,3133,788,970,True,1760
321159,Leptospermum squarrosum,species,taxon_matched_text,en,1516,1516,449,594,True,1384
321186,Viola hederacea,species,taxon_matched_text,en,900,900,328,464,True,1254
323002,Luzula caespitosa,species,taxonomy_only,,0,0,0,43,False,833
323501,Juncus pallidus,species,taxon_matched_text,en,830,830,160,255,True,1045
324895,Convolvulus floridus,species,taxon_matched_text,es,3023,3023,876,1150,True,1940
326762,Pilea depressa,species,taxon_matched_text,en,251,251,25,109,True,899
327014,Cryptopleura ruprechtiana,species,taxonomy_only,,0,0,0,41,False,831
327143,Amphiroa beauvoisii,species,taxon_matched_text,en,5505,4654,2189,2471,True,3261
327370,Acorus gramineus,species,taxon_matched_text,en,1589,1589,274,402,True,1192
328112,Selenicereus megalanthus,species,taxon_matched_text,en,2775,1617,676,836,True,1626
331093,Crinum × amabile,hybrid,text_needs_scope_review,es,1090,1090,451,606,True,1396
332889,Peltophorum pterocarpum,species,taxon_matched_text,en,1606,1606,473,615,True,1405
333538,Hedychium coccineum,species,taxon_matched_text,en,1352,981,130,230,True,1020
333713,Haworthia cooperi,species,taxon_matched_text,en,1561,1561,671,843,True,1633
333757,Disphyma australe,species,taxon_matched_text,en,4599,4599,1715,2010,True,2800
333798,Clematis montana,species,taxon_matched_text,en,1990,1990,419,571,True,1361
334194,Ostrya carpinifolia,species,taxon_matched_text,en,2135,1531,468,651,True,1441
334591,Sempervivum arachnoideum,species,taxon_matched_text,en,838,838,201,325,True,1115
334777,Nymphaea gigantea,species,taxon_matched_text,en,3597,3597,1101,1312,True,2102
335895,Rhamnus saxatilis,species,taxon_matched_text,es,1215,1215,718,913,True,1703
336133,Saxifraga hirsuta,species,taxon_matched_text,es,643,643,341,492,True,1282
336247,Veronica acinifolia,species,taxon_matched_text,en,2100,866,320,456,True,1246
336260,Utricularia australis,species,taxon_matched_text,en,3764,2522,401,569,True,1359
337821,Deutzia crenata,species,taxon_matched_text,en,736,736,198,305,True,1095
338093,Bufonia macropetala,species,taxon_matched_text,pt,1286,1286,276,428,True,1218
338321,Euphorbia triangularis,species,taxon_matched_text,en,300,300,57,153,True,943
339044,Ahnfeltiopsis linearis,species,taxonomy_only,,0,0,0,46,False,836
339049,Stenogramma interruptum,species,taxonomy_only,,0,0,0,43,False,833
340307,Bauhinia tomentosa,species,taxon_matched_text,en,1147,1147,173,272,True,1062
341179,Stipa lagascae,species,taxon_matched_text,pt,1195,1195,241,409,True,1199
342052,Musschia isambertoi,species,taxon_matched_text,pt,607,607,326,432,True,1222
342068,Bassia tomentosa,species,taxon_matched_text,pt,1160,1160,269,436,True,1226
342076,Astragalus solandri,species,taxon_matched_text,pt,1231,1231,327,488,True,1278
343401,Pedobesia simplex,species,taxonomy_only,,0,0,0,39,False,829
344247,Ctenanthe oppenheimiana,species,taxon_matched_text,en,972,972,280,380,True,1170
344575,Davallia bullata,species,taxon_matched_text,en,239,239,59,145,True,935
344667,Magnolia champaca,species,taxon_matched_text,en,5518,4167,1223,1546,True,2336
344725,Ruellia makoyana,species,taxon_matched_text,en,415,415,134,230,True,1020
344883,Phalaenopsis amabilis,species,taxon_matched_text,en,5454,5454,1555,1776,True,2566
346026,Heterocladium heteropterum,species,taxonomy_only,,0,0,0,47,False,837
346367,Plumeria pudica,species,taxon_matched_text,en,1803,1262,296,426,True,1216
346368,Garcinia xanthochymus,species,taxon_matched_text,en,1339,1339,263,364,True,1154
346408,Pachira glabra,species,taxon_matched_text,en,4623,2398,768,942,True,1732
346795,Bambusa bambos,species,taxon_matched_text,en,1357,1357,434,568,True,1358
349253,Fraxinus griffithii,species,taxon_matched_text,en,486,486,60,147,True,937
349273,Scaevola aemula,species,taxon_matched_text,en,3097,1952,598,750,True,1540
349797,Muehlenbeckia axillaris,species,taxon_matched_text,en,1005,1005,320,433,True,1223
353894,Myoporum acuminatum,species,taxon_matched_text,en,2081,2081,755,935,True,1725
355848,Hypopterygium tamarisci,species,taxon_matched_text,en,275,275,21,113,True,903
357447,Prunus mume,species,taxon_matched_text,en,15831,15831,6188,6952,True,7742
357658,Ehretia microphylla,species,taxon_matched_text,en,6010,1356,336,474,True,1264
359078,Khaya senegalensis,species,taxon_matched_text,en,2019,2019,713,896,True,1686
359300,Ilex integra,species,taxon_matched_text,en,661,661,105,196,True,986
359510,Cladophora aegagropila,species,text_needs_scope_review,en,4587,4587,1694,2062,True,2852
359849,Epilobium roseum,species,taxon_matched_text,en,586,586,114,222,True,1012
361962,Mesotaenium,genus,taxon_matched_text,en,732,732,394,520,True,1310
364570,Caryota kiriwongensis,species,taxon_matched_text,en,521,521,199,302,True,1092
365210,Dictyosperma album,species,taxon_matched_text,es,3930,1635,904,1064,True,1854
365730,Phoenix loureiroi,species,taxon_matched_text,en,1390,1390,437,582,True,1372
367294,Aesculus indica,species,taxon_matched_text,en,1371,1371,487,631,True,1421
369424,Ficus coronata,species,taxon_matched_text,en,2775,2775,730,904,True,1694
370273,Pyropia perforata,species,taxonomy_only,,0,0,0,41,False,831
370515,Celtis australiensis,species,taxonomy_only,,0,0,0,43,False,833
380916,Oxalis brasiliensis,species,taxon_matched_text,en,659,659,75,171,True,961
399386,Adiantum formosum,species,taxon_matched_text,en,925,925,364,483,True,1273
401136,Crassula alata,species,taxon_matched_text,en,791,791,272,379,True,1169
401783,Eucomis comosa,species,taxon_matched_text,en,2161,2161,630,757,True,1547
403274,Leonotis ocymifolia,species,taxon_matched_text,en,449,449,87,173,True,963
403721,Mandevilla laxa,species,taxon_matched_text,en,1973,1023,169,273,True,1063
404157,Nephrolepis flexuosa,species,taxonomy_only,,0,0,0,41,False,831
405261,Primula malacoides,species,taxon_matched_text,en,998,998,308,488,True,1278
405698,Riccia crozalsii,species,taxonomy_only,,0,0,0,43,False,833
405718,Riccia ciliata,species,taxonomy_only,,0,0,0,39,False,829
409520,Arthropodium cirratum,species,taxon_matched_text,en,1303,1303,486,636,True,1426
410120,Muehlenbeckia astonii,species,taxon_matched_text,en,4489,4489,1833,2152,True,2942
410762,Protea neriifolia,species,taxon_matched_text,en,2903,2903,1152,1383,True,2173
410816,Sarcococca hookeriana,species,taxon_matched_text,en,1176,1176,285,418,True,1208
411247,Kunzea robusta,species,taxon_matched_text,en,1856,1856,751,883,True,1673
416532,Banksia coccinea,species,taxon_matched_text,en,12705,12315,4566,4972,True,5762
417619,Rubus × loganobaccus,hybrid,text_needs_scope_review,en,6639,3834,2312,2612,True,3402
418591,Senecio lusitanicus,species,taxonomy_only,,0,0,0,43,False,833
424115,Faucaria tigrina,species,taxon_matched_text,en,560,560,131,228,True,1018
425173,Carthamus hispanicus,species,taxonomy_only,,0,0,0,43,False,833
425623,Ficus superba,species,taxon_matched_text,en,1365,1365,306,403,True,1193
426408,Philodendron lacerum,species,taxonomy_only,,0,0,0,43,False,833
426902,Hymenocallis caribaea,species,taxon_matched_text,en,1142,1142,241,354,True,1144
427281,Ophiopogon intermedius,species,taxonomy_only,,0,0,0,45,False,835
427988,Baeckea frutescens,species,taxon_matched_text,en,1526,1526,381,527,True,1317
428622,Elaeocarpus decipiens,species,taxon_matched_text,en,881,881,241,354,True,1144
428735,Rhododendron macrosepalum,species,text_needs_scope_review,en,836,836,126,225,True,1015
429696,Knautia macedonica,species,taxon_matched_text,en,2114,2114,624,801,True,1591
430992,Eucomis autumnalis,species,taxon_matched_text,en,3287,3287,1181,1372,True,2162
431003,Euphorbia flanaganii,species,taxon_matched_text,en,1677,1677,549,708,True,1498
431163,Jasminum angulare,species,taxon_matched_text,en,594,594,135,240,True,1030
431194,Kalanchoe pumila,species,taxon_matched_text,en,1199,1199,507,663,True,1453
431288,Maytenus ilicifolia,species,text_needs_scope_review,pt,1181,1181,543,716,True,1506
431312,Microsorum musifolium,species,taxonomy_only,,0,0,0,43,False,833
431571,Ruellia squarrosa,species,taxonomy_only,,0,0,0,42,False,832
431630,Solanum aethiopicum,species,taxon_matched_text,en,5083,3985,1024,1286,True,2076
431649,Stictocardia beraviensis,species,taxon_matched_text,en,618,618,74,164,True,954
435946,Carex acuta,species,taxon_matched_text,en,2588,1397,237,355,True,1145
436134,Cyperus textilis,species,taxon_matched_text,en,1576,351,117,222,True,1012
436602,Juncus decipiens,species,taxonomy_only,,0,0,0,39,False,829
436608,Juncus minutulus,species,taxon_matched_text,en,1114,1114,314,482,True,1272
437511,Erica gracilis,species,taxon_matched_text,en,315,315,30,112,True,902
437618,Ficus subpisocarpa,species,taxon_matched_text,en,3169,3169,1156,1322,True,2112
440458,Meryta lanceolata,species,taxon_matched_text,en,497,497,42,131,True,921
441415,Opuntia elatior,species,taxon_matched_text,es,963,963,561,717,True,1507
441736,Parodia warasii,species,taxon_matched_text,en,295,295,22,108,True,898
442900,Ranunculus baudotii,species,taxon_matched_text,en,4238,3020,1215,1465,True,2255
443011,Rhipsalis teres,species,taxon_matched_text,de,1075,1075,400,548,True,1338
445442,Frullania polysticta,species,taxon_matched_text,en,2172,2172,629,781,True,1571
448047,Ulmus davidiana,species,taxon_matched_text,en,5349,3729,1389,1602,True,2392
450392,Geranium × oxonianum,hybrid,taxon_matched_text,en,701,701,176,281,True,1071
450901,Coronilla minima,species,taxon_matched_text,en,1996,526,322,426,True,1216
461044,Artemisia thuscula,species,taxon_matched_text,en,378,378,46,132,True,922
461281,Ptychomitrium nigrescens,species,taxonomy_only,,0,0,0,45,False,835
461295,Encalypta streptocarpa,species,taxon_matched_text,en,680,680,251,386,True,1176
461349,Riccia atromarginata,species,taxonomy_only,,0,0,0,43,False,833
461835,Cotoneaster integerrimus,species,taxon_matched_text,en,1111,1111,430,537,True,1327
465248,Lomentaria orcadensis,species,taxonomy_only,,0,0,0,43,False,833
467317,Pericallis papyracea,species,taxon_matched_text,es,761,761,407,586,True,1376
468050,Carex morrowii,species,taxon_matched_text,en,1985,1985,297,424,True,1214
468118,Aphanochaete repens,species,taxonomy_only,,0,0,0,45,False,835
468123,Botryococcus braunii,species,taxon_matched_text,en,5089,5089,2327,2584,True,3374
468173,Xanthidium antilopaeum,species,taxon_matched_text,en,1729,1030,463,601,True,1391
469093,Allium trifoliatum,species,taxon_matched_text,en,1149,1149,186,289,True,1079
470368,Tetraedron minimum,species,taxonomy_only,,0,0,0,41,False,831
471996,Cosmos atrosanguineus,species,taxon_matched_text,en,1750,1750,746,903,True,1693
473596,Pelargonium citronellum,species,taxonomy_only,,0,0,0,45,False,835
474783,Staurastrum tohopekaligense,species,taxonomy_only,,0,0,0,49,False,839
476098,Tritonia laxifolia,species,taxon_matched_text,en,345,345,46,132,True,922
479671,Neoregelia spectabilis,species,taxon_matched_text,en,1374,1374,378,519,True,1309
480528,Ctenanthe burle-marxii,species,taxon_matched_text,en,437,437,125,220,True,1010
481578,Womersleyella setacea,species,taxonomy_only,,0,0,0,43,False,833
481861,Plagiochila exigua,species,taxonomy_only,,0,0,0,41,False,831
482289,Cuscuta monogyna,species,taxon_matched_text,en,1627,394,107,207,True,997
484006,Asparagus racemosus,species,taxon_matched_text,en,2572,2572,563,728,True,1518
484123,Cymbidium lowianum,species,taxon_matched_text,en,749,749,119,222,True,1012
484809,Deutzia pulchra,species,taxon_matched_text,en,576,576,75,173,True,963
485502,Grimmia decipiens,species,taxonomy_only,,0,0,0,40,False,830
485787,Chaenorhinum rubrifolium,species,taxonomy_only,,0,0,0,47,False,837
486275,Chara braunii,species,taxon_matched_text,en,1574,1574,397,551,True,1341
486288,Tolypella glomerata,species,taxonomy_only,,0,0,0,41,False,831
487728,Bifora testiculata,species,taxon_matched_text,pt,1448,1448,560,811,True,1601
491213,Trifolium physodes,species,taxon_matched_text,pt,1466,1466,446,630,True,1420
492786,Capparis zoharyi,species,taxon_matched_text,en,1212,1212,404,596,True,1386
493049,Suaeda splendens,species,taxon_matched_text,pt,1156,1156,254,420,True,1210
493622,Vanda tricolor,species,taxon_matched_text,en,304,304,54,137,True,927
495697,Ranunculus polyanthemos,species,taxon_matched_text,en,236,236,33,131,True,921
495847,Asparagus virgatus,species,taxon_matched_text,en,685,685,257,401,True,1191
496188,Castellia tuberculosa,species,taxon_matched_text,pt,2894,1221,235,406,True,1196
496467,Fumaria flabellata,species,taxon_matched_text,en,361,361,89,191,True,981
497828,Hieracium glaucinum,species,taxon_matched_text,pt,1214,1214,231,401,True,1191
497839,Festuca rothmaleri,species,taxon_matched_text,pt,1225,1225,246,415,True,1205
497841,Micropyrum patens,species,taxon_matched_text,pt,1232,1232,248,420,True,1210
499120,Plerandra elegantissima,species,taxon_matched_text,en,1333,1333,256,370,True,1160
501340,Phragmipedium longifolium,species,taxon_matched_text,en,2351,1003,51,146,True,936
502611,Passiflora incarnata × cincinnata,hybrid,taxonomy_only,,0,0,0,48,False,838
503367,Artemisia maritima,species,taxon_matched_text,en,2190,2190,674,852,True,1642
507219,Kleinia abyssinica,species,taxonomy_only,,0,0,0,43,False,833
508775,Nidularium innocentii,species,taxon_matched_text,en,887,887,183,309,True,1099
508831,Aechmea weilbachii,species,taxon_matched_text,en,714,714,120,235,True,1025
508892,Lavandula lanata,species,taxon_matched_text,en,787,787,169,264,True,1054
509260,Begonia palmata,species,taxon_matched_text,en,1247,1247,123,237,True,1027
509929,Saxifraga dichotoma,species,taxon_matched_text,pt,1397,1397,392,638,True,1428
514126,Miltoniopsis,genus,taxon_matched_text,en,2336,1181,240,345,True,1135
514308,Diplotaxis viminea,species,taxon_matched_text,en,1800,494,200,298,True,1088
514774,Vicia ervilia,species,taxon_matched_text,en,2571,1695,485,676,True,1466
516162,Silene legionensis,species,taxon_matched_text,pt,1479,1479,558,792,True,1582
516194,Silene boryi,species,taxon_matched_text,pt,1322,1322,316,466,True,1256
516462,Geocaryum capillifolium,species,taxonomy_only,,0,0,0,49,False,839
516532,Angelica angelicastrum,species,taxonomy_only,,0,0,0,43,False,833
517690,Ranunculus nodiflorus,species,taxon_matched_text,pt,1228,1228,249,406,True,1196
518473,Prunella × intermedia,hybrid,taxon_matched_text,pt,1163,1163,236,407,True,1197
521486,Euphorbia horrida,species,taxon_matched_text,en,802,802,256,364,True,1154
521860,Centaurea herminii,species,taxon_matched_text,pt,1274,1274,251,422,True,1212
521939,Centaurea hermannii,species,taxon_matched_text,en,282,282,51,143,True,933
522101,Ornithogalum dubium,species,taxon_matched_text,en,1287,1287,345,486,True,1276
524317,Glottiphyllum,genus,taxon_matched_text,en,1741,1501,579,720,True,1510
524323,Gasteria acinacifolia,species,taxon_matched_text,en,713,713,415,569,True,1359
528775,Dimorphotheca nudicaulis,species,taxon_matched_text,en,368,368,33,121,True,911
533158,Schoenoplectiella erecta,species,taxonomy_only,,0,0,0,45,False,835
533455,Euryops virgineus,species,taxon_matched_text,en,412,412,59,166,True,956
534440,Euphorbia mammillaris,species,taxon_matched_text,en,807,807,455,564,True,1354
534444,Bulbine latifolia,species,taxonomy_only,,0,0,0,41,False,831
543569,Cotula lineariloba,species,taxonomy_only,,0,0,0,38,False,828
543645,Bombycilaena erecta,species,taxon_matched_text,pt,1586,1586,571,816,True,1606
544247,Arachis monticola,species,taxon_matched_text,en,498,498,69,158,True,948
544439,Viburnum foetidum,species,taxonomy_only,,0,0,0,44,False,834
545101,Vriesea incurvata,species,taxon_matched_text,en,832,832,176,291,True,1081
548643,Kalanchoe sexangularis,species,taxon_matched_text,en,1209,1209,757,917,True,1707
550230,Trifolium sylvaticum,species,taxon_matched_text,pt,1312,1312,256,428,True,1218
551907,Juniperus × pfitzeriana,hybrid,text_needs_scope_review,en,3071,2291,697,866,True,1656
552653,Oenothera oehlkersi,species,taxonomy_only,,0,0,0,47,False,837
553005,Acer shirasawanum,species,taxon_matched_text,en,2884,2187,606,772,True,1562
557826,Vachellia nilotica,species,taxon_matched_text,en,7563,5894,1305,1587,True,2377
560374,Aloidendron barberae,species,taxon_matched_text,en,3205,2287,830,993,True,1783
560869,Brachyscome multifida,species,taxon_matched_text,en,1246,1246,533,689,True,1479
564939,Vertebrata fucoides,species,text_needs_scope_review,en,668,668,270,400,True,1190
565962,Tritonia securigera,species,taxon_matched_text,en,331,331,58,156,True,946
566689,Pteris argyraea,species,taxonomy_only,,0,0,0,45,False,835
568772,Diosma hirsuta,species,taxonomy_only,,0,0,0,41,False,831
569425,Arctotis acaulis,species,taxon_matched_text,en,394,394,97,191,True,981
569876,Gomphrena celosioides,species,taxon_matched_text,en,1461,1461,589,732,True,1522
571201,Escallonia alpina,species,taxonomy_only,,0,0,0,41,False,831
574055,Corpuscularia lehmannii,species,text_needs_scope_review,en,848,848,397,534,True,1324
574658,Titanopsis calcarea,species,taxon_matched_text,en,601,601,146,239,True,1029
575712,Helichrysopsis,genus,taxon_matched_text,en,1005,759,41,125,True,915
577645,Haworthiopsis fasciata,species,taxon_matched_text,en,1353,1353,466,630,True,1420
579656,Aloe rupestris,species,taxon_matched_text,en,2085,1180,458,604,True,1394
580132,Arctotis campanulata,species,taxonomy_only,,0,0,0,45,False,835
582817,Corynephorus fasciculatus,species,taxon_matched_text,pt,1297,1297,256,434,True,1224
582872,Crassothonna capensis,species,taxon_matched_text,en,1210,1210,354,484,True,1274
583125,Curio repens,species,taxon_matched_text,en,2373,1170,341,464,True,1254
583798,Digitaria debilis,species,taxon_matched_text,pt,1190,1190,237,403,True,1193
584316,Dymondia margaretae,species,text_needs_scope_review,en,1308,1043,389,512,True,1302
586147,Gasteria disticha,species,taxon_matched_text,en,577,577,324,492,True,1282
588646,Lampranthus stipulaceus,species,taxon_matched_text,en,410,410,35,126,True,916
589145,Lewinskya rupestris,species,taxonomy_only,,0,0,0,42,False,832
593756,Scabiosa africana,species,taxonomy_only,,0,0,0,40,False,830
594191,Senecio barbertonicus,species,taxon_matched_text,en,2039,2039,432,582,True,1372
594479,Serruria rosea,species,taxon_matched_text,en,503,503,194,308,True,1098
595643,Trichilia emetica,species,taxon_matched_text,en,1085,742,304,441,True,1231
605681,Zannichellia obtusifolia,species,taxon_matched_text,en,1544,168,24,121,True,911
606200,Sauromatum venosum,species,taxon_matched_text,en,1245,1245,232,350,True,1140
622671,Ficus habrophylla,species,taxonomy_only,,0,0,0,41,False,831
628051,Narcissus × consolationis,hybrid,taxonomy_only,,0,0,0,44,False,834
632492,Rhodophyllis divaricata,species,taxonomy_only,,0,0,0,47,False,837
633257,Photinia serrulata,species,text_needs_scope_review,en,1647,1647,575,712,True,1502
634407,Centipeda cunninghamii,species,taxon_matched_text,en,2856,2856,894,1110,True,1900
639653,Lonicera hypoglauca,species,taxonomy_only,,0,0,0,45,False,835
701524,Furcellaria lumbricalis,species,text_needs_scope_review,en,5085,3123,1383,1621,True,2411
702811,Pylaisia polyantha,species,taxon_matched_text,de,1409,1409,779,940,True,1730
705307,Serjania glabrata,species,taxonomy_only,,0,0,0,43,False,833
711087,Zanthoxylum beecheyanum,species,taxonomy_only,,0,0,0,47,False,837
713359,Conocarpodendron,section,taxonomy_only,,0,0,0,41,False,831
715299,Lithospermum erythrorhizon,species,taxon_matched_text,en,2370,2370,753,951,True,1741
736590,Rhododendron noriakianum,species,taxonomy_only,,0,0,0,49,False,839
738692,Veronica ligustrifolia,species,taxonomy_only,,0,0,0,43,False,833
738697,Veronica strictissima,species,taxon_matched_text,en,2456,2456,624,840,True,1630
738777,Veronica elliptica,species,taxon_matched_text,en,910,910,148,241,True,1031
741545,Spiraea formosana,species,taxonomy_only,,0,0,0,43,False,833
746115,Ismene,genus,taxon_matched_text,en,4784,4353,1946,2214,True,3004
747483,Haplophyllum linifolium,species,taxon_matched_text,es,841,841,535,702,True,1492
747562,Tuberaria plantaginea,species,taxon_matched_text,pt,1232,1232,257,428,True,1218
747566,Periballia involucrata,species,taxon_matched_text,pt,1287,1287,248,429,True,1219
747567,Trifolium phleoides,species,taxon_matched_text,pt,1322,1322,274,422,True,1212
764620,Ruprechtia laxiflora,species,taxon_matched_text,es,1720,1720,832,1013,True,1803
772088,Erica × darleyensis,hybrid,taxon_matched_text,en,1405,1405,282,407,True,1197
778144,Valerianella multidentata,species,taxon_matched_text,unspecified,386,386,386,504,True,1294
785895,Lithophyllum stictiforme,species,taxonomy_only,,0,0,0,45,False,835
785935,Solieria chordalis,species,taxonomy_only,,0,0,0,41,False,831
785941,Porphyra dioica,species,text_needs_scope_review,en,8316,5716,3532,3771,True,4561
786089,Schistochilopsis incisa,species,taxon_matched_text,de,1154,1154,497,640,True,1430
790464,Terminalia australis,species,taxon_matched_text,en,1401,735,171,275,True,1065
792005,Dicliptera squarrosa,species,taxon_matched_text,en,1418,1418,424,581,True,1371
792835,Salicornia quinqueflora,species,taxon_matched_text,en,4916,4916,2097,2417,True,3207
793678,Salicornia ambigua,species,text_needs_scope_review,es,1354,1354,892,1085,True,1875
793886,Rhododendron × hybridum,hybrid,taxonomy_only,,0,0,0,44,False,834
796519,Oxypetalum coeruleum,species,taxon_matched_text,en,704,704,243,360,True,1150
801140,Melaleuca paludicola,species,taxon_matched_text,en,2449,2449,730,890,True,1680
808333,Handroanthus heptaphyllus,species,taxon_matched_text,en,3937,1613,641,819,True,1609
853278,Frankenia capitata,species,taxon_matched_text,en,326,326,35,121,True,911
854661,Chara galioides,species,taxonomy_only,,0,0,0,41,False,831
856149,Cerastium vagans,species,taxon_matched_text,pt,1324,1324,322,471,True,1261
861392,Taraxacum duplidentifrons,species,taxon_matched_text,pt,1328,1328,260,439,True,1229
861480,Tetradesmus lagerheimii,species,taxon_matched_text,en,406,406,153,265,True,1055
866208,Lipandra polysperma,species,taxon_matched_text,es,4888,3177,1959,2196,True,2986
866252,Lolium pratense,species,taxon_matched_text,en,2762,2762,959,1153,True,1943
867073,Terminalia buceras,species,taxon_matched_text,en,1227,1227,342,466,True,1256
867364,Goeppertia insignis,species,taxon_matched_text,en,1214,1214,242,373,True,1163
868716,Acalypha herzogiana,species,taxon_matched_text,pt,731,731,177,294,True,1084
870037,Trichocereus schickendantzii,species,text_needs_scope_review,es,3135,3135,1875,2167,True,2957
873702,Ficus maclellandii,species,taxon_matched_text,en,1188,1188,162,279,True,1069
873955,Achyrocline saturejoides,species,taxon_matched_text,en,4306,1851,393,539,True,1329
877372,Lantana urticoides,species,taxon_matched_text,en,561,561,110,206,True,996
883848,Peyssonnelia coriacea,species,taxonomy_only,,0,0,0,45,False,835
892604,Begonia angularis,species,taxon_matched_text,pt,375,375,52,147,True,937
900882,Dombeya spectabilis,species,taxonomy_only,,0,0,0,41,False,831
903393,Gymnosporia cassinoides,species,taxon_matched_text,en,525,525,33,122,True,912
903836,Sedum multiceps,species,taxon_matched_text,en,683,683,180,283,True,1073
907971,Lolium giganteum,species,taxon_matched_text,en,1934,1934,680,881,True,1671
911045,Fuscocephaloziopsis,genus,taxon_matched_text,en,967,967,608,746,True,1536
913204,Curio crassulifolius,species,taxon_matched_text,en,449,449,92,189,True,979
919875,Homalanthus populneus,species,taxonomy_only,,0,0,0,42,False,832
931679,Oxybasis rubra,species,taxon_matched_text,en,3852,2638,764,929,True,1719
939182,Goeppertia concinna,species,taxon_matched_text,en,1383,1383,354,496,True,1286
950053,Kalanchoe tetraphylla,species,taxon_matched_text,en,659,332,74,169,True,959
950339,Eriocapitella × hybrida,hybrid,taxon_matched_text,en,7097,7097,1623,1934,True,2724
969737,Festuca durandoi,species,taxon_matched_text,pt,1246,1246,260,406,True,1196
969860,Cosmarium subprotumidum,species,taxonomy_only,,0,0,0,47,False,837
974807,Rumex papillaris,species,taxon_matched_text,pt,1263,1263,249,415,True,1205
974960,Meryta denhamii,species,taxon_matched_text,en,746,746,452,571,True,1361
975933,Geum hispidum,species,taxon_matched_text,pt,1203,1203,230,399,True,1189
976057,Holcus × azoricus,hybrid,taxonomy_only,,0,0,0,44,False,834
978466,Cenchrus orientalis,species,taxon_matched_text,en,483,483,150,245,True,1035
978639,Epipactis fageticola,species,taxon_matched_text,unspecified,390,390,390,511,True,1301
1008075,Galium viscosum,species,taxon_matched_text,pt,1545,1545,608,843,True,1633
1010713,Petermannia,section,taxon_matched_text,en,1438,817,134,226,True,1016
1022862,Ceramium botryocarpum,species,taxon_matched_text,en,563,563,191,317,True,1107
1038398,Aizoon pubescens,species,taxon_matched_text,en,847,847,221,339,True,1129
1042904,Torilis elongata,species,taxon_matched_text,pt,1100,1100,252,419,True,1209
1045699,Santolina decumbens,species,taxonomy_only,,0,0,0,44,False,834
1046274,× Alworthia,genushybrid,taxonomy_only,,0,0,0,45,False,835
1046739,Ochna multiflora,species,taxonomy_only,,0,0,0,42,False,832
1064938,Megathyrsus maximus,species,taxon_matched_text,en,3352,1588,361,488,True,1278
1065403,Cenostigma eriostachys,species,taxonomy_only,,0,0,0,42,False,832
1075698,Kalanchoe humilis,species,taxon_matched_text,de,1344,1344,690,850,True,1640
1075724,Dudresnaya verticillata,species,taxonomy_only,,0,0,0,50,False,840
1075899,Scinaia interrupta,species,taxonomy_only,,0,0,0,42,False,832
1094820,Manihot palmata,species,taxon_matched_text,es,964,964,476,643,True,1433
1100076,Allium antiatlanticum,species,taxon_matched_text,en,412,412,48,138,True,928
1100247,Comasiella arcuata,species,taxonomy_only,,0,0,0,42,False,832
1105889,Ononis varelae,species,taxonomy_only,,0,0,0,42,False,832
1105912,Quercus × celtica,hybrid,taxonomy_only,,0,0,0,47,False,837
1110060,Lophocereus marginatus,species,text_needs_scope_review,en,1903,1903,444,584,True,1374
1125275,Chrysanthemum sinuatum,species,taxonomy_only,,0,0,0,44,False,834
1125546,Fragaria hayatae,species,taxonomy_only,,0,0,0,39,False,829
1131983,Diobelonella palustris,species,taxon_matched_text,de,1155,1155,401,525,True,1315
1149843,Galium belizianum,species,taxonomy_only,,0,0,0,44,False,834
1156140,Phanera yunnanensis,species,taxon_matched_text,en,799,799,93,183,True,973
1172808,Goeppertia louisae,species,taxon_matched_text,en,876,876,304,428,True,1218
1186388,Lupinus × regalis,hybrid,taxonomy_only,,0,0,0,43,False,833
1192063,Canistrum fosterianum,species,taxon_matched_text,en,572,572,114,224,True,1014
1218637,Aechmea warasii,species,taxon_matched_text,en,649,649,49,150,True,940
1246752,Codium intertextum,species,taxonomy_only,,0,0,0,42,False,832
1260064,Epidendrum viviparum,species,taxonomy_only,,0,0,0,46,False,836
1282318,Vinealobryum insulanum,species,taxonomy_only,,0,0,0,48,False,838
1284654,Antithamnionella ternifolia,species,taxonomy_only,,0,0,0,48,False,838
1286724,Alsidium corallinum,species,taxonomy_only,,0,0,0,42,False,832
1293231,Miconia crenata,species,taxon_matched_text,en,10250,3167,1179,1396,True,2186
1305151,Rhynchostegium alopecuroides,species,text_needs_scope_review,en,562,562,137,252,True,1042
1310301,Quercus × gallaecica,hybrid,taxonomy_only,,0,0,0,46,False,836
1318840,Fossombronia caespitiformis,species,taxonomy_only,,0,0,0,44,False,834
1321589,Ophrys × clapensis,hybrid,taxonomy_only,,0,0,0,45,False,835
1325297,Bryum dunense,species,taxonomy_only,,0,0,0,40,False,830
1341110,Helminthocladia calvadosii,species,taxonomy_only,,0,0,0,52,False,842
1356259,Pilosella galiciana,species,taxon_matched_text,pt,1249,1249,252,424,True,1214
1367415,Metrosideros stipularis,species,taxon_matched_text,en,1621,1621,315,444,True,1234
1377294,Diplachne fusca,species,taxon_matched_text,en,972,972,180,286,True,1076
1383488,Nymphaea × khurooi,hybrid,taxon_matched_text,en,1453,1453,320,495,True,1285
1399990,Leptochilus pteropus,species,taxon_matched_text,en,2907,1049,384,511,True,1301
1403426,Stipa offneri,species,taxon_matched_text,pt,1196,1196,246,416,True,1206
1406587,Carduus asturicus,species,taxonomy_only,,0,0,0,42,False,832
1411959,Sporobolus versicolor,species,taxonomy_only,,0,0,0,44,False,834
1432412,Muscari matritense,species,taxonomy_only,,0,0,0,44,False,834
1451622,Narcissus nobilis,species,text_needs_scope_review,es,1090,1090,648,830,True,1620
1455887,Plantago subspathulata,species,taxonomy_only,,0,0,0,44,False,834
1464563,Ophrys × castroviejoi,hybrid,taxonomy_only,,0,0,0,49,False,839
1468233,Pterothamnion crispum,species,taxonomy_only,,0,0,0,46,False,836
1470111,Quercus × tavaresii,hybrid,taxonomy_only,,0,0,0,47,False,837
1472012,Iris florentina,species,taxon_matched_text,en,11044,11044,3911,4696,True,5486
1473996,Centaurea bethurica,species,taxon_matched_text,pt,1269,1269,266,441,True,1231
1479553,Begonia gehrtii,species,taxonomy_only,,0,0,0,42,False,832
1523575,Asperifolia arguta,species,taxonomy_only,,0,0,0,42,False,832
1524773,Crataegus × lavalleei,hybrid,taxon_matched_text,en,852,852,232,345,True,1135
1550810,Anthoxanthum maderense,species,taxon_matched_text,pt,1284,1284,271,456,True,1246
1552025,× Heucherella,genushybrid,taxon_matched_text,en,2197,2197,1445,1620,True,2410
1558162,Helictochloa gervaisii,species,taxonomy_only,,0,0,0,48,False,838
1559171,Rosa × nitidula,hybrid,taxonomy_only,,0,0,0,45,False,835
1569093,Ponderosae,subsection,taxonomy_only,,0,0,0,43,False,833
1585678,Billbergia × windii,hybrid,taxonomy_only,,0,0,0,45,False,835
1586238,Festuca incurva,species,taxon_matched_text,en,1401,1154,266,371,True,1161
1595251,Clistocarpa,section,taxonomy_only,,0,0,0,38,False,828
1596283,Botryocladia wrightii,species,taxonomy_only,,0,0,0,48,False,838
1599148,Tilia × euchlora,hybrid,text_needs_scope_review,de,1055,1055,474,612,True,1402
1600126,Xiphosiphonia pennata,species,taxonomy_only,,0,0,0,46,False,836
1600687,Riverina rivularis,species,text_needs_scope_review,en,12090,12090,4226,4645,True,5435
1600894,Dasysiphonia sessilis,species,taxonomy_only,,0,0,0,44,False,834
1606778,Kalanchoe variifolia,species,taxonomy_only,,0,0,0,47,False,837
1606781,Kalanchoe × edwardii,hybrid,taxonomy_only,,0,0,0,49,False,839
1610405,Ophrys × rainei,hybrid,taxonomy_only,,0,0,0,45,False,835
1633371,Avena castellana,species,taxonomy_only,,0,0,0,40,False,830
1651481,Avena lusitanica,species,taxonomy_only,,0,0,0,42,False,832
1656174,Riella macrocarpa,species,taxonomy_only,,0,0,0,42,False,832
1687652,Sabdariffa gossypiifolia,species,text_needs_scope_review,en,14795,9158,1941,2416,True,3206
47324,Collinsia,genus,taxon_matched_text,en,1551,724,321,444,True,1234
47543,Rubus spectabilis,species,taxon_matched_text,en,6081,6081,2110,2411,True,3201
47620,Lycopodium,genus,taxon_matched_text,en,3157,2936,1145,1312,True,2102
47699,Geranium maculatum,species,taxon_matched_text,en,1578,1578,639,832,True,1622
47745,Equisetum fluviatile,species,taxon_matched_text,en,3270,2957,857,1097,True,1887
47788,Yucca baccata,species,taxon_matched_text,en,3183,3183,1141,1364,True,2154
47850,Quercus agrifolia,species,taxon_matched_text,en,8087,7651,2799,3203,True,3993
47892,Impatiens glandulifera,species,taxon_matched_text,en,4451,4451,1410,1698,True,2488
47912,Asclepias tuberosa,species,taxon_matched_text,en,8234,8234,1189,1478,True,2268
48379,Tricyrtis,genus,taxon_matched_text,en,3852,3344,774,1107,True,1897
48435,Adiantum pedatum,species,taxon_matched_text,en,7434,7434,1145,1384,True,2174
48622,Nepeta cataria,species,taxon_matched_text,pt,13137,1723,919,1153,True,1943
48734,Tsuga canadensis,species,taxon_matched_text,en,7877,7877,3679,4027,True,4817
48807,Umbellularia californica,species,text_needs_scope_review,en,11145,6461,2139,2505,True,3295
48895,Heliotropium angiospermum,species,taxon_matched_text,en,752,752,121,232,True,1022
49140,Amsinckia,genus,taxon_matched_text,en,2177,1887,878,1022,True,1812
49186,Castanea dentata,species,text_needs_scope_review,en,25297,25297,7622,8393,True,9183
49543,Lonchocarpus,genus,taxon_matched_text,en,2911,2248,721,878,True,1668
49868,Aquilegia canadensis,species,taxon_matched_text,en,11574,11574,3444,4037,True,4827
49884,Betula populifolia,species,taxon_matched_text,en,3185,3185,1289,1530,True,2320
49916,Sisyrinchium angustifolium,species,taxon_matched_text,en,1797,1797,271,418,True,1208
50311,Arisaema,genus,taxon_matched_text,en,3792,3271,508,625,True,1415
50625,Ptelea trifoliata,species,taxon_matched_text,en,4562,4562,1730,1980,True,2770
50628,Erysimum capitatum,species,taxon_matched_text,en,2093,2093,573,734,True,1524
50812,Scrophularia californica,species,taxon_matched_text,en,841,841,253,391,True,1181
50832,Gilia tricolor,species,taxon_matched_text,en,771,771,248,430,True,1220
51444,Passiflora antioquiensis,species,taxon_matched_text,en,1042,1042,132,222,True,1012
51449,Passiflora mixta,species,taxon_matched_text,en,1337,1337,658,807,True,1597
51618,Myrrhis odorata,species,text_needs_scope_review,en,2003,2003,505,658,True,1448
51704,Polemonium caeruleum,species,taxon_matched_text,en,1439,1439,435,607,True,1397
51714,Bidens aristosa,species,taxon_matched_text,en,1923,1923,543,687,True,1477
51813,Oenothera elata,species,taxon_matched_text,en,4696,4696,1711,1939,True,2729
52079,Richardia,genus,taxon_matched_text,en,1210,417,152,264,True,1054
52120,Populus fremontii,species,taxon_matched_text,en,3170,2848,973,1207,True,1997
52382,Dacrydium cupressinum,species,taxon_matched_text,en,18159,17465,6879,7482,True,8272
52383,Pinus resinosa,species,taxon_matched_text,en,3804,3367,1018,1211,True,2001
52443,Schizolobium parahyba,species,text_needs_scope_review,en,6443,2205,644,837,True,1627
52446,Enterolobium contortisiliquum,species,taxon_matched_text,en,2138,223,33,128,True,918
52501,Kolkwitzia amabilis,species,taxon_matched_text,es,3639,1275,740,940,True,1730
52648,Sarracenia rubra,species,taxon_matched_text,en,2163,2163,845,1028,True,1818
52651,Sarracenia purpurea,species,taxon_matched_text,en,6968,6499,1525,1758,True,2548
52763,Cephalanthus occidentalis,species,taxon_matched_text,en,2529,2529,799,977,True,1767
52848,Aralia californica,species,taxon_matched_text,en,1518,1179,377,513,True,1303
53077,Pseudognaphalium californicum,species,taxon_matched_text,en,921,921,213,373,True,1163
53134,Acmispon glaber,species,taxon_matched_text,en,1373,1373,507,653,True,1443
53173,Phacelia nemoralis,species,taxon_matched_text,en,553,553,214,322,True,1112
53357,Artemisia californica,species,taxon_matched_text,en,4181,4181,1863,2174,True,2964
53374,Corylus cornuta,species,taxon_matched_text,en,3452,3452,1603,1889,True,2679
53722,Tabebuia heterophylla,species,taxon_matched_text,en,1781,1781,413,553,True,1343
53821,Welwitschia mirabilis,species,taxon_matched_text,es,12593,2232,1208,1424,True,2214
54261,Abies balsamea,species,taxon_matched_text,en,8705,8705,3015,3510,True,4300
54429,Ribes uva-crispa,species,taxon_matched_text,en,4341,2746,979,1161,True,1951
54430,Ribes nigrum,species,text_needs_scope_review,en,11613,11160,4742,5309,True,6099
54684,Drosera binata,species,taxon_matched_text,en,2471,2471,912,1057,True,1847
54764,Rhus glabra,species,taxon_matched_text,en,1546,1546,452,626,True,1416
54770,Corylus americana,species,taxon_matched_text,en,2097,2097,701,876,True,1666
54780,Quercus bicolor,species,taxon_matched_text,en,2667,2667,1057,1226,True,2016
54781,Quercus macrocarpa,species,taxon_matched_text,en,4241,4241,1891,2178,True,2968
54802,Nyssa sylvatica,species,taxon_matched_text,en,5303,5303,2526,2918,True,3708
54824,Crataegus crus-galli,species,taxon_matched_text,en,2022,2022,300,449,True,1239
54830,Crataegus punctata,species,taxon_matched_text,en,1159,1159,289,397,True,1187
54831,Malus coronaria,species,taxon_matched_text,en,2426,2426,1095,1340,True,2130
54832,Prunus nigra,species,taxon_matched_text,en,3001,3001,1372,1615,True,2405
54838,Populus balsamifera,species,taxon_matched_text,en,2548,2131,807,996,True,1786
55209,Taxus brevifolia,species,taxon_matched_text,en,7847,5284,1933,2219,True,3009
55255,Porella navicularis,species,taxonomy_only,,0,0,0,42,False,832
55336,Fissidens curvatus,species,taxonomy_only,,0,0,0,43,False,833
55466,Sanicula arctopoides,species,taxon_matched_text,en,910,910,218,338,True,1128
55720,Pterocephalus lasiospermus,species,taxon_matched_text,en,649,649,217,347,True,1137
55819,Primula veris,species,taxon_matched_text,en,4190,3603,1406,1647,True,2437
55838,Cochlearia officinalis,species,taxon_matched_text,en,2171,2171,695,925,True,1715
55852,Brunnera macrophylla,species,taxon_matched_text,en,1147,1147,279,408,True,1198
55859,Cyclamen coum,species,taxon_matched_text,en,2588,2588,1144,1362,True,2152
55876,Lamium album,species,taxon_matched_text,en,3325,2260,684,865,True,1655
56022,Alchemilla mollis,species,taxon_matched_text,en,2498,1275,344,461,True,1251
56032,Adiantum jordanii,species,taxon_matched_text,en,1546,1546,530,677,True,1467
56034,Alnus rubra,species,taxon_matched_text,en,11296,5342,2099,2449,True,3239
56152,Allium ursinum,species,taxon_matched_text,en,6544,4806,1196,1443,True,2233
56172,Leonurus,genus,taxon_matched_text,en,2489,1320,653,768,True,1558
56312,Vaccinium vitis-idaea,species,taxon_matched_text,en,7853,7395,2623,3090,True,3880
56322,Ranunculus montanus,species,taxon_matched_text,en,806,806,78,162,True,952
56409,Riccia beyrichiana,species,taxonomy_only,,0,0,0,40,False,830
56417,Riccia glauca,species,text_needs_scope_review,de,1905,1905,907,1103,True,1893
56457,Pallavicinia,genus,taxon_matched_text,en,1006,1006,544,681,True,1471
56495,Cephaloziella divaricata,species,taxon_matched_text,de,991,991,425,540,True,1330
56502,Cephaloziella turneri,species,taxonomy_only,,0,0,0,42,False,832
56503,Chiloscyphus pallescens,species,text_needs_scope_review,de,1066,1066,554,665,True,1455
56506,Chiloscyphus polyanthos,species,taxon_matched_text,de,1172,1172,596,743,True,1533
56726,Daucus pusillus,species,taxon_matched_text,en,1189,1189,171,267,True,1057
56975,Micropus californicus,species,taxon_matched_text,en,355,355,101,187,True,977
56996,Sisymbrium altissimum,species,taxon_matched_text,en,2369,1070,465,619,True,1409
57004,Sagina decumbens,species,taxon_matched_text,en,516,516,158,253,True,1043
57110,Juncus xiphioides,species,taxon_matched_text,en,2619,2619,587,738,True,1528
57115,Lepechinia,genus,taxon_matched_text,en,3291,2495,1051,1148,True,1938
57183,Koeleria macrantha,species,taxon_matched_text,en,3153,3153,784,973,True,1763
57249,Physocarpus capitatus,species,taxon_matched_text,en,1620,1620,657,870,True,1660
57307,Vicia pannonica,species,taxon_matched_text,en,466,466,181,276,True,1066
57312,Vicia ludoviciana,species,taxon_matched_text,en,492,492,24,109,True,899
57356,Amorpha fruticosa,species,taxon_matched_text,en,2664,2664,462,621,True,1411
57360,Rhododendron macrophyllum,species,taxon_matched_text,en,1472,1472,594,761,True,1551
57512,Viscum album,species,taxon_matched_text,en,9238,8470,2568,3047,True,3837
57732,Iris tectorum,species,taxon_matched_text,en,14342,14342,3653,4486,True,5276
57857,Romanzoffia,genus,taxon_matched_text,en,856,559,204,298,True,1088
57870,Inula,genus,taxon_matched_text,en,5273,3916,2404,2646,True,3436
57937,Laennecia coulteri,species,taxonomy_only,,0,0,0,42,False,832
58073,Descurainia,genus,taxon_matched_text,en,4654,1730,1073,1206,True,1996
58153,Ottleya,genus,text_needs_scope_review,en,2117,1751,838,940,True,1730
58191,Salvia leucophylla,species,taxon_matched_text,en,1314,1314,417,574,True,1364
58331,Datura wrightii,species,taxon_matched_text,en,3766,3766,1822,2058,True,2848
58336,Nicotiana quadrivalvis,species,taxon_matched_text,en,1617,1617,480,615,True,1405
58362,Hesperoyucca whipplei,species,taxon_matched_text,en,5193,5193,1845,2107,True,2897
58749,Cornus amomum,species,taxon_matched_text,en,2471,2471,1160,1343,True,2133
58792,Hydrocotyle umbellata,species,taxon_matched_text,en,1664,1272,358,459,True,1249
58793,Osmorhiza brachypoda,species,taxon_matched_text,en,784,784,251,404,True,1194
58869,Githopsis,genus,taxon_matched_text,en,753,431,145,246,True,1036
59028,Verbascum blattaria,species,taxon_matched_text,en,2257,2257,1117,1300,True,2090
59077,Lemna valdiviana,species,taxon_matched_text,en,586,586,137,235,True,1025
59091,Festuca occidentalis,species,taxon_matched_text,en,1203,1203,663,808,True,1598
59293,Cyclamen repandum,species,taxon_matched_text,en,1431,1431,536,683,True,1473
59520,Erythronium oregonum,species,taxon_matched_text,en,1493,1493,347,513,True,1303
59549,Lupinus polyphyllus,species,taxon_matched_text,en,4335,4335,1893,2167,True,2957
59554,Trollius,genus,taxon_matched_text,en,2352,1552,404,536,True,1326
59921,Pinus taeda,species,taxon_matched_text,en,5978,5232,1714,1978,True,2768
59923,Helianthella,genus,taxon_matched_text,en,1329,1046,222,317,True,1107
59941,Libertia chilensis,species,taxon_matched_text,en,1095,1095,131,224,True,1014
59944,Gladiolus palustris,species,taxon_matched_text,en,1071,1071,352,469,True,1259
59982,Phacelia hastata,species,taxon_matched_text,en,1559,1559,349,456,True,1246
60129,Ambrosia psilostachya,species,taxon_matched_text,en,2540,2540,446,606,True,1396
60146,Pluchea odorata,species,taxon_matched_text,en,1251,1251,409,545,True,1335
60173,Spergularia villosa,species,taxon_matched_text,en,387,387,145,235,True,1025
60177,Atriplex semibaccata,species,taxon_matched_text,en,21465,10676,3229,3620,True,4410
60234,Samolus parviflorus,species,text_needs_scope_review,en,4014,2345,510,665,True,1455
60439,Caesalpinia pulcherrima,species,taxon_matched_text,en,2853,2016,731,952,True,1742
60460,Calla palustris,species,taxon_matched_text,es,5109,1884,986,1188,True,1978
60467,Stratiotes aloides,species,taxon_matched_text,en,1293,1293,400,565,True,1355
60491,Linum perenne,species,taxon_matched_text,en,896,896,282,405,True,1195
60541,Yucca glauca,species,taxon_matched_text,en,3097,3097,830,1014,True,1804
60832,Albizia lebbeck,species,taxon_matched_text,en,3994,3545,1175,1381,True,2171
60878,Lonicera interrupta,species,taxon_matched_text,en,693,693,187,334,True,1124
60898,Viola lutea,species,taxon_matched_text,en,1488,1488,515,679,True,1469
61118,Silene conica,species,taxon_matched_text,en,1758,547,153,235,True,1025
61119,Ilex verticillata,species,taxon_matched_text,en,2509,2509,744,953,True,1743
61167,Alisma triviale,species,taxon_matched_text,en,1164,1164,134,260,True,1050
61182,Thermopsis,genus,taxon_matched_text,en,3200,2963,686,977,True,1767
61222,Malus dasyphylla,species,taxonomy_only,,0,0,0,40,False,830
61230,Acaena pinnatifida,species,taxon_matched_text,en,2458,2022,304,445,True,1235
61369,Momordica charantia,species,taxon_matched_text,en,6724,5863,3119,3600,True,4390
61520,Doronicum carpetanum,species,taxon_matched_text,pt,1635,1635,625,844,True,1634
62017,Lathyrus nissolia,species,taxon_matched_text,en,2256,992,315,452,True,1242
62220,Camassia quamash,species,taxon_matched_text,en,5800,4604,1323,1598,True,2388
62223,Philadelphus lewisii,species,taxon_matched_text,en,3177,3177,1140,1440,True,2230
62292,Asclepias speciosa,species,taxon_matched_text,en,5117,5117,725,936,True,1726
62337,Cuscuta europaea,species,taxon_matched_text,en,2419,1588,696,821,True,1611
62340,Atriplex hortensis,species,taxon_matched_text,en,3119,1742,458,593,True,1383
62376,Gaultheria procumbens,species,taxon_matched_text,en,3182,3182,1007,1238,True,2028
62394,Aureolaria pedicularia,species,taxon_matched_text,en,3697,3697,1182,1391,True,2181
62396,Chaenorhinum minus,species,taxon_matched_text,en,3377,2081,827,1019,True,1809
62568,Holocarpha heermannii,species,taxon_matched_text,en,1050,1050,273,401,True,1191
62821,Terminalia catappa,species,taxon_matched_text,en,5319,3588,1057,1239,True,2029
62844,Tamarindus indica,species,text_needs_scope_review,en,15143,12062,4099,4625,True,5415
62854,Laguncularia racemosa,species,text_needs_scope_review,en,2696,1065,373,487,True,1277
62887,Tectona grandis,species,taxon_matched_text,pt,15402,6049,4815,5301,True,6091
63047,Calystegia macrostegia,species,taxon_matched_text,en,990,990,354,505,True,1295
63211,Echinopsis albispinosa,species,taxon_matched_text,en,899,899,241,373,True,1163
63690,Abies grandis,species,taxon_matched_text,en,8878,4241,2039,2340,True,3130
64040,Pinus lambertiana,species,taxon_matched_text,en,8844,8363,3011,3395,True,4185
64047,Pinus attenuata,species,taxon_matched_text,pt,2227,465,172,294,True,1084
64058,Microsorum scolopendria,species,taxon_matched_text,en,1122,1122,115,223,True,1013
64093,Salvia lyrata,species,taxon_matched_text,en,1384,1384,374,478,True,1268
64109,Venegasia carpesioides,species,text_needs_scope_review,en,2216,948,99,202,True,992
64121,Rhus ovata,species,taxon_matched_text,en,4407,4407,1883,2129,True,2919
64122,Malosma laurina,species,taxon_matched_text,es,5253,2225,1084,1342,True,2132
64132,Fraxinus velutina,species,taxon_matched_text,en,1304,1304,486,621,True,1411
64179,Verbena litoralis,species,taxon_matched_text,en,546,546,233,329,True,1119
64340,Theobroma cacao,species,taxon_matched_text,en,21299,12875,4090,4726,True,5516
64538,Celastrus scandens,species,taxon_matched_text,en,1500,1083,358,485,True,1275
64540,Celastrus orbiculatus,species,taxon_matched_text,en,7155,7155,2557,2889,True,3679
64616,Aurinia saxatilis,species,taxon_matched_text,en,1737,1301,644,821,True,1611
64714,Vaccinium uliginosum,species,taxon_matched_text,en,5135,3743,1080,1351,True,2141
67325,Zamia pumila,species,taxon_matched_text,en,1126,1126,589,731,True,1521
67330,Pinus coulteri,species,taxon_matched_text,pt,5824,567,187,301,True,1091
67839,Porella cordaeana,species,taxon_matched_text,de,1014,1014,478,599,True,1389
67882,Ditrichum,genus,taxon_matched_text,en,2756,2756,1779,1978,True,2768
68049,Arctostaphylos uva-ursi,species,taxon_matched_text,en,12743,5492,1601,1907,True,2697
68088,Juniperus occidentalis,species,taxon_matched_text,en,3382,3382,1293,1530,True,2320
68400,Yucca schidigera,species,taxon_matched_text,en,3910,3910,1149,1379,True,2169
68662,Pterocarpus,genus,taxon_matched_text,en,5912,5628,1169,1589,True,2379
68679,Cassia fistula,species,taxon_matched_text,en,4642,3884,1239,1494,True,2284
68686,Cassia javanica,species,taxon_matched_text,en,3919,3436,1240,1439,True,2229
69640,Carex sylvatica,species,taxon_matched_text,en,3228,1993,767,983,True,1773
69756,Chamaecyparis thyoides,species,taxon_matched_text,en,4027,4027,1813,2006,True,2796
69845,Quercus laurifolia,species,taxon_matched_text,en,2693,2693,1025,1240,True,2030
69880,Croton linearis,species,taxon_matched_text,en,601,601,117,220,True,1010
69947,Ottelia alismoides,species,taxon_matched_text,en,977,977,80,165,True,955
69973,Annona squamosa,species,taxon_matched_text,en,17754,6313,2338,2659,True,3449
70027,Artocarpus altilis,species,text_needs_scope_review,en,29467,9834,4135,4691,True,5481
72028,Camelina,genus,taxon_matched_text,en,1908,1653,584,738,True,1528
72042,Chaetopappa,genus,taxon_matched_text,en,1690,1418,292,399,True,1189
72113,Empetrum,genus,taxon_matched_text,en,2012,1668,821,1033,True,1823
72129,Eulobus,genus,taxon_matched_text,en,328,328,103,217,True,1007
72180,Holosteum,genus,taxon_matched_text,en,1237,524,294,420,True,1210
72349,Sclerochloa,genus,taxon_matched_text,en,1286,1039,140,264,True,1054
72396,Thlaspi,genus,taxon_matched_text,en,2288,1474,734,854,True,1644
75240,Abies amabilis,species,taxon_matched_text,en,4933,3555,1408,1633,True,2423
75251,Acacia paradoxa,species,taxon_matched_text,en,3078,2526,609,783,True,1573
75258,Acalypha californica,species,taxon_matched_text,en,1805,1304,379,522,True,1312
75298,Agave utahensis,species,taxon_matched_text,en,1426,1426,263,418,True,1208
75333,Alisma gramineum,species,taxon_matched_text,en,3319,1387,359,467,True,1257
75394,Amaranthus fimbriatus,species,taxon_matched_text,en,694,694,173,274,True,1064
75400,Amaranthus tuberculatus,species,taxon_matched_text,en,3500,3500,939,1129,True,1919
75442,Anemone multifida,species,taxon_matched_text,en,1091,1091,553,700,True,1490
75600,Aruncus dioicus,species,taxon_matched_text,en,2282,2282,474,651,True,1441
75692,Astrolepis cochisensis,species,taxon_matched_text,en,855,855,274,411,True,1201
75723,Avicennia marina,species,taxon_matched_text,en,4114,4114,1301,1487,True,2277
75732,Bacopa monnieri,species,taxon_matched_text,en,4572,3201,618,806,True,1596
75757,Berberis nevinii,species,taxon_matched_text,en,5090,5090,1783,1973,True,2763
75764,Betula occidentalis,species,taxon_matched_text,en,2862,2862,572,704,True,1494
75767,Bidens tripartita,species,taxon_matched_text,en,3147,1957,402,568,True,1358
75867,Brasenia schreberi,species,text_needs_scope_review,en,9763,3386,619,802,True,1592
75896,Bromus arvensis,species,taxon_matched_text,en,1021,1021,545,680,True,1470
75900,Bromus commutatus,species,taxon_matched_text,en,1388,1388,325,480,True,1270
75917,Buddleja saligna,species,taxon_matched_text,en,1076,1076,358,470,True,1260
75919,Bulbine semibarbata,species,taxon_matched_text,en,529,529,187,313,True,1103
75930,Calamagrostis stricta,species,taxon_matched_text,en,1197,1197,582,721,True,1511
76168,Ceanothus arboreus,species,taxon_matched_text,en,2326,2326,458,626,True,1416
76182,Ceanothus leucodermis,species,taxon_matched_text,en,842,842,319,442,True,1232
76294,Chloris verticillata,species,taxonomy_only,,0,0,0,43,False,833
76338,Cicuta douglasii,species,taxon_matched_text,en,2148,2148,665,803,True,1593
76461,Cotoneaster simonsii,species,taxon_matched_text,en,1104,1104,361,480,True,1270
76567,Cylindropuntia prolifera,species,taxon_matched_text,en,722,722,160,273,True,1063
76599,Dactyloctenium aegyptium,species,taxon_matched_text,en,891,891,151,288,True,1078
76609,Datura ferox,species,taxon_matched_text,en,958,958,380,496,True,1286
76620,Delosperma litorale,species,taxonomy_only,,0,0,0,43,False,833
76726,Dudleya brevifolia,species,taxon_matched_text,en,6187,6187,2735,3130,True,3920
76743,Dudleya virens,species,taxon_matched_text,en,5261,5261,1835,2357,True,3147
76762,Echinops sphaerocephalus,species,taxon_matched_text,en,2201,1829,420,595,True,1385
76763,Echium pininana,species,taxon_matched_text,en,5198,5198,906,1073,True,1863
76779,Eleocharis obtusa,species,taxon_matched_text,en,364,364,147,235,True,1025
76822,Ephedra foeminea,species,taxonomy_only,,0,0,0,42,False,832
76854,Eragrostis mexicana,species,taxon_matched_text,en,2740,1495,661,787,True,1577
76914,Erigeron coulteri,species,taxon_matched_text,en,779,779,233,341,True,1131
77090,Eucalyptus conferruminata,species,taxon_matched_text,en,2792,2792,988,1166,True,1956
77091,Eucalyptus pulchella,species,taxon_matched_text,en,3434,3434,1462,1646,True,2436
77111,Euphorbia dendroides,species,taxon_matched_text,en,921,921,177,287,True,1077
77125,Eustoma exaltatum,species,taxon_matched_text,en,765,765,174,290,True,1080
77138,Festuca microstachys,species,text_needs_scope_review,en,637,637,277,374,True,1164
77262,Geranium solanderi,species,taxon_matched_text,en,1821,1821,502,661,True,1451
77314,Gypsophila elegans,species,taxon_matched_text,en,216,216,29,117,True,907
77363,Heliotropium amplexicaule,species,taxon_matched_text,en,2197,910,284,416,True,1206
77373,Hesperocyparis abramsiana,species,taxon_matched_text,en,4509,4509,1918,2228,True,3018
77422,Hippuris vulgaris,species,taxon_matched_text,en,3388,2153,799,982,True,1772
77574,Juncus hesperius,species,taxonomy_only,,0,0,0,39,False,829
77654,Lemna aequinoctialis,species,taxon_matched_text,en,819,819,298,399,True,1189
77656,Lemna turionifera,species,taxon_matched_text,en,613,613,126,235,True,1025
77718,Leucanthemum lacustre,species,taxon_matched_text,pt,1268,1268,245,404,True,1194
77724,Lewisia cotyledon,species,taxon_matched_text,en,939,939,288,426,True,1216
77778,Linaria purpurea,species,taxon_matched_text,en,1958,1958,610,787,True,1577
77954,Malva verticillata,species,taxon_matched_text,en,1589,1589,538,687,True,1477
77959,Marah macrocarpa,species,taxon_matched_text,en,3169,3169,1574,1809,True,2599
77968,Mauranthemum paludosum,species,taxon_matched_text,en,1056,1056,303,433,True,1223
78144,Muhlenbergia schreberi,species,taxon_matched_text,en,1519,1519,469,585,True,1375
78156,Myriophyllum quitense,species,taxon_matched_text,es,1974,1974,1379,1613,True,2403
78221,Nicotiana sylvestris,species,taxon_matched_text,en,1099,1099,431,577,True,1367
78243,Oenothera laciniata,species,taxon_matched_text,en,2137,919,288,410,True,1200
78569,Physalis longifolia,species,taxon_matched_text,en,1222,1222,497,645,True,1435
78582,Picea engelmannii,species,taxon_matched_text,en,3737,3348,1395,1676,True,2466
78584,Pinus balfouriana,species,taxon_matched_text,en,2637,2199,614,776,True,1566
78588,Pistacia atlantica,species,taxon_matched_text,en,4906,4906,1708,2001,True,2791
78699,Populus trichocarpa,species,taxon_matched_text,en,6990,6593,2905,3386,True,4176
78780,Puccinellia distans,species,taxon_matched_text,en,1884,622,165,264,True,1054
78869,Ribes viburnifolium,species,taxon_matched_text,en,1874,1874,412,566,True,1356
78871,Robinia neomexicana,species,taxon_matched_text,en,1786,1786,451,588,True,1378
78900,Rumex britannica,species,taxon_matched_text,en,1347,1347,832,1067,True,1857
79058,Senna artemisioides,species,taxon_matched_text,en,8517,8517,2521,2746,True,3536
79078,Sida spinosa,species,taxon_matched_text,en,1259,1259,130,225,True,1015
79112,Silene noctiflora,species,taxon_matched_text,en,1122,1122,430,565,True,1355
79131,Sium suave,species,taxon_matched_text,en,3924,3924,1460,1611,True,2401
79146,Solanum xanti,species,text_needs_scope_review,en,1293,1293,523,689,True,1479
79162,Sparganium natans,species,taxon_matched_text,en,674,674,149,236,True,1026
79383,Tradescantia ohiensis,species,taxon_matched_text,en,1608,1608,289,395,True,1185
79390,Trianthema portulacastrum,species,taxon_matched_text,en,749,749,296,418,True,1208
79406,Trifolium alexandrinum,species,taxon_matched_text,en,3852,1560,569,741,True,1531
79468,Utricularia subulata,species,taxon_matched_text,en,2125,854,302,476,True,1266
79560,Zygophyllum fabago,species,taxon_matched_text,en,588,588,216,334,True,1124
81516,Euphorbia cooperi,species,taxon_matched_text,en,526,526,48,136,True,926
81600,Hydrocharis morsus-ranae,species,taxon_matched_text,en,2240,2240,1019,1230,True,2020
81796,Oxalis violacea,species,taxon_matched_text,en,1831,1831,541,725,True,1515
81837,Tephrosia,genus,taxon_matched_text,en,2806,2505,489,635,True,1425
82321,Spathoglottis,genus,taxon_matched_text,en,5106,3126,1185,1365,True,2155
82413,Scrophularia marilandica,species,taxon_matched_text,en,735,735,235,343,True,1133
82470,Melampodium,genus,taxon_matched_text,en,3739,3367,1169,1381,True,2171
82476,Aquilegia alpina,species,taxon_matched_text,en,4419,4419,1608,1825,True,2615
82511,Euphorbia myrsinites,species,taxon_matched_text,en,2438,2438,840,1080,True,1870
82617,Ferula tingitana,species,taxon_matched_text,en,2465,1264,230,346,True,1136
82752,Stylosanthes biflora,species,taxon_matched_text,en,1187,1187,427,567,True,1357
83081,Myosotis alpestris,species,taxon_matched_text,en,883,883,265,383,True,1173
83102,Serenoa repens,species,taxon_matched_text,pt,6107,2840,1787,2051,True,2841
83583,Piper nigrum,species,text_needs_scope_review,en,15517,13178,5418,6018,True,6808
83602,Leptospermum polygalifolium,species,taxon_matched_text,en,3128,3128,978,1110,True,1900
83711,Rhodospatha,genus,taxon_matched_text,en,2519,1345,570,667,True,1457
83781,Alluaudia procera,species,taxon_matched_text,en,1281,1281,459,606,True,1396
84002,Tillandsia recurvata,species,taxon_matched_text,en,3832,2349,618,765,True,1555
84229,Cryptogramma crispa,species,taxon_matched_text,en,3640,2326,765,999,True,1789
84292,Ulmus alata,species,taxon_matched_text,en,3332,3332,1220,1423,True,2213
84300,Sambucus canadensis,species,taxon_matched_text,en,2161,2161,678,886,True,1676
84337,Fumaria densiflora,species,taxon_matched_text,en,1602,438,146,266,True,1056
84359,Cibotium glaucum,species,taxon_matched_text,en,884,884,286,389,True,1179
84405,Calyptocarpus vialis,species,taxon_matched_text,en,1107,1107,295,417,True,1207
84537,Dioscorea bulbifera,species,taxon_matched_text,en,3824,2918,840,1077,True,1867
84542,Vaccinium angustifolium,species,taxon_matched_text,en,3584,3584,1296,1600,True,2390
84579,Encyclia,genus,taxon_matched_text,en,6148,1297,500,695,True,1485
84666,Sabatia angularis,species,taxon_matched_text,en,1374,1374,524,684,True,1474
84679,Helianthus hirsutus,species,taxon_matched_text,en,727,727,203,320,True,1110
84707,Berberis microphylla,species,taxon_matched_text,en,2286,1897,282,408,True,1198
84724,Spiraea betulifolia,species,taxon_matched_text,en,365,365,137,237,True,1027
84772,Oxalis dillenii,species,taxon_matched_text,en,1676,1676,618,773,True,1563
84779,Plinia cauliflora,species,taxon_matched_text,en,10341,5572,1431,1733,True,2523
84790,Magnolia tripetala,species,taxon_matched_text,en,4258,4258,1527,1739,True,2529
84960,Dianthus carthusianorum,species,taxon_matched_text,en,539,539,170,270,True,1060
85065,Trifolium medium,species,taxon_matched_text,en,1646,616,120,226,True,1016
85085,Salix aurita,species,taxon_matched_text,en,316,316,87,179,True,969
85378,Eutrochium purpureum,species,taxon_matched_text,en,2014,2014,646,819,True,1609
85484,Carex flava,species,taxon_matched_text,en,1179,1179,118,212,True,1002
116735,Rudbeckia laciniata,species,taxon_matched_text,en,3081,3081,1303,1544,True,2334
116753,Helleborus argutifolius,species,taxon_matched_text,en,885,885,208,323,True,1113
117326,Picea glauca,species,taxon_matched_text,en,21868,21524,7351,8273,True,9063
117433,Euonymus alatus,species,taxon_matched_text,en,2866,2866,823,1023,True,1813
118731,Woodwardia areolata,species,text_needs_scope_review,en,1366,1366,374,508,True,1298
118749,Rhododendron calendulaceum,species,taxon_matched_text,en,3983,3983,1201,1366,True,2156
118943,Posidonia oceanica,species,taxon_matched_text,en,9837,7818,3269,3798,True,4588
119141,Dioscorea polystachya,species,text_needs_scope_review,en,8526,8526,2894,3375,True,4165
119219,Lachenalia,genus,taxon_matched_text,en,5394,5046,1607,1747,True,2537
119295,Cyanotis tuberosa,species,taxon_matched_text,en,399,399,20,110,True,900
119302,Agave parryi,species,taxon_matched_text,en,1582,1582,459,596,True,1386
119324,Ornithoglossum,genus,taxon_matched_text,en,888,644,228,326,True,1116
119456,Oxalis versicolor,species,taxon_matched_text,en,615,615,202,318,True,1108
119460,Crassula natans,species,taxon_matched_text,en,1009,1009,388,516,True,1306
119541,Pelargonium fulgidum,species,taxonomy_only,,0,0,0,40,False,830
119585,Viscum capense,species,taxon_matched_text,en,1110,718,140,233,True,1023
119672,Erythrina fusca,species,taxon_matched_text,en,2932,2022,373,521,True,1311
119806,Lobelia siphilitica,species,taxon_matched_text,en,1693,1693,632,803,True,1593
120011,Sesbania drummondii,species,taxon_matched_text,en,753,753,396,535,True,1325
120145,Juniperus monosperma,species,taxon_matched_text,en,2204,1836,767,924,True,1714
120146,Sphagnum molle,species,taxon_matched_text,en,375,375,136,254,True,1044
120269,Arctotis fastuosa,species,taxon_matched_text,en,1162,1162,233,333,True,1123
120283,Gazania lichtensteinii,species,taxon_matched_text,en,912,912,303,441,True,1231
120483,Palafoxia callosa,species,taxon_matched_text,en,823,823,149,256,True,1046
120557,Sporobolus heterolepis,species,taxon_matched_text,en,1857,1857,663,811,True,1601
120562,Bauhinia macranthera,species,taxonomy_only,,0,0,0,44,False,834
120833,Chamaecyparis formosensis,species,taxon_matched_text,en,2180,1529,511,665,True,1455
121287,Emilia sonchifolia,species,taxon_matched_text,en,4393,3062,1101,1352,True,2142
121492,Ficus watkinsiana,species,taxon_matched_text,en,3414,3414,895,1071,True,1861
121588,Volvox,genus,taxon_matched_text,en,8732,8188,2254,2583,True,3373
121690,Quercus pagoda,species,taxon_matched_text,en,2629,2629,1343,1594,True,2384
121747,Arundinaria gigantea,species,taxon_matched_text,en,5648,5648,1707,1923,True,2713
121931,Picea rubens,species,taxon_matched_text,en,5094,5094,1386,1623,True,2413
121998,Pinaropappus roseus,species,taxon_matched_text,en,2890,2890,1030,1332,True,2122
122355,Aloe zebrina,species,taxon_matched_text,pt,908,908,183,302,True,1092
122526,Freycinetia,genus,taxon_matched_text,en,2777,2405,696,843,True,1633
122601,Pectis angustifolia,species,taxon_matched_text,en,686,686,139,245,True,1035
122709,Sadleria cyatheoides,species,taxon_matched_text,en,1029,1029,197,339,True,1129
122715,Melicope,genus,taxon_matched_text,en,10212,9980,5450,5666,True,6456
122771,Trigonella foenum-graecum,species,text_needs_scope_review,en,8105,6398,1991,2416,True,3206
122786,Castanea crenata,species,taxon_matched_text,en,1689,1689,452,615,True,1405
122834,Nigella sativa,species,taxon_matched_text,en,3574,3574,1067,1302,True,2092
122849,Phaseolus lunatus,species,taxon_matched_text,pt,8960,1344,604,767,True,1557
122903,Glycine,genus,taxon_matched_text,en,18152,15307,4611,5170,True,5960
122909,Asplenium bulbiferum,species,taxon_matched_text,en,1647,1647,581,730,True,1520
122974,Corylus maxima,species,taxon_matched_text,en,1587,1587,618,810,True,1600
122988,Anacardium occidentale,species,text_needs_scope_review,en,14212,11217,4046,4601,True,5391
122996,Illicium verum,species,taxon_matched_text,en,6272,4488,1408,1722,True,2512
123001,Garcinia mangostana,species,text_needs_scope_review,en,12841,11170,4328,4932,True,5722
123118,Leucophyllum frutescens,species,taxon_matched_text,en,1821,1577,377,517,True,1307
123199,Nuytsia floribunda,species,taxon_matched_text,es,6130,759,370,521,True,1311
123242,Dianella sandwicensis,species,taxon_matched_text,en,982,982,217,344,True,1134
123285,Nepenthes alata,species,taxon_matched_text,en,13932,13932,1174,1364,True,2154
123518,Mastocarpus jardinii,species,taxonomy_only,,0,0,0,43,False,833
123551,Nepenthes sanguinea,species,taxon_matched_text,en,3646,3646,259,355,True,1145
123577,Monochaetum vulcanicum,species,taxonomy_only,,0,0,0,44,False,834
123697,Ziziphus mauritiana,species,taxon_matched_text,en,12216,7886,3312,3703,True,4493
123757,Eucalyptus deglupta,species,taxon_matched_text,en,5484,4053,1257,1473,True,2263
123769,Lepidozia reptans,species,taxon_matched_text,en,255,255,27,125,True,915
124485,Scrophularia nodosa,species,taxon_matched_text,en,880,880,223,339,True,1129
124548,Lonicera xylosteum,species,taxon_matched_text,en,681,681,132,241,True,1031
124552,Potentilla argentea,species,taxon_matched_text,en,765,765,248,366,True,1156
124825,Dracaena cinnabari,species,taxon_matched_text,en,6120,5834,2546,2891,True,3681
124833,Caralluma,genus,taxon_matched_text,en,2006,2006,678,838,True,1628
124864,Prunus rivularis,species,taxon_matched_text,en,2704,2704,1170,1376,True,2166
125125,Xanthorrhoea australis,species,taxon_matched_text,en,2336,2336,943,1143,True,1933
125432,Paeonia × suffruticosa,hybrid,taxon_matched_text,en,4805,4805,2368,2699,True,3489
125675,Glandularia bipinnatifida,species,text_needs_scope_review,en,849,849,219,327,True,1117
126239,Melothria scabra,species,taxon_matched_text,en,6114,3998,864,1055,True,1845
126375,Vaccinium elliottii,species,taxon_matched_text,en,974,974,348,493,True,1283
126565,Helianthus debilis,species,taxon_matched_text,en,3658,2412,630,761,True,1551
126569,Stachytarpheta cayennensis,species,taxon_matched_text,en,3670,2743,805,945,True,1735
126584,Mimosa diplotricha,species,taxon_matched_text,en,3110,3110,1363,1594,True,2384
126698,Rhus copallinum,species,taxon_matched_text,en,4574,4574,1491,1749,True,2539
126850,Solanum quitoense,species,taxon_matched_text,en,3312,2312,852,1044,True,1834
126930,Daphne odora,species,taxon_matched_text,en,840,840,342,488,True,1278
126980,Plumbago zeylanica,species,taxon_matched_text,en,1404,1404,445,574,True,1364
127024,Isoetes lacustris,species,taxon_matched_text,en,809,809,86,171,True,961
127070,Salvia discolor,species,taxon_matched_text,en,577,577,219,309,True,1099
127151,Vicia acutifolia,species,taxon_matched_text,en,1218,1218,508,701,True,1491
127264,Zephyranthes atamasco,species,text_needs_scope_review,en,2122,2122,530,647,True,1437
127372,Sisyrinchium montanum,species,taxon_matched_text,en,1215,1215,289,406,True,1196
127427,Pleuridium acuminatum,species,taxonomy_only,,0,0,0,44,False,834
127558,Iris fulva,species,taxon_matched_text,en,8445,8445,3041,3563,True,4353
127684,Viola blanda,species,taxon_matched_text,en,491,491,166,268,True,1058
127868,Eucommia ulmoides,species,taxon_matched_text,en,2809,1360,558,708,True,1498
127936,Chiococca alba,species,taxon_matched_text,en,2626,2100,455,579,True,1369
127941,Callirhoe involucrata,species,taxon_matched_text,en,1060,1060,163,278,True,1068
128040,Viola cucullata,species,taxon_matched_text,en,1011,1011,288,424,True,1214
128506,Davidia involucrata,species,taxon_matched_text,en,3494,3494,999,1203,True,1993
128572,Anacolia menziesii,species,taxonomy_only,,0,0,0,46,False,836
128653,Ruellia caroliniensis,species,taxon_matched_text,en,1384,1384,462,625,True,1415
128700,Desmanthus,genus,taxon_matched_text,en,4314,4061,1558,1736,True,2526
128717,Erythrina herbacea,species,taxon_matched_text,en,2960,2960,877,1052,True,1842
128754,Berlandiera,genus,taxon_matched_text,en,2106,1745,486,598,True,1388
128798,Aronia melanocarpa,species,taxon_matched_text,en,1051,1051,310,444,True,1234
128808,Salix eriocephala,species,taxon_matched_text,en,621,621,96,195,True,985
128841,Rosa setigera,species,taxon_matched_text,en,1470,1470,627,772,True,1562
128854,Rubus cuneifolius,species,taxon_matched_text,en,1478,1478,380,518,True,1308
128909,Skimmia japonica,species,taxon_matched_text,en,2775,2775,1484,1671,True,2461
128974,Arum hygrophilum,species,taxon_matched_text,en,1490,1490,164,280,True,1070
128978,Callitris rhomboidea,species,taxon_matched_text,en,1650,1269,226,333,True,1123
129038,Petasites japonicus,species,taxon_matched_text,en,2313,2313,704,874,True,1664
129077,Erepsia,genus,taxon_matched_text,en,1244,996,546,674,True,1464
129178,Phormium cookianum,species,text_needs_scope_review,en,5788,5788,1212,1383,True,2173
129278,Verbena urticifolia,species,taxon_matched_text,en,961,961,298,434,True,1224
129322,Coreopsis verticillata,species,text_needs_scope_review,en,2142,2142,501,630,True,1420
129372,Dasylirion texanum,species,taxon_matched_text,en,545,545,201,336,True,1126
129505,Desmodium canadense,species,taxon_matched_text,en,1375,1375,217,324,True,1114
129717,Ficus sansibarica,species,taxon_matched_text,en,2069,2069,517,681,True,1471
129977,Viburnum prunifolium,species,taxon_matched_text,en,3443,2756,1125,1385,True,2175
130044,Ruellia strepens,species,taxon_matched_text,en,2046,2046,490,627,True,1417
130382,Heliopsis helianthoides,species,taxon_matched_text,en,1637,1637,385,515,True,1305
130717,Valeriana montana,species,taxon_matched_text,en,2391,1203,364,528,True,1318
130900,Menispermum canadense,species,taxon_matched_text,en,1603,1603,557,705,True,1495
131242,Canavalia rosea,species,taxon_matched_text,en,2031,1593,364,490,True,1280
131247,Ceratiola ericoides,species,taxon_matched_text,es,3831,853,450,615,True,1405
131328,Lophocladia,genus,taxonomy_only,,0,0,0,42,False,832
131560,Euphorbia hirta,species,taxon_matched_text,en,3573,3573,1122,1321,True,2111
131586,Colchicum autumnale,species,taxon_matched_text,en,3554,2716,519,665,True,1455
131601,Eugenia axillaris,species,taxon_matched_text,en,987,987,97,193,True,983
131610,Gymnadenia conopsea,species,taxon_matched_text,en,4304,2942,1645,1954,True,2744
131625,Symphytum tuberosum,species,taxon_matched_text,en,1255,1255,514,685,True,1475
131669,Cyathea dealbata,species,taxon_matched_text,pt,6933,337,91,178,True,968
131832,Spermacoce,genus,taxon_matched_text,en,3188,2097,803,921,True,1711
131848,Anthericum ramosum,species,taxon_matched_text,en,781,781,344,464,True,1254
132118,Veronica spicata,species,taxon_matched_text,en,512,512,142,257,True,1047
132584,Ficus natalensis,species,taxon_matched_text,en,1084,1084,236,347,True,1137
132674,Neckera pennata,species,taxon_matched_text,en,232,232,72,166,True,956
132717,Eutrochium fistulosum,species,taxon_matched_text,en,1127,1127,343,464,True,1254
132723,Tetraneuris scaposa,species,taxon_matched_text,en,1226,1226,221,331,True,1121
132798,Sphagnum tenellum,species,taxon_matched_text,en,419,419,153,273,True,1063
132821,Sphagnum angustifolium,species,taxon_matched_text,en,12022,12022,5167,5800,True,6590
133092,Grindelia lanceolata,species,taxon_matched_text,en,668,668,215,333,True,1123
133176,Quercus humboldtii,species,taxon_matched_text,en,1590,1590,475,592,True,1382
133231,Verbascum lychnitis,species,taxon_matched_text,en,1849,1849,330,467,True,1257
133240,Ilex crenata,species,taxon_matched_text,en,3978,1698,461,592,True,1382
133252,Linaria repens,species,taxon_matched_text,en,1005,1005,354,516,True,1306
133309,Ixora coccinea,species,taxon_matched_text,en,1711,1711,670,843,True,1633
133336,Halodule wrightii,species,taxon_matched_text,en,3759,3759,602,786,True,1576
133352,Malus hupehensis,species,taxon_matched_text,en,1190,1190,196,344,True,1134
133373,Stewartia pseudocamellia,species,taxon_matched_text,en,2111,2111,702,865,True,1655
133382,Amelanchier canadensis,species,taxon_matched_text,en,3155,3155,1124,1350,True,2140
133386,Taxus cuspidata,species,taxon_matched_text,en,4413,3922,1042,1301,True,2091
133392,Clematis recta,species,taxon_matched_text,en,836,836,152,263,True,1053
133437,Gaillardia aestivalis,species,taxon_matched_text,en,1003,1003,309,417,True,1207
133487,Bistorta officinalis,species,taxon_matched_text,en,3813,2282,843,1053,True,1843
133556,Macaranga,genus,taxon_matched_text,en,7336,1818,599,736,True,1526
133922,Erigeron peregrinus,species,taxon_matched_text,en,1144,1144,246,361,True,1151
134209,Ternstroemia,genus,taxon_matched_text,en,2442,2175,929,1075,True,1865
135188,Artemisia indica,species,taxon_matched_text,en,1164,1164,246,349,True,1139
135226,Pyrrhopappus pauciflorus,species,taxon_matched_text,en,2005,2005,619,817,True,1607
135333,Morus macroura,species,taxon_matched_text,en,1836,1836,202,298,True,1088
135366,Tristaniopsis laurina,species,taxon_matched_text,en,726,726,262,388,True,1178
135403,Luehea divaricata,species,taxon_matched_text,en,4331,876,140,243,True,1033
135426,Camptotheca acuminata,species,taxon_matched_text,en,2357,1240,286,414,True,1204
135513,Stangeria eriopus,species,taxon_matched_text,pt,6108,1003,644,820,True,1610
135518,Tsuga diversifolia,species,taxon_matched_text,en,1127,1127,330,437,True,1227
135546,Saxegothaea conspicua,species,text_needs_scope_review,en,5725,1558,518,646,True,1436
135618,Podocarpus elatus,species,taxon_matched_text,en,1265,1265,263,379,True,1169
135647,Podocarpus salignus,species,taxon_matched_text,en,1788,1365,612,750,True,1540
135652,Pinus roxburghii,species,taxon_matched_text,en,3325,2833,1703,2001,True,2791
135668,Pinus wallichiana,species,taxon_matched_text,en,2041,1658,512,677,True,1467
135676,Pinus teocote,species,taxon_matched_text,en,885,441,97,193,True,983
135678,Podocarpus acutifolius,species,taxon_matched_text,en,1146,771,190,320,True,1110
135723,Prumnopitys andina,species,taxon_matched_text,en,2745,2438,518,656,True,1446
135727,Pinus mugo,species,taxon_matched_text,en,4323,3754,1099,1340,True,2130
135746,Pinus ayacahuite,species,taxon_matched_text,en,2242,1811,638,779,True,1569
135789,Pinus morrisonicola,species,taxon_matched_text,en,1800,1196,304,414,True,1204
135808,Pinus bungeana,species,taxon_matched_text,en,2533,2132,778,978,True,1768
135809,Pinus caribaea,species,taxon_matched_text,pt,3990,849,287,420,True,1210
135849,Macrozamia moorei,species,taxon_matched_text,en,823,823,183,310,True,1100
135854,Macrozamia riedlei,species,taxon_matched_text,en,5436,5436,2307,2609,True,3399
135855,Macrozamia spiralis,species,taxon_matched_text,en,2520,2520,894,1051,True,1841
135888,Juniperus thurifera,species,taxon_matched_text,en,1952,1512,420,574,True,1364
135904,Nageia nagi,species,taxon_matched_text,en,1806,1380,380,523,True,1313
135930,Encephalartos woodii,species,taxon_matched_text,en,5837,5430,1879,2132,True,2922
135939,Encephalartos middelburgensis,species,taxon_matched_text,en,1285,1285,705,887,True,1677
135940,Encephalartos msinganus,species,taxon_matched_text,en,558,558,234,353,True,1143
135943,Encephalartos pterogonus,species,taxon_matched_text,en,695,695,230,365,True,1155
135948,Encephalartos ngoyanus,species,taxon_matched_text,en,592,592,154,256,True,1046
135949,Encephalartos paucidentatus,species,taxon_matched_text,en,1012,1012,328,488,True,1278
135955,Encephalartos umbeluziensis,species,taxon_matched_text,en,636,636,209,314,True,1104
135966,Encephalartos septentrionalis,species,taxon_matched_text,en,796,796,261,392,True,1182
136016,Cycas pectinata,species,taxon_matched_text,en,3219,2495,767,943,True,1733
136020,Cycas sexseminifera,species,taxon_matched_text,en,1094,374,47,147,True,937
136081,Dioon califanoi,species,taxon_matched_text,en,720,720,106,203,True,993
136089,Encephalartos aemulans,species,taxon_matched_text,en,651,651,312,424,True,1214
136100,Encephalartos bubalinus,species,taxon_matched_text,en,614,614,191,293,True,1083
136105,Encephalartos hirsutus,species,taxon_matched_text,en,1106,1106,443,562,True,1352
136107,Encephalartos laevifolius,species,taxon_matched_text,en,878,878,287,401,True,1191
136112,Encephalartos ghellinckii,species,taxon_matched_text,en,1836,1836,602,747,True,1537
136117,Encephalartos cycadifolius,species,taxon_matched_text,en,781,781,277,385,True,1175
136119,Dioon angustifolium,species,taxon_matched_text,en,467,467,64,164,True,954
136121,Cycas petraea,species,taxon_matched_text,en,851,372,54,150,True,940
136152,Cupressus cashmeriana,species,taxon_matched_text,en,1820,1820,787,966,True,1756
136188,Cycas bougainvilleana,species,taxon_matched_text,en,1415,810,334,466,True,1256
136197,Cycas media,species,taxon_matched_text,en,1577,890,342,443,True,1233
136271,Araucaria rulei,species,taxon_matched_text,en,926,926,332,427,True,1217
136304,Abies firma,species,taxon_matched_text,en,2644,1275,469,590,True,1380
136358,Fernandoa magnifica,species,taxonomy_only,,0,0,0,37,False,827
136383,Oenothera tetragona,species,taxon_matched_text,en,1252,1252,80,167,True,957
136891,Abies koreana,species,taxon_matched_text,en,1978,1978,562,692,True,1482
136897,Abies religiosa,species,taxon_matched_text,en,2773,2773,824,988,True,1778
137325,Microlepia platyphylla,species,taxonomy_only,,0,0,0,45,False,835
137652,Dryopteris sieboldii,species,taxon_matched_text,en,517,517,47,136,True,926
138200,Anemia phyllitidis,species,taxonomy_only,,0,0,0,43,False,833
138796,Mimosa bimucronata,species,taxon_matched_text,pt,564,564,26,118,True,908
139204,Diphysa,genus,taxon_matched_text,en,1564,1337,313,445,True,1235
139523,Cassia ferruginea,species,taxon_matched_text,en,2459,667,85,182,True,972
140364,Trichoglottis smithii,species,taxonomy_only,,0,0,0,45,False,835
140505,Oncidium tigrinum,species,taxonomy_only,,0,0,0,43,False,833
140709,Dendrobium aphyllum,species,taxon_matched_text,en,1187,1187,52,141,True,931
141298,Pitcairnia,genus,taxon_matched_text,en,15685,14316,8420,8583,True,9373
141359,Caryota urens,species,taxon_matched_text,en,5799,2579,923,1130,True,1920
141394,Homalomena,genus,taxon_matched_text,en,1783,1372,204,327,True,1117
141488,Cryptocoryne,genus,taxon_matched_text,en,4459,3882,2249,2505,True,3295
141628,Annona senegalensis,species,taxon_matched_text,en,2852,2852,1340,1602,True,2392
141634,Leonotis nepetifolia,species,taxon_matched_text,en,4304,2795,677,857,True,1647
142339,Greigia,genus,taxon_matched_text,en,2080,1430,629,732,True,1522
142472,Gomesa,genus,taxon_matched_text,en,8995,5120,2776,2899,True,3689
142791,Campanula lasiocarpa,species,taxon_matched_text,en,459,459,72,160,True,950
142824,Athyrium niponicum,species,taxon_matched_text,en,1238,1238,273,412,True,1202
142928,Pachysandra terminalis,species,taxon_matched_text,en,1619,1619,537,694,True,1484
143780,Acer tataricum,species,taxon_matched_text,en,2803,2045,685,822,True,1612
143781,Cotinus obovatus,species,taxon_matched_text,en,1101,1101,261,356,True,1146
145537,Ranunculus lanuginosus,species,taxon_matched_text,en,1960,1960,656,839,True,1629
146617,Commelina tuberosa,species,taxon_matched_text,en,990,990,307,406,True,1196
146883,Begonia gracilis,species,taxon_matched_text,en,620,620,44,129,True,919
147260,Crescentia alata,species,taxon_matched_text,en,2028,1242,550,688,True,1478
147922,Columnea,genus,taxon_matched_text,en,8028,6895,3441,3700,True,4490
148049,Artemisia filifolia,species,taxon_matched_text,en,2678,2678,764,918,True,1708
148405,Escobaria vivipara,species,text_needs_scope_review,en,4567,4567,989,1145,True,1935
148950,Elymus caninus,species,taxon_matched_text,en,3094,1903,598,723,True,1513
152972,Ulva fenestrata,species,taxonomy_only,,0,0,0,41,False,831
153890,Microsorum punctatum,species,taxon_matched_text,en,1321,1321,456,582,True,1372
154014,Sedum oxypetalum,species,taxon_matched_text,en,464,464,74,172,True,962
154027,Buddleja cordata,species,taxon_matched_text,en,1188,1188,355,469,True,1259
154182,Drepanocladus aduncus,species,taxon_matched_text,de,811,811,284,413,True,1203
154195,Physcomitrium pyriforme,species,taxon_matched_text,en,403,403,81,169,True,959
154323,Hypericum majus,species,taxon_matched_text,en,2460,2460,1168,1343,True,2133
154339,Mylia,genus,taxon_matched_text,en,515,515,188,305,True,1095
154466,Alpinia purpurata,species,taxon_matched_text,en,2454,1739,750,866,True,1656
154537,Psidium guineense,species,taxon_matched_text,en,3514,2340,647,822,True,1612
154544,Cunila,genus,taxon_matched_text,en,1968,1081,380,475,True,1265
154798,Bromelia pinguin,species,taxon_matched_text,en,2949,1519,230,336,True,1126
154979,Mauritia flexuosa,species,taxon_matched_text,en,4995,2567,773,960,True,1750
155170,Copernicia prunifera,species,taxon_matched_text,en,7467,3826,1584,1828,True,2618
155626,Alvaradoa amorphoides,species,taxon_matched_text,en,1855,413,49,140,True,930
155794,Tordylium apulum,species,taxon_matched_text,en,2717,1520,944,1176,True,1966
155914,Thladiantha,genus,taxon_matched_text,en,1378,1057,464,593,True,1383
155961,Streblus,genus,taxon_matched_text,en,1394,1156,435,555,True,1345
155985,Stokesia,genus,taxon_matched_text,pt,263,263,145,259,True,1049
156141,Sciuro-hypnum populeum,species,taxon_matched_text,de,1110,1110,592,737,True,1527
156142,Sciuro-hypnum plumosum,species,taxon_matched_text,de,1138,1138,656,790,True,1580
156178,Antidesma,genus,taxon_matched_text,en,5760,4917,3470,3669,True,4459
156306,Blindia,genus,taxon_matched_text,de,983,983,269,389,True,1179
156382,Pterygoneurum,genus,taxon_matched_text,en,297,297,71,179,True,969
156407,Pterolepis,genus,taxon_matched_text,pt,224,224,112,231,True,1021
156464,Pseudogynoxys,genus,taxon_matched_text,en,1737,1444,375,474,True,1264
156564,Pritchardia,genus,taxon_matched_text,en,3628,3396,1288,1468,True,2258
156595,Pityopsis,genus,taxon_matched_text,en,1464,1212,307,405,True,1195
156599,Pinellia,genus,taxon_matched_text,en,2260,1599,600,711,True,1501
156632,Periploca,genus,taxon_matched_text,pt,2462,866,359,514,True,1304
156732,Myrcianthes,genus,taxon_matched_text,en,2504,2268,825,926,True,1716
157052,Cyclanthera,genus,taxon_matched_text,en,1493,695,50,134,True,924
157134,Cnidium,genus,taxon_matched_text,en,795,543,139,234,True,1024
157153,Claoxylon,genus,taxon_matched_text,en,7417,4714,4034,4562,True,5352
157500,Heimia myrtifolia,species,taxon_matched_text,pt,1244,1244,262,434,True,1224
157648,Hippophae,genus,taxon_matched_text,en,7828,6155,2225,2605,True,3395
157675,Lescuraea,genus,taxonomy_only,,0,0,0,40,False,830
157719,Carpobrotus aequilaterus,species,taxon_matched_text,en,931,931,190,304,True,1094
157893,Acalypha gracilens,species,taxon_matched_text,en,3170,2359,963,1164,True,1954
158076,Agastache foeniculum,species,taxon_matched_text,en,2215,2215,617,786,True,1576
158087,Agave chrysantha,species,taxon_matched_text,en,542,542,48,136,True,926
158090,Agave desmetiana,species,taxonomy_only,,0,0,0,39,False,829
158105,Agave weberi,species,taxon_matched_text,en,1883,1883,547,691,True,1481
158108,Ageratina havanensis,species,taxon_matched_text,en,1148,1148,141,238,True,1028
158118,Aglaonema commutatum,species,taxon_matched_text,en,1057,1057,350,455,True,1245
158251,Amaranthus polygonoides,species,taxon_matched_text,en,697,697,161,262,True,1052
158286,Amorpha canescens,species,taxon_matched_text,en,2672,2672,713,839,True,1629
158345,Andreaea rothii,species,taxon_matched_text,en,1505,1505,351,470,True,1260
158346,Andreaea rupestris,species,taxon_matched_text,en,5337,5337,1279,1493,True,2283
158385,Anisacanthus puberulus,species,taxonomy_only,,0,0,0,47,False,837
158459,Aquilegia brevistyla,species,taxon_matched_text,en,1092,1092,465,583,True,1373
158463,Aquilegia flavescens,species,taxon_matched_text,en,1749,1749,517,677,True,1467
158549,Aralia elata,species,taxon_matched_text,en,2113,1676,411,603,True,1393
158721,Artemisia scoparia,species,taxon_matched_text,en,6879,6879,2766,3236,True,4026
158724,Artemisia stelleriana,species,taxon_matched_text,en,1491,1491,471,609,True,1399
158728,Arthrostemma ciliatum,species,taxon_matched_text,en,753,753,234,350,True,1140
158924,Astragalus leptocarpus,species,taxonomy_only,,0,0,0,43,False,833
159049,Asystasia gangetica,species,taxon_matched_text,en,3774,2752,551,706,True,1496
159077,Atriplex littoralis,species,taxon_matched_text,en,1018,1018,316,444,True,1234
159088,Atriplex tatarica,species,taxon_matched_text,en,893,893,522,643,True,1433
159143,Bambusa multiplex,species,taxon_matched_text,en,2742,2742,195,297,True,1087
159164,Barbilophozia lycopodioides,species,taxon_matched_text,de,986,986,519,664,True,1454
159191,Basella alba,species,taxon_matched_text,en,4582,2829,1217,1421,True,2211
159197,Bauhinia galpinii,species,taxon_matched_text,en,1213,1213,500,670,True,1460
159205,Begonia foliosa,species,taxon_matched_text,en,1763,527,145,239,True,1029
159206,Begonia hirtella,species,taxon_matched_text,en,1347,802,138,224,True,1014
159317,Bothriochloa bladhii,species,taxon_matched_text,en,1719,1719,220,349,True,1139
159413,Brassia caudata,species,taxon_matched_text,en,981,981,82,171,True,961
159473,Bromus riparius,species,taxon_matched_text,en,209,209,28,123,True,913
159495,Brunnichia ovata,species,taxon_matched_text,es,3355,990,539,685,True,1475
159534,Bryum gemmiparum,species,taxonomy_only,,0,0,0,42,False,832
159585,Buddleja asiatica,species,taxon_matched_text,en,2152,2152,510,638,True,1428
159659,Callicladium haldaneanum,species,text_needs_scope_review,en,864,864,425,543,True,1333
159776,Campylium stellatum,species,taxon_matched_text,en,257,257,27,125,True,915
159779,Campyloneurum phyllitidis,species,taxon_matched_text,en,2025,2025,426,597,True,1387
159906,Carex caryophyllea,species,taxon_matched_text,en,1629,347,99,188,True,978
160235,Catalpa ovata,species,taxon_matched_text,en,1743,1743,415,527,True,1317
160242,Caucalis platycarpos,species,taxon_matched_text,pt,3212,1270,265,439,True,1229
160282,Centaurea triumfettii,species,taxon_matched_text,en,2109,776,249,373,True,1163
160343,Cerastium semidecandrum,species,taxon_matched_text,en,4888,3434,1362,1594,True,2384
160385,Chamaedorea seifrizii,species,taxon_matched_text,en,1584,1584,408,548,True,1338
160463,Chasmanthium laxum,species,taxonomy_only,,0,0,0,42,False,832
160656,Citharexylum spinosum,species,taxon_matched_text,en,1113,1113,211,323,True,1113
160830,Conioselinum gmelinii,species,taxonomy_only,,0,0,0,44,False,834
160839,Consolida orientalis,species,taxon_matched_text,pt,1196,1196,288,454,True,1244
160868,Corchorus olitorius,species,taxon_matched_text,en,6400,6400,2386,2710,True,3500
160873,Cordia boissieri,species,taxon_matched_text,en,3369,1651,393,527,True,1317
160941,Cosmos caudatus,species,taxon_matched_text,en,1944,1832,365,507,True,1297
160942,Cosmos parviflorus,species,taxon_matched_text,en,1358,1358,439,609,True,1399
161116,Crepis biennis,species,taxon_matched_text,en,799,799,113,209,True,999
161246,Cucumis anguria,species,taxon_matched_text,en,4075,2347,616,783,True,1573
161460,Cyperus lupulinus,species,taxon_matched_text,en,858,858,273,390,True,1180
161477,Cyperus prolifer,species,taxon_matched_text,en,411,411,44,127,True,917
161485,Cyperus retrorsus,species,taxon_matched_text,en,1786,519,142,240,True,1030
161579,Cytisus villosus,species,taxon_matched_text,es,2236,2236,1437,1656,True,2446
161637,Dasypyrum villosum,species,taxon_matched_text,en,1372,1372,187,296,True,1086
161664,Delphinium elatum,species,taxon_matched_text,en,1609,1609,370,519,True,1309
161820,Dichodontium pellucidum,species,taxon_matched_text,en,193,193,26,125,True,915
161821,Dichondra argentea,species,taxon_matched_text,en,987,987,433,581,True,1371
161873,Dicranum undulatum,species,taxonomy_only,,0,0,0,41,False,831
161950,Diplazium esculentum,species,taxon_matched_text,en,2184,2184,445,605,True,1395
162154,Dyckia brevifolia,species,taxon_matched_text,en,610,610,92,192,True,982
162167,Echinacea angustifolia,species,taxon_matched_text,en,2315,2315,826,1040,True,1830
162187,Echinocereus reichenbachii,species,taxon_matched_text,en,8628,3870,1458,1674,True,2464
162201,Echinops exaltatus,species,taxon_matched_text,en,633,633,138,233,True,1023
162314,Encalypta vulgaris,species,text_needs_scope_review,de,1136,1136,521,663,True,1453
162338,Entosthodon attenuatus,species,taxonomy_only,,0,0,0,42,False,832
162355,Epidendrum nocturnum,species,taxon_matched_text,en,1548,1127,218,339,True,1129
162418,Eranthemum pulchellum,species,taxon_matched_text,en,650,650,209,327,True,1117
162425,Eremochloa ophiuroides,species,taxon_matched_text,en,832,832,221,342,True,1132
162697,Eryngium amethystinum,species,taxon_matched_text,en,406,406,134,223,True,1013
162750,Eucalyptus crebra,species,taxon_matched_text,en,6493,3022,796,933,True,1723
162757,Eucalyptus paniculata,species,taxon_matched_text,en,4859,2180,631,760,True,1550
162820,Euphorbia epithymoides,species,taxon_matched_text,en,2192,2192,668,830,True,1620
162922,Exochorda racemosa,species,taxon_matched_text,en,1172,1172,275,418,True,1208
163002,Fissidens exilis,species,taxon_matched_text,en,195,195,26,125,True,915
163064,Fossombronia foveolata,species,taxon_matched_text,en,322,322,31,133,True,923
163078,Fraxinus berlandieriana,species,taxon_matched_text,en,821,821,84,182,True,972
163222,Genista tinctoria,species,taxon_matched_text,en,1738,1738,310,457,True,1247
163237,Gentiana villosa,species,taxon_matched_text,en,1296,1296,399,522,True,1312
163313,Glandularia chiricahensis,species,text_needs_scope_review,en,550,550,172,284,True,1074
163391,Grimmia lisae,species,taxonomy_only,,0,0,0,41,False,831
163451,Gymnocladus dioicus,species,text_needs_scope_review,en,7896,7896,3389,3835,True,4625
163469,Gymnostomum calcareum,species,taxon_matched_text,en,257,257,26,129,True,919
163478,Gypsophila repens,species,taxon_matched_text,en,1030,1030,188,289,True,1079
163502,Haematoxylum campechianum,species,taxon_matched_text,en,3023,2577,720,865,True,1655
163531,Hechtia glomerata,species,taxon_matched_text,en,1067,1067,65,161,True,951
163626,Helianthus praecox,species,taxon_matched_text,en,1050,1050,218,324,True,1114
163640,Heliconia latispatha,species,taxon_matched_text,en,683,683,108,198,True,988
163770,Hibiscus mutabilis,species,taxon_matched_text,en,4877,1994,716,891,True,1681
163869,Hydrocleys nymphoides,species,taxon_matched_text,en,1033,1033,95,185,True,975
163872,Hydrocotyle bowlesioides,species,taxonomy_only,,0,0,0,46,False,836
163904,Hygrophila polysperma,species,taxon_matched_text,en,1241,1241,356,467,True,1257
163978,Hypericum maculatum,species,taxon_matched_text,en,740,740,286,394,True,1184
164037,Ilex coriacea,species,taxon_matched_text,en,828,828,131,233,True,1023
164081,Ipomoea carnea,species,taxon_matched_text,en,2616,1690,345,471,True,1261
164133,Iris sanguinea,species,taxon_matched_text,en,6292,6292,2527,3043,True,3833
164230,Jasminum multiflorum,species,taxon_matched_text,en,996,996,264,383,True,1173
164242,Jatropha multifida,species,taxon_matched_text,en,1212,700,83,167,True,957
164258,Juncus compressus,species,taxon_matched_text,en,1845,621,259,377,True,1167
164332,Kalanchoe marmorata,species,taxon_matched_text,en,1970,1667,704,892,True,1682
164356,Koelreuteria elegans,species,taxon_matched_text,en,1494,1494,257,377,True,1167
164369,Krigia cespitosa,species,taxon_matched_text,en,1067,1067,135,234,True,1024
164420,Lampranthus coccineus,species,taxon_matched_text,en,570,570,181,281,True,1071
164424,Lantana trifolia,species,taxon_matched_text,es,898,898,750,965,True,1755
164486,Lejeunea flava,species,taxonomy_only,,0,0,0,40,False,830
164517,Lepidium graminifolium,species,taxon_matched_text,en,712,407,137,238,True,1028
164527,Lepidium sativum,species,taxon_matched_text,pt,4058,1016,685,891,True,1681
164671,Leymus arenarius,species,taxon_matched_text,en,2396,2396,902,1073,True,1863
164763,Lonicera fragrantissima,species,taxon_matched_text,en,1277,1277,486,601,True,1391
164853,Ludwigia erecta,species,taxonomy_only,,0,0,0,44,False,834
164985,Lygodium japonicum,species,taxon_matched_text,en,1876,1876,560,706,True,1496
165009,Lysimachia mauritiana,species,taxon_matched_text,en,348,348,126,229,True,1019
165075,Magnolia macrophylla,species,taxon_matched_text,en,2370,2370,881,1046,True,1836
165107,Malus ioensis,species,taxon_matched_text,en,750,750,128,231,True,1021
165173,Marsupella funckii,species,taxon_matched_text,de,654,654,332,453,True,1243
165288,Melilotus elegans,species,taxon_matched_text,en,1602,336,110,207,True,997
165364,Metzgeria leptoneura,species,taxonomy_only,,0,0,0,43,False,833
165522,Montanoa hibiscifolia,species,taxon_matched_text,en,1540,1540,469,624,True,1414
165586,Muntingia calabura,species,taxon_matched_text,pt,4322,420,286,392,True,1182
165596,Myoporum sandwicense,species,taxon_matched_text,en,3247,3247,1071,1267,True,2057
165682,Nephrolepis biserrata,species,taxon_matched_text,en,1361,1361,602,739,True,1529
165683,Nephrolepis falcata,species,taxonomy_only,,0,0,0,43,False,833
165694,Nertera granadensis,species,taxon_matched_text,en,1674,1674,490,616,True,1406
165769,Ocimum gratissimum,species,taxon_matched_text,en,4923,2175,354,489,True,1279
165773,Odontonema cuspidatum,species,taxon_matched_text,en,361,361,65,152,True,942
165780,Odontoschisma sphagni,species,taxon_matched_text,en,838,838,320,441,True,1231
165782,Oenanthe aquatica,species,taxon_matched_text,en,4634,4634,1975,2314,True,3104
165862,Ophiopogon jaburan,species,taxonomy_only,,0,0,0,41,False,831
166056,Palafoxia hookeriana,species,taxonomy_only,,0,0,0,42,False,832
166093,Panicum philadelphicum,species,taxonomy_only,,0,0,0,40,False,830
166221,Pavonia spinifex,species,taxonomy_only,,0,0,0,40,False,830
166541,Petalophyllum ralfsii,species,taxon_matched_text,en,1063,1063,420,538,True,1328
166545,Petiveria alliacea,species,taxon_matched_text,es,7085,2969,1467,1728,True,2518
166651,Philadelphus inodorus,species,taxonomy_only,,0,0,0,42,False,832
166659,Philadelphus pubescens,species,taxon_matched_text,en,336,336,65,152,True,942
166677,Phlebodium pseudoaureum,species,text_needs_scope_review,en,1294,1294,94,181,True,971
166736,Photinia davidiana,species,taxon_matched_text,en,771,771,206,319,True,1109
166742,Phragmites karka,species,taxon_matched_text,en,1838,1838,399,598,True,1388
166762,Phyllostachys aureosulcata,species,taxon_matched_text,en,3419,3419,885,1072,True,1862
166873,Pilea nummulariifolia,species,taxon_matched_text,en,433,433,47,138,True,928
166880,Pimpinella saxifraga,species,taxon_matched_text,en,664,664,263,383,True,1173
166988,Plagiomnium ellipticum,species,taxonomy_only,,0,0,0,43,False,833
167272,Polyscias guilfoylei,species,taxon_matched_text,en,685,685,228,339,True,1129
167273,Polyscias scutellaria,species,taxon_matched_text,en,634,634,152,260,True,1050
167461,Prunus glandulosa,species,taxon_matched_text,en,1083,1083,215,321,True,1111
167473,Prunus triloba,species,taxon_matched_text,en,900,900,144,248,True,1038
167479,Pseudocrossidium hornschuchianum,species,taxon_matched_text,de,1093,1093,512,643,True,1433
167516,Psilotum complanatum,species,taxon_matched_text,en,1029,1029,368,475,True,1265
167640,Quercus buckleyi,species,taxon_matched_text,en,1235,1235,216,332,True,1122
167675,Racomitrium affine,species,taxonomy_only,,0,0,0,41,False,831
167676,Racomitrium aquaticum,species,taxonomy_only,,0,0,0,44,False,834
167679,Racomitrium canescens,species,text_needs_scope_review,de,1635,1635,752,883,True,1673
167724,Ranunculus gmelinii,species,taxon_matched_text,en,725,725,228,347,True,1137
167738,Ranunculus macranthus,species,taxonomy_only,,0,0,0,40,False,830
167809,Rhodobryum roseum,species,taxon_matched_text,en,833,833,349,456,True,1246
167810,Rhododendron austrinum,species,taxon_matched_text,en,940,940,252,368,True,1158
167978,Rosa cinnamomea,species,text_needs_scope_review,en,948,948,201,303,True,1093
167996,Rosa villosa,species,taxon_matched_text,en,1899,726,124,235,True,1025
168200,Rudbeckia grandiflora,species,taxon_matched_text,en,736,736,221,360,True,1150
168242,Rumex maritimus,species,taxon_matched_text,en,1399,1399,511,626,True,1416
168249,Rumex pseudonatronatus,species,taxon_matched_text,en,880,880,229,324,True,1114
168257,Sabal mexicana,species,taxon_matched_text,en,2507,2507,654,786,True,1576
168286,Sageretia thea,species,taxon_matched_text,es,1555,1555,777,968,True,1758
168291,Sagina nodosa,species,taxon_matched_text,en,1555,414,66,149,True,939
168343,Salix myrsinifolia,species,taxon_matched_text,en,1391,1391,84,173,True,963
168439,Sarracenia oreophila,species,taxon_matched_text,en,2661,2661,1220,1458,True,2248
168651,Scleranthus perennis,species,taxon_matched_text,en,1752,546,328,498,True,1288
168700,Scrophularia umbrosa,species,text_needs_scope_review,en,4392,4392,1633,1891,True,2681
168847,Senna occidentalis,species,taxon_matched_text,en,5299,4712,968,1131,True,1921
168863,Sesbania grandiflora,species,taxon_matched_text,en,2796,2509,1058,1275,True,2065
168922,Sida acuta,species,taxon_matched_text,en,1985,1985,984,1390,True,2180
169050,Solandra grandiflora,species,taxon_matched_text,en,750,750,222,318,True,1108
169212,Sphagnum inundatum,species,taxon_matched_text,en,202,202,26,127,True,917
169232,Sphagnum riparium,species,taxon_matched_text,de,3328,3328,994,1167,True,1957
169253,Spiraea salicifolia,species,taxon_matched_text,en,1836,1836,170,268,True,1058
169256,Spiraea trilobata,species,taxon_matched_text,en,422,422,84,173,True,963
169442,Swietenia macrophylla,species,taxon_matched_text,en,9014,4838,1229,1479,True,2269
169496,Symphytum asperum,species,taxon_matched_text,en,476,476,106,193,True,983
169499,Syncarpia glomulifera,species,taxon_matched_text,en,2555,2555,1223,1411,True,2201
169521,Tabernaemontana divaricata,species,taxon_matched_text,en,4142,2018,362,475,True,1265
169570,Taxodium ascendens,species,taxon_matched_text,en,3919,2659,1036,1231,True,2021
169577,Tecoma castanifolia,species,taxon_matched_text,en,490,490,30,119,True,909
169662,Thalictrum minus,species,taxon_matched_text,en,1879,565,174,270,True,1060
169744,Thymelaea passerina,species,taxon_matched_text,en,2445,1165,220,319,True,1109
169751,Thymus pannonicus,species,taxon_matched_text,en,1710,1710,813,960,True,1750
169793,Torenia fournieri,species,taxon_matched_text,en,367,367,71,157,True,947
169794,Torilis leptophylla,species,taxon_matched_text,en,1481,294,108,309,True,1099
169801,Tortella humilis,species,taxonomy_only,,0,0,0,40,False,830
169802,Tortella inclinata,species,taxon_matched_text,de,1132,1132,510,648,True,1438
169899,Tragus racemosus,species,taxon_matched_text,en,1949,1949,736,935,True,1725
170044,Triumfetta rhomboidea,species,taxon_matched_text,en,1074,1074,178,289,True,1079
170076,Urochloa mutica,species,taxon_matched_text,en,2874,2874,811,964,True,1754
170103,Vaccinium formosum,species,taxon_matched_text,en,977,977,326,467,True,1257
170112,Valeriana dioica,species,taxon_matched_text,en,2617,1398,367,534,True,1324
170140,Verbascum phlomoides,species,taxon_matched_text,en,3293,1473,148,247,True,1037
170192,Veronica longifolia,species,taxon_matched_text,en,703,703,149,254,True,1044
170202,Viburnum obovatum,species,taxon_matched_text,en,483,483,163,253,True,1043
170273,Vitex negundo,species,taxon_matched_text,en,6045,2736,1036,1228,True,2018
170276,Vitis monticola,species,taxon_matched_text,en,319,319,55,139,True,929
170285,Wahlenbergia marginata,species,taxonomy_only,,0,0,0,41,False,831
170391,Yucca pallida,species,taxon_matched_text,en,1241,1241,267,380,True,1170
170396,Yucca thompsoniana,species,taxon_matched_text,en,844,844,190,299,True,1089
170408,Zanthoxylum simulans,species,taxon_matched_text,en,1338,1338,390,527,True,1317
170422,Zephyranthes rosea,species,taxon_matched_text,en,5169,5169,1154,1413,True,2203
170457,Zygodon viridissimus,species,taxon_matched_text,en,284,284,35,135,True,925
170720,Equisetum × litorale,hybrid,text_needs_scope_review,de,1459,1459,454,593,True,1383
170852,Lonicera × heckrottii,hybrid,taxon_matched_text,en,458,458,114,226,True,1016
170961,Potamogeton × sparganiifolius,hybrid,taxonomy_only,,0,0,0,47,False,837
171089,Rosa × rehderiana,hybrid,taxonomy_only,,0,0,0,42,False,832
171119,Silene × hampeana,hybrid,taxonomy_only,,0,0,0,41,False,831
171214,Yucca × karlsruhensis,hybrid,taxonomy_only,,0,0,0,48,False,838
179908,Prunus speciosa,species,taxon_matched_text,en,2429,2429,884,1071,True,1861
180413,Rhododendron groenlandicum,species,taxon_matched_text,en,2976,2976,911,1099,True,1889
180775,Moussonia deppeana,species,taxonomy_only,,0,0,0,45,False,835
181060,Ocimum tenuiflorum,species,taxon_matched_text,en,4936,4936,1170,1416,True,2206
181280,Rothmannia,genus,taxon_matched_text,en,2370,2005,780,933,True,1723
181595,Euphorbia rigida,species,taxon_matched_text,en,969,969,296,432,True,1222
181924,Symphytum × uplandicum,hybrid,taxon_matched_text,en,7152,2760,1307,1556,True,2346
182051,Sorocea bonplandii,species,taxon_matched_text,es,1458,1458,975,1148,True,1938
182191,Withania somnifera,species,taxon_matched_text,en,8511,4753,1198,1449,True,2239
182984,Audouinella,genus,taxon_matched_text,en,1942,1003,373,521,True,1311
183054,Cystoclonium purpureum,species,taxonomy_only,,0,0,0,43,False,833
183060,Agardhiella subulata,species,taxonomy_only,,0,0,0,44,False,834
183076,Callithamnion corymbosum,species,taxonomy_only,,0,0,0,49,False,839
183101,Spyridia filamentosa,species,taxonomy_only,,0,0,0,41,False,831
183154,Rhodomela confervoides,species,taxon_matched_text,en,267,267,28,130,True,920
183448,Exacum affine,species,taxon_matched_text,en,712,712,149,241,True,1031
183848,Debregeasia,genus,taxon_matched_text,en,956,695,310,408,True,1198
184498,Buchanania,genus,taxon_matched_text,en,3685,3401,1350,1498,True,2288
185515,Greyia radlkoferi,species,taxon_matched_text,en,357,357,120,220,True,1010
185693,Nautilocalyx,genus,taxon_matched_text,en,2259,1431,888,1049,True,1839
186128,Lithodora fruticosa,species,taxon_matched_text,en,899,899,213,325,True,1115
186637,Wimmeria,genus,taxon_matched_text,en,1645,1437,277,381,True,1171
186781,Tephrocactus,genus,taxon_matched_text,en,896,896,180,291,True,1081
189108,Alberta magna,species,taxon_matched_text,en,784,784,117,209,True,999
190367,Catha edulis,species,text_needs_scope_review,en,36736,27799,8691,10236,True,11026
190378,Celtis caucasica,species,taxon_matched_text,en,1084,1084,113,201,True,991
190748,Coffea zanguebariae,species,taxonomy_only,,0,0,0,41,False,831
191019,Crataegus azarolus,species,taxon_matched_text,en,2338,1439,297,404,True,1194
191183,Quercus glauca,species,taxon_matched_text,en,2411,2411,304,420,True,1210
191302,Dalbergia odorifera,species,taxon_matched_text,en,1484,1152,270,410,True,1200
191602,Diospyros vaccinioides,species,taxon_matched_text,en,700,700,117,248,True,1038
192176,Euphorbia ammak,species,taxon_matched_text,en,1583,1583,731,900,True,1690
192215,Euphorbia decaryi,species,taxon_matched_text,en,878,878,233,364,True,1154
192253,Euphorbia kamponii,species,taxon_matched_text,en,373,373,52,144,True,934
192325,Euphorbia stenoclada,species,taxon_matched_text,en,543,543,64,152,True,942
192378,Fatsia polycarpa,species,taxon_matched_text,en,1072,583,180,278,True,1068
192385,Ferocactus pilosus,species,taxon_matched_text,en,1914,1914,397,536,True,1326
192734,Alyssum pintodasilvae,species,text_needs_scope_review,en,3890,2455,374,512,True,1302
193074,Guaiacum coulteri,species,taxon_matched_text,en,376,376,29,115,True,905
193076,Guaiacum sanctum,species,taxon_matched_text,en,2750,2750,913,1126,True,1916
193656,Hypochaeris sessiliflora,species,taxon_matched_text,en,843,843,125,238,True,1028
193722,Ilex paraguariensis,species,text_needs_scope_review,en,16815,10429,4117,4596,True,5386
194590,Cibotium barometz,species,taxon_matched_text,en,995,995,253,372,True,1162
196966,Nymphaea candida,species,taxon_matched_text,en,2968,2968,682,863,True,1653
196994,Aerva javanica,species,taxon_matched_text,en,1549,1549,376,509,True,1299
197058,Astelia fragrans,species,taxon_matched_text,en,547,547,122,236,True,1026
197059,Dicksonia fibrosa,species,taxon_matched_text,en,2390,2390,779,994,True,1784
197063,Melicytus ramiflorus,species,taxon_matched_text,en,6976,6657,2485,2813,True,3603
198897,Nuphar pumila,species,taxon_matched_text,en,4506,3422,651,887,True,1677
198902,Elatine hydropiper,species,taxon_matched_text,en,577,577,58,165,True,955
198910,Callitriche obtusangula,species,taxon_matched_text,pt,1287,1287,244,420,True,1210
198915,Pellaea rotundifolia,species,taxon_matched_text,en,1052,1052,220,358,True,1148
199217,Pachycereus pecten-aboriginum,species,taxon_matched_text,en,2970,2970,902,1119,True,1909
199392,Crassula helmsii,species,taxon_matched_text,en,1928,1928,409,538,True,1328
199911,Ziziphus lotus,species,taxon_matched_text,en,1682,1682,409,557,True,1347
200843,Griselinia littoralis,species,taxon_matched_text,en,2858,2858,1426,1754,True,2544
201275,Bryopsis cupressina,species,taxonomy_only,,0,0,0,41,False,831
201454,Pseudobombax ellipticum,species,taxon_matched_text,en,798,798,250,399,True,1189
201456,Ehretia tinifolia,species,taxon_matched_text,en,937,937,612,750,True,1540
202172,Consolea,genus,taxon_matched_text,en,2247,2247,368,562,True,1352
202342,Cenchrus americanus,species,text_needs_scope_review,en,8979,7946,2691,3156,True,3946
203008,Marsilea minuta,species,taxon_matched_text,en,6943,6943,1639,1948,True,2738
203990,Sedum moranense,species,taxon_matched_text,en,556,556,117,232,True,1022
204160,Ligustrum obtusifolium,species,taxon_matched_text,en,1202,1202,279,402,True,1192
204348,Lithospermum officinale,species,taxon_matched_text,en,2490,1200,599,783,True,1573
204369,Oenothera filiformis,species,taxon_matched_text,en,1242,1242,323,456,True,1246
204370,Oenothera gaura,species,taxon_matched_text,en,1289,1289,633,782,True,1572
204376,Persicaria minor,species,taxon_matched_text,en,3189,3189,595,728,True,1518
204379,Persicaria robustior,species,taxonomy_only,,0,0,0,40,False,830
204422,Syringa josikaea,species,taxon_matched_text,en,2760,2760,957,1135,True,1925
204926,Beaucarnea gracilis,species,taxon_matched_text,en,1269,1269,242,360,True,1150
204952,Rhynchostele,genus,taxon_matched_text,en,2201,1501,568,701,True,1491
205994,Phragmipedium caudatum,species,taxon_matched_text,en,1343,412,40,135,True,925
206190,Beaucarnea goldmanii,species,taxon_matched_text,en,782,782,229,351,True,1141
206196,Beaucarnea stricta,species,taxon_matched_text,en,824,824,197,316,True,1106
206239,Guarianthe skinneri,species,taxon_matched_text,en,821,821,120,230,True,1020
206325,Dasylirion longissimum,species,taxon_matched_text,en,538,538,277,387,True,1177
206349,Stanhopea oculata,species,taxon_matched_text,en,562,562,46,135,True,925
206452,Astrophytum ornatum,species,taxon_matched_text,en,937,937,198,313,True,1103
206461,Mammillaria hahniana,species,taxon_matched_text,en,952,952,264,372,True,1162
206483,Mammillaria plumosa,species,taxon_matched_text,en,844,844,207,324,True,1114
206754,Echeveria laui,species,taxon_matched_text,en,827,526,67,166,True,956
206780,Magnolia dealbata,species,taxon_matched_text,en,2339,2339,505,665,True,1455
206926,Dasylirion berlandieri,species,taxon_matched_text,de,967,967,446,628,True,1418
207133,Mammillaria bocasana,species,taxon_matched_text,en,1052,1052,282,404,True,1194
207169,Mammillaria melanocentra,species,taxon_matched_text,de,1425,1425,543,709,True,1499
207228,Mammillaria bombycina,species,taxon_matched_text,en,1627,1627,561,714,True,1504
207906,Eucalyptus melliodora,species,taxon_matched_text,en,5294,2573,882,1047,True,1837
207930,Angophora floribunda,species,taxon_matched_text,en,3484,3484,1177,1374,True,2164
208130,Eucalyptus rubida,species,taxon_matched_text,en,2171,2171,695,830,True,1620
208245,Sedum dendroideum,species,taxon_matched_text,en,977,977,191,316,True,1106
208393,Peperomia galioides,species,taxon_matched_text,en,700,700,80,168,True,958
208915,Leucanthemopsis alpina,species,text_needs_scope_review,de,4208,4208,1919,2160,True,2950
208964,Hippocrepis emerus,species,taxon_matched_text,en,1304,1304,333,463,True,1253
209207,Attalea cohune,species,taxon_matched_text,en,435,435,92,195,True,985
209429,Orlaya grandiflora,species,taxon_matched_text,en,361,361,141,250,True,1040
209924,Hura polyandra,species,taxon_matched_text,en,556,556,91,194,True,984
209957,Parmentiera aculeata,species,taxon_matched_text,en,4253,4253,1425,1672,True,2462
210165,Kunzea ericoides,species,taxon_matched_text,en,3944,3612,1397,1592,True,2382
210574,Cassinia,genus,taxon_matched_text,en,3113,2844,1166,1382,True,2172
210612,Myrmecophila,genus,taxon_matched_text,en,4124,2243,778,930,True,1720
218501,Blechnum penna-marina,species,taxon_matched_text,pt,4228,504,270,386,True,1176
223964,Litchi chinensis,species,taxon_matched_text,pt,13216,3170,1345,1584,True,2374
234116,Lobelia × speciosa,hybrid,text_needs_scope_review,de,1791,1791,945,1159,True,1949
243783,Crocosmia paniculata,species,taxon_matched_text,en,771,771,191,321,True,1111
270699,Yucca carnerosana,species,taxon_matched_text,en,1075,1075,200,317,True,1107
272592,Microbryum,genus,taxon_matched_text,en,1594,1594,1174,1392,True,2182
272612,Rogiera,genus,taxon_matched_text,en,1108,1108,352,485,True,1275
272629,Chrysanthellum,genus,taxon_matched_text,en,1761,1138,283,392,True,1182
272659,Polaskia,genus,taxon_matched_text,en,1327,1327,362,497,True,1287
272756,Solenostoma,genus,taxon_matched_text,en,5276,5276,3965,4247,True,5037
273015,Jarilla,genus,taxon_matched_text,pt,966,966,606,739,True,1529
273378,Podachaenium,genus,taxon_matched_text,en,1151,881,220,315,True,1105
273596,Ferocactus macrodiscus,species,taxon_matched_text,en,1248,1248,366,485,True,1275
273597,Mammillaria compressa,species,taxon_matched_text,en,1043,1043,123,219,True,1009
273599,Mammillaria geminispina,species,taxon_matched_text,en,951,951,239,366,True,1156
273610,Mammillaria winterae,species,taxon_matched_text,de,1266,1266,469,632,True,1422
273618,Cylindropuntia imbricata,species,taxon_matched_text,en,8261,3910,1176,1393,True,2183
273647,Bryoerythrophyllum recurvirostrum,species,text_needs_scope_review,de,1108,1108,511,655,True,1445
273713,Euphorbia tithymaloides,species,taxon_matched_text,en,5719,5274,2004,2339,True,3129
273715,Cnidoscolus aconitifolius,species,taxon_matched_text,en,4740,4740,1314,1612,True,2402
273754,Sedum ebracteatum,species,taxonomy_only,,0,0,0,45,False,835
273809,Philodendron radiatum,species,taxon_matched_text,en,293,293,94,179,True,969
273836,Pinguicula moranensis,species,taxon_matched_text,en,10441,10441,6035,6530,True,7320
273940,Ceratophyllum submersum,species,taxon_matched_text,en,2396,2396,667,809,True,1599
274226,Myrtillocactus cochal,species,taxon_matched_text,en,1356,1356,364,495,True,1285
274273,Ferocactus glaucescens,species,taxon_matched_text,en,2510,2084,450,592,True,1382
274344,Pilosocereus collinsii,species,taxon_matched_text,en,731,731,271,399,True,1189
274389,Opuntia pycnantha,species,taxon_matched_text,de,1079,1079,367,521,True,1311
274452,Opuntia inaperta,species,taxon_matched_text,en,1497,1497,509,701,True,1491
275565,Selaginella martensii,species,taxon_matched_text,en,368,368,45,134,True,924
275606,Adiantum concinnum,species,taxon_matched_text,en,856,856,342,472,True,1262
275804,Elaphoglossum decursivum,species,taxonomy_only,,0,0,0,49,False,839
275987,Echeveria subcorymbosa,species,taxonomy_only,,0,0,0,49,False,839
276089,Graptopetalum mendozae,species,taxonomy_only,,0,0,0,47,False,837
276091,Pachyphytum bracteosum,species,taxon_matched_text,en,870,870,434,567,True,1357
276466,Anthurium clarinervium,species,taxon_matched_text,en,2723,2723,1058,1280,True,2070
277315,Tradescantia zanonia,species,taxon_matched_text,en,1317,1317,122,228,True,1018
277363,Bromelia karatas,species,taxon_matched_text,en,1563,865,40,126,True,916
277579,Polyscias balfouriana,species,taxon_matched_text,en,648,648,90,197,True,987
277633,Begonia manicata,species,taxon_matched_text,en,1149,1149,241,354,True,1144
277643,Begonia plebeja,species,taxonomy_only,,0,0,0,41,False,831
278554,Hintonia latiflora,species,taxon_matched_text,en,755,755,75,171,True,961
278567,Palicourea padifolia,species,taxon_matched_text,en,214,214,18,110,True,900
278781,Drimys winteri,species,taxon_matched_text,en,4698,4121,913,1128,True,1918
278953,Psittacanthus calyculatus,species,taxon_matched_text,en,2428,1615,471,631,True,1421
279145,Casimiroa tetrameria,species,taxonomy_only,,0,0,0,45,False,835
279210,Celtis tala,species,taxon_matched_text,en,963,963,399,523,True,1313
279468,Senecio mairetianus,species,taxon_matched_text,es,2002,2002,740,925,True,1715
279719,Roldana angulifolia,species,taxon_matched_text,es,1612,1612,711,904,True,1694
280348,Dahlia sorensenii,species,taxonomy_only,,0,0,0,43,False,833
281069,Agave xylonacantha,species,taxon_matched_text,en,1216,1216,251,371,True,1161
281120,Sanchezia parvibracteata,species,taxonomy_only,,0,0,0,43,False,833
281661,Bidens reptans,species,taxon_matched_text,en,3012,3012,926,1240,True,2030
281758,Acaciella angustissima,species,taxon_matched_text,en,4464,3400,1354,1591,True,2381
281804,Stenocereus griseus,species,taxon_matched_text,en,1783,1783,462,617,True,1407
282706,Adiantum chilense,species,taxon_matched_text,en,196,196,25,111,True,901
282745,Echeveria gigantea,species,taxon_matched_text,de,1222,1222,405,566,True,1356
282773,Sedum furfuraceum,species,taxonomy_only,,0,0,0,43,False,833
282845,Echeveria pilosa,species,taxonomy_only,,0,0,0,43,False,833
282861,Alonsoa meridionalis,species,taxon_matched_text,en,400,400,43,130,True,920
283339,Billbergia pallidiflora,species,taxon_matched_text,en,699,699,50,142,True,932
283767,Monstera acuminata,species,taxon_matched_text,en,1010,1010,241,351,True,1141
283785,Nolina parviflora,species,taxon_matched_text,es,2174,2174,1413,1659,True,2449
283881,Pontederia sagittata,species,taxon_matched_text,en,977,977,536,652,True,1442
283890,Potamogeton lucens,species,taxon_matched_text,en,7059,5804,1662,1989,True,2779
283991,Bocconia arborea,species,taxon_matched_text,es,1524,1524,1027,1274,True,2064
284094,Tillandsia caput-medusae,species,taxon_matched_text,en,1380,1380,589,726,True,1516
284099,Tillandsia deppeana,species,taxon_matched_text,en,430,430,91,196,True,986
284175,Trimezia steyermarkii,species,taxon_matched_text,en,973,973,153,253,True,1043
284888,Ipomoea pedicellaris,species,taxon_matched_text,en,220,220,56,151,True,941
285167,Salvia wagneriana,species,taxon_matched_text,en,500,500,202,306,True,1096
285312,Spigelia humboldtiana,species,taxonomy_only,,0,0,0,45,False,835
285332,Cuphea ciliata,species,taxon_matched_text,es,565,565,296,416,True,1206
285872,Peperomia rotundifolia,species,taxon_matched_text,en,1393,1393,316,444,True,1234
285899,Platanus rzedowskii,species,taxon_matched_text,en,1041,1041,376,512,True,1302
286575,Lippia umbellata,species,taxonomy_only,,0,0,0,43,False,833
286917,Clusia flava,species,taxon_matched_text,es,941,941,605,778,True,1568
286991,Salvia cinnabarina,species,taxonomy_only,,0,0,0,40,False,830
287634,Jacaranda acutifolia,species,taxon_matched_text,pt,7942,271,175,296,True,1086
287639,Fuchsia splendens,species,taxon_matched_text,en,742,742,386,498,True,1288
288306,Eragrostis tenuifolia,species,taxonomy_only,,0,0,0,40,False,830
288695,Dahlia excelsa,species,taxonomy_only,,0,0,0,39,False,829
288842,Isocoma hartwegii,species,taxon_matched_text,en,676,676,78,177,True,967
290738,Juanulloa mexicana,species,taxon_matched_text,de,1396,1396,701,855,True,1645
290750,Solandra nizandensis,species,taxonomy_only,,0,0,0,41,False,831
290771,Cestrum roseum,species,taxon_matched_text,es,641,641,293,435,True,1225
290831,Yucca filifera,species,taxon_matched_text,en,1158,1158,371,536,True,1326
290837,Agave guadalajarana,species,taxon_matched_text,en,620,620,195,336,True,1126
290889,Agave tequilana,species,text_needs_scope_review,en,3744,2446,816,986,True,1776
290891,Polianthes tuberosa,species,taxon_matched_text,en,5978,4832,1624,1876,True,2666
291217,Acacia salicina,species,taxon_matched_text,en,3899,3256,1085,1322,True,2112
291504,Mimosa candollei,species,taxonomy_only,,0,0,0,43,False,833
292149,Lycaste macrophylla,species,taxon_matched_text,en,575,575,42,131,True,921
317909,Chlorella vulgaris,species,taxon_matched_text,en,6154,6154,995,1185,True,1975
319182,Nicotiana paniculata,species,taxon_matched_text,en,670,670,57,143,True,933
319356,Crassula coccinea,species,taxon_matched_text,en,3842,3842,1089,1314,True,2104
319836,Helianthemum oelandicum,species,taxon_matched_text,en,712,712,235,374,True,1164
320082,Erica cerinthoides,species,taxon_matched_text,en,1143,1143,494,622,True,1412
320155,Burchellia bubalina,species,taxon_matched_text,es,3489,1033,473,623,True,1413
320269,Phygelius aequalis,species,taxon_matched_text,en,888,888,259,367,True,1157
320657,Penaea cneorum,species,taxonomy_only,,0,0,0,40,False,830
320739,Cyathea dregei,species,text_needs_scope_review,en,2448,2448,858,1079,True,1869
320999,Trifolium micranthum,species,taxon_matched_text,en,1768,398,114,236,True,1026
321043,Kunzea ambigua,species,taxon_matched_text,en,2435,2435,833,976,True,1766
322582,Nephrolepis brownii,species,taxon_matched_text,en,644,644,94,200,True,990
322878,Syzygium samarangense,species,taxon_matched_text,en,2419,2419,1090,1282,True,2072
323026,Caryota maxima,species,taxonomy_only,,0,0,0,39,False,829
323425,Luzula meridionalis,species,taxonomy_only,,0,0,0,42,False,832
323508,Polystichum proliferum,species,taxon_matched_text,en,1098,1098,520,650,True,1440
323724,Abrophyllum ornans,species,text_needs_scope_review,en,2691,1897,664,807,True,1597
323761,Eucalyptus tricarpa,species,taxon_matched_text,en,1925,1925,644,783,True,1573
323773,Myricaria germanica,species,taxon_matched_text,en,1267,1267,294,399,True,1189
323813,Australina pusilla,species,taxon_matched_text,en,759,759,131,227,True,1017
323827,Leucophyta brownii,species,text_needs_scope_review,en,1982,1725,308,432,True,1222
323834,Melaleuca ericifolia,species,taxon_matched_text,en,3127,3127,931,1121,True,1911
326989,Ceramium serpens,species,taxonomy_only,,0,0,0,41,False,831
327083,Gymnogongrus griffithsiae,species,taxon_matched_text,en,909,909,221,366,True,1156
327097,Catenella caespitosa,species,taxon_matched_text,en,505,505,219,348,True,1138
327121,Neogoniolithon brassica-florida,species,taxon_matched_text,pt,1908,1908,857,1006,True,1796
327308,Ledebouria socialis,species,taxon_matched_text,en,736,736,169,277,True,1067
327819,Eugenia stipitata,species,taxon_matched_text,en,4975,3793,2205,2436,True,3226
327896,Pilea serpyllacea,species,taxon_matched_text,en,261,261,47,136,True,926
327898,Begonia rex,species,taxon_matched_text,en,2556,2556,1069,1259,True,2049
332442,Annona mucosa,species,taxon_matched_text,en,5094,1975,485,616,True,1406
332459,Zanthoxylum piperitum,species,taxon_matched_text,en,6488,6488,2235,2691,True,3481
332548,Yucca flaccida,species,taxon_matched_text,en,2172,2172,398,544,True,1334
332552,Tetradium,genus,taxon_matched_text,en,1423,1174,543,665,True,1455
332962,Helosciadium repens,species,taxon_matched_text,en,13928,12711,4927,5504,True,6294
333644,Solidago drummondii,species,taxon_matched_text,en,538,538,121,220,True,1010
333684,Ornithogalum gussonei,species,taxonomy_only,,0,0,0,49,False,839
333949,Senecio glaucus,species,taxon_matched_text,en,2118,2118,571,700,True,1490
333954,Euphorbia matritensis,species,taxon_matched_text,pt,1429,1429,204,339,True,1129
333966,Adenocarpus hispanicus,species,taxon_matched_text,en,369,369,65,160,True,950
333994,Aster amellus,species,taxon_matched_text,en,1833,1833,738,929,True,1719
333996,Buxus balearica,species,taxon_matched_text,en,1336,1336,497,736,True,1526
334203,Senecio santiagoensis,species,taxonomy_only,,0,0,0,43,False,833
334814,Allocasuarina torulosa,species,taxon_matched_text,en,6018,2832,831,999,True,1789
335152,Senna polyphylla,species,taxonomy_only,,0,0,0,40,False,830
335464,Cassia leptophylla,species,taxon_matched_text,en,1565,694,147,263,True,1053
335678,Hypericum hircinum,species,taxon_matched_text,en,7493,6341,3022,3392,True,4182
335810,Polystichum vestitum,species,taxon_matched_text,en,2287,2287,852,1052,True,1842
335836,Arundo plinii,species,taxon_matched_text,en,1736,560,96,188,True,978
335877,Plantago sempervirens,species,taxon_matched_text,pt,1402,1402,419,655,True,1445
336201,Campanula lactiflora,species,taxon_matched_text,en,888,888,213,325,True,1115
336205,Campanula alliariifolia,species,taxon_matched_text,en,311,311,158,267,True,1057
336264,Acanthus spinosus,species,taxon_matched_text,en,1169,617,201,301,True,1091
336273,Cirsium tuberosum,species,taxon_matched_text,en,220,220,26,124,True,914
336308,Filago lutescens,species,taxon_matched_text,pt,1380,1380,361,513,True,1303
336326,Pulicaria vulgaris,species,taxon_matched_text,en,1477,251,51,146,True,936
336343,Tanacetum macrophyllum,species,text_needs_scope_review,de,3681,3681,1203,1400,True,2190
336351,Achillea distans,species,taxon_matched_text,en,493,493,101,217,True,1007
336371,Senecio doria,species,taxon_matched_text,pt,1266,1266,272,408,True,1198
336659,Luzula nivea,species,taxon_matched_text,en,635,635,245,370,True,1160
336675,Calystegia × lucana,hybrid,taxonomy_only,,0,0,0,42,False,832
337352,Calliandra surinamensis,species,taxon_matched_text,en,3087,2411,877,1062,True,1852
337557,Podranea brycei,species,taxonomy_only,,0,0,0,39,False,829
337711,Euphorbia nivulia,species,taxon_matched_text,en,1121,1121,534,653,True,1443
337748,Euphorbia grandidens,species,taxon_matched_text,en,368,368,100,189,True,979
337820,Cotoneaster salicifolius,species,taxon_matched_text,en,3118,3118,957,1174,True,1964
338117,Ranunculus saniculifolius,species,taxon_matched_text,pt,3379,1277,264,441,True,1231
338131,Allamanda blanchetii,species,taxon_matched_text,en,1591,753,124,209,True,999
338187,Vitex lucens,species,taxon_matched_text,en,4493,4493,2590,2945,True,3735
338319,Aloe parvibracteata,species,taxon_matched_text,pt,988,988,203,319,True,1109
338326,Agave mitis,species,taxon_matched_text,en,978,978,171,274,True,1064
338327,Aloe macrocarpa,species,taxon_matched_text,pt,889,889,174,288,True,1078
338842,Hymenocarpos,genus,taxon_matched_text,pt,7403,238,106,215,True,1005
339014,Polyneura latissima,species,taxonomy_only,,0,0,0,40,False,830
339015,Osmundea spectabilis,species,taxonomy_only,,0,0,0,40,False,830
339065,Smithora,genus,text_needs_scope_review,en,1517,673,23,104,True,894
339077,Derbesia,genus,taxon_matched_text,en,1073,1073,286,388,True,1178
339970,Rosa xanthina,species,taxon_matched_text,en,542,542,56,140,True,930
339974,Eucalyptus leucoxylon,species,taxon_matched_text,en,8207,3974,1162,1333,True,2123
339975,Eucalyptus eugenioides,species,taxon_matched_text,en,6500,3041,827,966,True,1756
340077,Dyckia niederleinii,species,taxonomy_only,,0,0,0,43,False,833
340080,Berberis veitchii,species,taxon_matched_text,en,600,600,119,218,True,1008
340357,Rotheca myricoides,species,taxon_matched_text,en,6044,6044,1733,2034,True,2824
340365,Capparis sepiaria,species,taxon_matched_text,en,1210,1210,328,469,True,1259
340800,Fabiana,genus,taxon_matched_text,es,870,870,530,678,True,1468
340841,Jasione laevis,species,taxon_matched_text,en,1528,219,21,110,True,900
341025,Biscutella lusitanica,species,taxonomy_only,,0,0,0,45,False,835
341131,Euphorbia ritchiei,species,taxon_matched_text,es,1296,1296,683,863,True,1653
341634,Hakea drupacea,species,taxon_matched_text,en,1459,1459,523,661,True,1451
342067,Euphorbia anachoreta,species,taxon_matched_text,en,1971,739,98,200,True,990
342535,Clivia nobilis,species,taxon_matched_text,en,967,967,194,297,True,1087
342555,Goniophlebium,genus,taxon_matched_text,en,1740,1740,800,962,True,1752
342718,Buddleja polystachya,species,taxon_matched_text,en,835,835,292,414,True,1204
342933,Quercus infectoria,species,taxon_matched_text,en,5736,5736,1176,1402,True,2192
343018,Agrostis reuteri,species,taxon_matched_text,pt,951,951,187,307,True,1097
343039,Faidherbia albida,species,taxon_matched_text,es,6501,1546,963,1186,True,1976
343402,Codium vermilara,species,taxonomy_only,,0,0,0,41,False,831
343442,Rumex lunaria,species,taxon_matched_text,en,478,478,171,269,True,1059
343693,Bromelia humilis,species,taxon_matched_text,en,448,448,38,123,True,913
343735,Aloe camperi,species,taxon_matched_text,en,1501,536,34,127,True,917
343774,Diospyros ferrea,species,taxon_matched_text,en,872,872,158,277,True,1067
343822,Hoya pubicalyx,species,taxon_matched_text,en,689,689,105,202,True,992
343829,Diospyros nigra,species,taxon_matched_text,en,8336,3149,1072,1337,True,2127
344618,Syzygium myrtifolium,species,taxon_matched_text,en,1157,1157,431,537,True,1327
344679,Iberis saxatilis,species,taxon_matched_text,en,969,969,289,406,True,1196
344961,Bambusa oldhamii,species,taxon_matched_text,en,1902,1902,529,676,True,1466
345108,Ankistrodesmus falcatus,species,taxonomy_only,,0,0,0,47,False,837
345556,Borassus flabellifer,species,taxon_matched_text,en,7769,7769,2789,3119,True,3909
345577,Hymenocallis speciosa,species,taxon_matched_text,en,943,943,151,253,True,1043
345967,Spondias dulcis,species,taxon_matched_text,en,5111,3712,1843,2033,True,2823
346027,Marchesinia mackaii,species,taxon_matched_text,en,882,882,230,401,True,1191
346164,Dianella ensifolia,species,taxon_matched_text,en,1987,1987,912,1107,True,1897
346386,Phoenix rupicola,species,taxon_matched_text,en,799,799,278,391,True,1181
346411,Vanda coerulea,species,taxon_matched_text,en,1520,1520,677,881,True,1671
346421,Aechmea fulgens,species,taxon_matched_text,en,1096,609,113,215,True,1005
346922,Artemisia gorgonum,species,taxon_matched_text,en,825,825,130,237,True,1027
347625,Blumea balsamifera,species,taxon_matched_text,en,2153,2153,861,1062,True,1852
348343,Nepenthes mirabilis,species,taxon_matched_text,en,22267,22267,2565,2933,True,3723
349227,Myoporum parvifolium,species,taxon_matched_text,en,1599,1599,602,746,True,1536
353651,Suaeda australis,species,taxon_matched_text,en,1117,1117,223,347,True,1137
354716,Puya coerulea,species,taxon_matched_text,en,336,336,80,178,True,968
356040,Andreaea frigida,species,taxon_matched_text,en,1395,1395,235,350,True,1140
356041,Anomobryum lusitanicum,species,taxonomy_only,,0,0,0,47,False,837
358122,Ficus fistulosa,species,taxon_matched_text,en,2106,2106,223,360,True,1150
358403,Narcissus assoanus,species,taxon_matched_text,en,980,980,86,174,True,964
359066,Nama hispida,species,taxon_matched_text,en,1260,1260,342,502,True,1292
359289,Amaranthus graecizans,species,taxon_matched_text,en,3458,2204,339,469,True,1259
359341,Polystichum × maderense,hybrid,taxonomy_only,,0,0,0,45,False,835
359466,Silaum silaus,species,taxon_matched_text,en,4002,4002,971,1182,True,1972
359748,Blechnum cordatum,species,text_needs_scope_review,en,1082,1082,152,276,True,1066
360189,Origanum onites,species,taxon_matched_text,en,995,995,109,204,True,994
361074,Oxalis caprina,species,taxon_matched_text,en,210,210,29,112,True,902
361653,Potentilla supina,species,taxon_matched_text,en,358,358,34,130,True,920
362175,Sideroxylon inerme,species,taxon_matched_text,en,2210,2210,871,1044,True,1834
362659,Avena nuda,species,taxon_matched_text,en,1686,1686,475,618,True,1408
363441,Espostoa,genus,taxon_matched_text,en,1938,1554,450,592,True,1382
363507,Colchicum cupanii,species,taxon_matched_text,en,630,630,176,295,True,1085
363583,Opuntia elata,species,taxon_matched_text,en,895,895,232,359,True,1149
364987,Butia yatay,species,taxon_matched_text,en,5797,5353,1875,2204,True,2994
364998,Butia odorata,species,taxon_matched_text,en,9963,9963,3878,4407,True,5197
365243,Euterpe precatoria,species,taxon_matched_text,en,3861,2273,670,830,True,1620
365642,Livistona jenkinsiana,species,taxon_matched_text,en,885,885,183,302,True,1092
365657,Manicaria saccifera,species,text_needs_scope_review,en,6914,4620,3022,3306,True,4096
365732,Phoenix theophrasti,species,taxon_matched_text,en,1887,1887,793,984,True,1774
366007,Rhopalostylis baueri,species,taxon_matched_text,en,1323,1323,507,630,True,1420
366106,Trachycarpus martianus,species,taxon_matched_text,en,937,937,213,324,True,1114
366613,Beilschmiedia tawa,species,taxon_matched_text,en,5736,5736,1978,2302,True,3092
366734,Parsonsia heterophylla,species,taxon_matched_text,en,3580,3580,1061,1353,True,2143
366790,Angraecum sesquipedale,species,taxon_matched_text,en,15739,14091,4831,5179,True,5969
366863,Valonia ventricosa,species,taxon_matched_text,en,4544,2353,658,854,True,1644
367000,Festuca duriotagana,species,taxon_matched_text,pt,1346,1346,344,491,True,1281
367103,Kalanchoe synsepala,species,taxon_matched_text,de,1292,1292,676,810,True,1600
367209,Hesperantha coccinea,species,taxon_matched_text,en,1551,1551,321,445,True,1235
367444,Nerine undulata,species,taxon_matched_text,en,870,870,195,302,True,1092
367718,Gladiolus cardinalis,species,taxon_matched_text,en,371,371,101,216,True,1006
369335,Pittosporum ferrugineum,species,taxon_matched_text,en,2700,2700,743,949,True,1739
369916,Persicaria barbata,species,taxon_matched_text,en,1014,1014,180,276,True,1066
370504,Adiantum atroviride,species,taxon_matched_text,en,2117,2117,516,686,True,1476
370735,Launaea arborescens,species,taxon_matched_text,en,2097,809,115,234,True,1024
371871,Lygeum spartum,species,taxon_matched_text,pt,4326,1210,236,402,True,1192
372044,Dischidia nummularia,species,taxon_matched_text,en,473,473,83,172,True,962
372245,Yucca recurvifolia,species,text_needs_scope_review,en,1310,1310,354,464,True,1254
372247,Allium fraseri,species,taxonomy_only,,0,0,0,41,False,831
372652,Zingiber spectabile,species,taxon_matched_text,en,1263,1263,427,583,True,1373
372694,Eupatorium lindleyanum,species,taxon_matched_text,en,342,342,90,189,True,979
372718,Cladophora albida,species,taxonomy_only,,0,0,0,43,False,833
374421,Ursinia,genus,taxon_matched_text,en,1677,1415,781,1007,True,1797
380967,Salvia aurea,species,taxon_matched_text,en,1158,1158,343,467,True,1257
381516,Cephaleuros virescens,species,taxon_matched_text,en,2226,2226,1013,1172,True,1962
399417,Aeonium undulatum,species,taxon_matched_text,en,1174,1174,236,351,True,1141
399463,Aira multiculmis,species,text_needs_scope_review,es,2493,2493,1594,1831,True,2621
400020,Blechnum capense,species,text_needs_scope_review,es,1824,1824,1410,1603,True,2393
400227,Bulbinella rossii,species,taxon_matched_text,en,7032,7032,2208,2564,True,3354
400448,Carex virgata,species,text_needs_scope_review,en,1270,1270,282,401,True,1191
400944,Coleonema pulchrum,species,taxon_matched_text,es,488,488,252,379,True,1169
401152,Crassula pellucida,species,taxon_matched_text,en,1080,1080,351,509,True,1299
401162,Crassula sarmentosa,species,taxon_matched_text,en,1081,1081,383,518,True,1308
401230,Cyperus albostriatus,species,taxon_matched_text,en,322,322,46,147,True,937
401287,Davallia mariesii,species,taxon_matched_text,en,461,461,124,222,True,1012
401752,Escallonia bifida,species,taxon_matched_text,en,696,696,210,327,True,1117
401832,Fallopia aubertii,species,taxon_matched_text,en,407,407,31,134,True,924
401904,Fissidens viridulus,species,taxonomy_only,,0,0,0,42,False,832
402529,Hoheria angustifolia,species,taxon_matched_text,en,819,819,314,445,True,1235
402660,Hypericum montanum,species,taxon_matched_text,en,1452,333,98,203,True,993
402784,Indigofera decora,species,taxon_matched_text,en,984,984,309,433,True,1223
402978,Lampranthus glaucus,species,taxon_matched_text,en,1872,624,217,326,True,1116
403939,Microlepia strigosa,species,taxon_matched_text,en,1268,1268,298,396,True,1186
404400,Osmanthus heterophyllus,species,taxon_matched_text,en,2775,2775,894,1073,True,1863
404439,Oxyrrhynchium speciosum,species,taxonomy_only,,0,0,0,45,False,835
405144,Polypogon fugax,species,taxon_matched_text,pt,1256,1256,262,432,True,1222
405619,Raoulia subsericea,species,taxonomy_only,,0,0,0,44,False,834
405726,Romulea minutiflora,species,taxonomy_only,,0,0,0,42,False,832
405973,Senecio hispidulus,species,taxon_matched_text,en,3640,3640,2337,2551,True,3341
406034,Silene chalcedonica,species,taxon_matched_text,en,2389,2389,938,1152,True,1942
406386,Syntrichia pagorum,species,taxonomy_only,,0,0,0,43,False,833
407712,Eucalyptus nicholii,species,taxon_matched_text,en,2007,2007,775,912,True,1702
408842,Griselinia lucida,species,taxon_matched_text,en,4367,4367,1678,1975,True,2765
410504,Kniphofia caulescens,species,taxon_matched_text,es,911,911,515,673,True,1463
410505,Kniphofia linearifolia,species,taxonomy_only,,0,0,0,40,False,830
410507,Kniphofia ensifolia,species,text_needs_scope_review,de,982,982,348,491,True,1281
410574,Opuntia aurantiaca,species,taxon_matched_text,en,883,883,291,409,True,1199
410579,Olearia traversiorum,species,taxon_matched_text,en,847,847,173,295,True,1085
410585,Trentepohlia abietina,species,taxonomy_only,,0,0,0,47,False,837
410821,Viburnum sargentii,species,taxon_matched_text,en,811,811,175,285,True,1075
410874,Cantua buxifolia,species,taxon_matched_text,en,2560,1712,731,912,True,1702
410881,Pieris formosa,species,taxon_matched_text,en,672,672,174,256,True,1046
410897,Puya chilensis,species,taxon_matched_text,en,1264,1264,351,496,True,1286
410938,Zelkova carpinifolia,species,taxon_matched_text,en,1065,1065,376,498,True,1288
410941,Calceolaria integrifolia,species,taxon_matched_text,en,576,576,153,272,True,1062
411141,Epilobium nummulariifolium,species,taxonomy_only,,0,0,0,47,False,837
411273,Philotheca myoporoides,species,taxon_matched_text,en,4155,4155,908,1064,True,1854
415128,Aloe × spinosissima,hybrid,text_needs_scope_review,de,23534,23534,7623,8875,True,9665
415501,× Fatshedera lizei,hybrid,text_needs_scope_review,en,1425,1425,633,767,True,1557
415590,Pithophora,genus,taxon_matched_text,en,717,717,224,329,True,1119
415642,Terminalia bellirica,species,taxon_matched_text,en,2260,2260,910,1088,True,1878
417296,Rhododendron molle,species,taxon_matched_text,en,508,508,127,226,True,1016
418548,Gazania leiopoda,species,taxonomy_only,,0,0,0,40,False,830
418569,Protea laurifolia,species,taxon_matched_text,en,1991,1991,567,745,True,1535
418641,Pterygota,genus,taxon_matched_text,en,4529,2785,1064,1263,True,2053
421593,Scaevola albida,species,taxon_matched_text,en,1799,1799,399,516,True,1306
423622,Phyllarthron bojerianum,species,taxon_matched_text,en,640,640,103,208,True,998
423654,Miltonia flavescens,species,taxon_matched_text,en,1181,480,39,131,True,921
424953,Erasanthe henrici,species,taxon_matched_text,es,3293,1097,542,720,True,1510
425165,Taraxacum triforme,species,taxon_matched_text,en,2041,798,420,584,True,1374
425458,Euphorbia tuckeyana,species,taxon_matched_text,en,1086,1086,197,316,True,1106
425471,Ceropegia linearis,species,taxon_matched_text,en,556,556,94,181,True,971
425782,Salacia chinensis,species,taxon_matched_text,en,1097,1097,149,242,True,1032
425919,Aloe pluridens,species,taxon_matched_text,en,1716,811,372,524,True,1314
425945,Arabis beirana,species,taxon_matched_text,pt,1413,1413,632,867,True,1657
426063,Spinifex sericeus,species,taxon_matched_text,en,1913,889,300,437,True,1227
426108,Boehmeria macrophylla,species,text_needs_scope_review,en,1390,1390,867,1025,True,1815
426218,Leucospermum cuneiforme,species,taxon_matched_text,en,3733,3733,2222,2411,True,3201
426421,Pilea involucrata,species,taxon_matched_text,en,1163,1163,349,478,True,1268
426563,Robiquetia,genus,taxon_matched_text,en,6765,3720,2064,2237,True,3027
426624,Schotia latifolia,species,taxon_matched_text,de,1398,1398,673,820,True,1610
426720,Stromanthe thalia,species,taxon_matched_text,en,878,878,224,373,True,1163
427093,Ludisia discolor,species,taxon_matched_text,pt,4742,1450,774,978,True,1768
427261,Nuxia floribunda,species,taxon_matched_text,en,899,899,179,295,True,1085
427274,Ohwia caudata,species,taxon_matched_text,en,753,753,106,192,True,982
427340,Passiflora amethystina,species,taxonomy_only,,0,0,0,43,False,833
427405,Croton bonplandianus,species,taxon_matched_text,es,4889,4889,1888,2193,True,2983
427550,Dracaena cochinchinensis,species,taxon_matched_text,en,960,960,120,233,True,1023
427631,Euphorbia antiquorum,species,taxon_matched_text,en,860,860,205,332,True,1122
427727,Glandularia tenera,species,text_needs_scope_review,en,940,940,133,218,True,1008
428008,Begonia masoniana,species,taxon_matched_text,en,680,680,209,312,True,1102
428023,Bolusanthus speciosus,species,taxon_matched_text,es,2951,1399,740,946,True,1736
428099,Calpurnia aurea,species,taxon_matched_text,en,597,597,118,205,True,995
428144,Choerospondias axillaris,species,taxon_matched_text,es,3385,1200,847,1029,True,1819
428191,Coelogyne tomentosa,species,taxon_matched_text,en,679,282,38,150,True,940
428536,Bowiea volubilis,species,taxon_matched_text,de,12957,5141,2611,2909,True,3699
428539,Adromischus cristatus,species,taxon_matched_text,en,633,633,220,339,True,1129
428558,Rhoicissus,genus,taxon_matched_text,en,2224,1886,558,691,True,1481
430339,Chondria capillaris,species,taxonomy_only,,0,0,0,43,False,833
430398,Syringa × hyacinthiflora,hybrid,taxonomy_only,,0,0,0,50,False,840
430487,Salvia confertiflora,species,taxon_matched_text,en,668,668,294,402,True,1192
430601,Acokanthera oblongifolia,species,taxon_matched_text,en,1415,1415,221,323,True,1113
430622,Aeschynanthus radicans,species,taxon_matched_text,en,847,847,232,363,True,1153
430667,Anthurium scherzerianum,species,taxon_matched_text,en,1635,1635,242,341,True,1131
430726,Bifrenaria harrisoniae,species,taxon_matched_text,en,3049,1640,1158,1366,True,2156
430729,Blechnum brasiliense,species,text_needs_scope_review,en,2566,1817,392,530,True,1320
430996,Eugenia pyriformis,species,taxon_matched_text,en,942,942,207,316,True,1106
431012,Ficus aspera,species,taxon_matched_text,en,601,601,105,197,True,987
431083,Guettarda uruguensis,species,text_needs_scope_review,es,1951,1951,1051,1242,True,2032
431159,Ixia viridiflora,species,taxon_matched_text,en,507,507,183,300,True,1090
431228,Leucospermum patersonii,species,taxon_matched_text,en,2497,2497,1542,1718,True,2508
431261,Mandevilla × amabilis,hybrid,taxon_matched_text,en,747,747,162,282,True,1072
431304,Melaleuca decussata,species,taxon_matched_text,en,1988,1988,690,837,True,1627
431412,Paullinia cupana,species,text_needs_scope_review,en,11193,4239,1072,1372,True,2162
431459,Pilocarpus pennatifolius,species,taxon_matched_text,es,1005,1005,588,756,True,1546
431536,Rhaphidophora decursiva,species,taxon_matched_text,en,1080,1080,193,298,True,1088
431608,Schisandra chinensis,species,taxon_matched_text,en,6542,6542,2509,2932,True,3722
431651,Seriphium plumosum,species,text_needs_scope_review,en,611,611,59,141,True,931
431695,Trevesia palmata,species,taxon_matched_text,en,681,681,97,181,True,971
431783,Elegia tectorum,species,taxon_matched_text,en,1408,1408,533,648,True,1438
436444,Glyceria notata,species,taxon_matched_text,en,384,384,120,217,True,1007
436598,Isolepis digitata,species,taxonomy_only,,0,0,0,40,False,830
437161,Zannichellia peltata,species,taxon_matched_text,pt,1297,1297,246,424,True,1214
437868,Lycium schweinfurthii,species,taxon_matched_text,en,323,323,63,155,True,945
437969,Carex humilis,species,taxon_matched_text,en,300,300,26,109,True,899
438279,Cleistocactus hyalacanthus,species,taxon_matched_text,en,1864,1864,472,611,True,1401
438940,Gymnocalycium baldianum,species,taxon_matched_text,en,1577,1577,482,634,True,1424
439617,Leucadendron strobilinum,species,taxon_matched_text,en,921,921,215,329,True,1119
439984,Magnolia compressa,species,taxon_matched_text,en,1260,1260,96,190,True,980
441409,Opuntia arechavaletae,species,text_needs_scope_review,es,1450,1450,826,1019,True,1809
441706,Parodia microsperma,species,taxon_matched_text,es,1746,1746,1016,1194,True,1984
441727,Parodia scopa,species,taxon_matched_text,en,1703,648,202,315,True,1105
442948,Rebutia minuscula,species,taxon_matched_text,en,3948,3948,492,612,True,1402
445446,Herbertus borealis,species,taxon_matched_text,en,1431,1431,317,412,True,1202
446728,Frullania azorica,species,taxonomy_only,,0,0,0,43,False,833
446730,Cyclodictyon laete-virens,species,taxonomy_only,,0,0,0,46,False,836
446884,Calliarthron tuberculosum,species,taxon_matched_text,en,1780,819,186,314,True,1104
447226,Hedera rhombea,species,taxon_matched_text,en,1062,1062,366,482,True,1272
447384,Acanthus syriacus,species,taxonomy_only,,0,0,0,44,False,834
447819,Galega orientalis,species,taxon_matched_text,en,2616,2616,851,1078,True,1868
447837,Eurhynchiastrum pulchellum,species,taxon_matched_text,de,1506,1132,520,698,True,1488
448040,Corylus heterophylla,species,taxon_matched_text,en,779,779,363,480,True,1270
448041,Orixa japonica,species,taxon_matched_text,en,899,899,171,277,True,1067
448066,Weigela hortensis,species,taxon_matched_text,en,531,531,63,147,True,937
450251,Drymocallis rupestris,species,taxon_matched_text,en,2398,394,21,110,True,900
450291,Baccharis trimera,species,taxon_matched_text,pt,1532,1532,782,1018,True,1808
450336,Nothofagus obliqua,species,taxon_matched_text,en,2098,2098,593,765,True,1555
450814,Valerianella eriocarpa,species,taxon_matched_text,pt,2157,1339,326,480,True,1270
450880,Rhododendron mucronulatum,species,taxon_matched_text,en,1476,1476,315,439,True,1229
451736,Salicornia procumbens,species,taxonomy_only,,0,0,0,41,False,831
451771,Cneorum tricoccon,species,taxon_matched_text,en,635,635,191,317,True,1107
451852,Fritillaria messanensis,species,taxon_matched_text,en,951,951,162,264,True,1054
452113,Lithocarpus edulis,species,taxon_matched_text,en,881,881,88,174,True,964
452158,Prunus japonica,species,taxon_matched_text,en,804,804,330,475,True,1265
452256,Mallotus japonicus,species,taxon_matched_text,en,2191,2191,570,694,True,1484
452273,Festuca valesiaca,species,taxon_matched_text,en,1695,1695,65,151,True,941
452363,Forsythia koreana,species,taxon_matched_text,en,724,724,105,191,True,981
460168,Leucospermum truncatum,species,taxon_matched_text,en,1743,1743,880,1033,True,1823
460193,Potentilla hebiichigo,species,taxonomy_only,,0,0,0,44,False,834
460461,Ficus drupacea,species,taxon_matched_text,en,1710,1710,179,265,True,1055
461319,Harpalejeunea molleri,species,taxonomy_only,,0,0,0,43,False,833
461328,Homalia lusitanica,species,taxonomy_only,,0,0,0,41,False,831
461333,Oxyrrhynchium schleicheri,species,taxonomy_only,,0,0,0,46,False,836
461344,Frullania microphylla,species,taxonomy_only,,0,0,0,42,False,832
461350,Riccia huebeneriana,species,taxon_matched_text,en,1028,1028,30,127,True,917
461352,Riccia papillosa,species,taxonomy_only,,0,0,0,39,False,829
461353,Anthoceros caucasicus,species,taxonomy_only,,0,0,0,43,False,833
461388,Pseudotaxiphyllum laetevirens,species,taxonomy_only,,0,0,0,51,False,841
461616,Cotoneaster cochleatus,species,taxon_matched_text,en,983,983,180,278,True,1068
461887,Psidium longipetiolatum,species,taxon_matched_text,en,351,351,70,162,True,952
464382,Zygopetalum maculatum,species,taxon_matched_text,en,2162,564,163,278,True,1068
464427,Euphorbia caput-medusae,species,taxon_matched_text,en,788,788,228,363,True,1153
464564,Aglaonema modestum,species,taxon_matched_text,en,1659,1136,390,517,True,1307
464618,Bucquetia glutinosa,species,taxon_matched_text,es,799,799,283,419,True,1209
464765,Terminalia arjuna,species,taxon_matched_text,en,1343,1343,342,483,True,1273
464879,Acrosiphonia arcta,species,taxonomy_only,,0,0,0,42,False,832
464914,Lathyrus setifolius,species,taxon_matched_text,en,1650,380,118,217,True,1007
464915,Polygala rupestris,species,taxonomy_only,,0,0,0,41,False,831
465137,Pyramimonadales,order,taxon_matched_text,en,2374,1284,397,494,True,1284
465291,Cladophora laetevirens,species,taxonomy_only,,0,0,0,47,False,837
465569,Glandularia aristigera,species,taxon_matched_text,en,813,813,223,332,True,1122
465622,Euphorbia obesa,species,taxon_matched_text,en,1342,1165,458,626,True,1416
466159,Clivia gardenii,species,taxon_matched_text,en,426,426,112,195,True,985
467158,Pavonia sepium,species,taxon_matched_text,es,727,727,320,472,True,1262
467267,Rhodymenia pseudopalmata,species,taxonomy_only,,0,0,0,44,False,834
467277,Nothogenia,genus,taxonomy_only,,0,0,0,40,False,830
467293,Leucanthemopsis pallida,species,taxon_matched_text,es,1402,1402,876,1057,True,1847
467316,Bencomia caudata,species,taxon_matched_text,es,777,777,448,620,True,1410
467323,Chenopodium nutans,species,taxon_matched_text,en,845,845,230,346,True,1136
467682,Nymania capensis,species,taxon_matched_text,es,2562,1380,1027,1248,True,2038
467698,Stachys circinata,species,taxon_matched_text,es,1335,1335,683,866,True,1656
467887,Ischnolepis,genus,taxon_matched_text,en,654,654,74,169,True,959
468186,Euastrum verrucosum,species,taxonomy_only,,0,0,0,43,False,833
468360,Kirchneriella lunaris,species,taxonomy_only,,0,0,0,43,False,833
468420,Euastrum humerosum,species,taxonomy_only,,0,0,0,43,False,833
468484,Microspora,genus,taxon_matched_text,en,1494,1494,347,488,True,1278
469317,Chaetachme aristata,species,text_needs_scope_review,en,2735,1436,233,347,True,1137
470408,Phylica ericoides,species,taxon_matched_text,es,467,467,310,458,True,1248
470687,Noltea africana,species,taxon_matched_text,de,3329,1633,626,772,True,1562
471080,Gonium pectorale,species,taxon_matched_text,en,1490,1490,545,705,True,1495
471103,Camellia pitardii,species,taxonomy_only,,0,0,0,43,False,833
471815,Penium margaritaceum,species,taxonomy_only,,0,0,0,43,False,833
472135,Opuntia tuna,species,taxon_matched_text,en,2538,1417,317,442,True,1232
472472,Cylindropuntia whipplei,species,taxon_matched_text,en,529,529,91,195,True,985
472675,Dimorphococcus lunatus,species,taxonomy_only,,0,0,0,41,False,831
472797,Syzygium moorei,species,taxon_matched_text,en,1032,1032,439,596,True,1386
473418,Angraecum elephantinum,species,taxonomy_only,,0,0,0,43,False,833
473616,Leucas martinicensis,species,taxonomy_only,,0,0,0,39,False,829
474094,Hysterobaeckea behrii,species,taxonomy_only,,0,0,0,45,False,835
474519,Acer pseudosieboldianum,species,taxon_matched_text,en,2211,1423,334,465,True,1255
475006,Strobilanthes kunthiana,species,taxon_matched_text,en,3169,3169,1040,1264,True,2054
475087,Kalanchoe porphyrocalyx,species,taxon_matched_text,en,715,715,90,198,True,988
475319,Crataegus pinnatifida,species,taxon_matched_text,en,1174,1174,200,327,True,1117
479482,Gasteria carinata,species,taxon_matched_text,en,1270,1270,650,833,True,1623
479849,Aloe distans,species,taxon_matched_text,pt,3684,902,179,287,True,1077
479929,Euphorbia officinarum,species,taxon_matched_text,es,1587,1587,997,1194,True,1984
481185,Polystichum neolobatum,species,taxonomy_only,,0,0,0,41,False,831
481305,Ranunculus tuberosus,species,text_needs_scope_review,de,3027,3027,1294,1520,True,2310
481549,Threlkeldia diffusa,species,taxon_matched_text,en,287,287,77,176,True,966
481697,Myriopteris aurea,species,taxon_matched_text,en,9919,9919,3511,3851,True,4641
481818,Sisyrinchium bermudiana,species,taxon_matched_text,en,1161,1161,403,541,True,1331
482118,Frullania fragilifolia,species,text_needs_scope_review,de,1034,1034,456,599,True,1389
482797,Helleborus cyclophyllus,species,taxon_matched_text,en,610,610,106,198,True,988
482904,Eucomis zambesiaca,species,taxon_matched_text,en,1748,1748,584,724,True,1514
482937,Vitis amurensis,species,taxon_matched_text,en,3603,3029,1613,1974,True,2764
483201,Viola bubanii,species,taxon_matched_text,pt,1433,1433,510,743,True,1533
483248,Scrophularia alpestris,species,taxonomy_only,,0,0,0,45,False,835
484262,Cymbidium iridioides,species,taxon_matched_text,en,717,717,324,458,True,1248
484302,Ismelia carinata,species,text_needs_scope_review,en,2695,676,83,165,True,955
484814,Genista umbellata,species,taxon_matched_text,en,1403,1403,752,942,True,1732
485424,Rhynchostegiella tenella,species,taxonomy_only,,0,0,0,42,False,832
485489,Entosthodon obtusus,species,taxonomy_only,,0,0,0,42,False,832
485934,Seseli montanum,species,taxon_matched_text,pt,1236,1236,267,412,True,1202
486155,Dianthus callizonus,species,taxon_matched_text,en,579,579,145,235,True,1025
486259,Chara canescens,species,taxon_matched_text,en,445,445,49,144,True,934
486271,Chara aspera,species,text_needs_scope_review,de,5413,5413,3041,3417,True,4207
486276,Lamprothamnium papulosum,species,taxonomy_only,,0,0,0,43,False,833
486345,Viola oreades,species,taxonomy_only,,0,0,0,41,False,831
486934,Geranium lanuginosum,species,taxon_matched_text,pt,1405,1405,427,670,True,1460
487243,Linum maritimum,species,taxon_matched_text,pt,1570,1570,626,864,True,1654
487458,Medicago murex,species,taxon_matched_text,en,1522,306,57,142,True,932
487791,Lotus alpinus,species,taxon_matched_text,en,487,487,203,323,True,1113
488329,Schottera nicaeensis,species,taxon_matched_text,en,390,390,117,229,True,1019
488503,Pimpinella peregrina,species,taxon_matched_text,en,359,359,111,209,True,999
488787,Calamagrostis arundinacea,species,taxon_matched_text,en,4142,2841,286,386,True,1176
489197,Sarcothalia,genus,taxonomy_only,,0,0,0,40,False,830
489346,Lithophyllum carpophylli,species,taxonomy_only,,0,0,0,43,False,833
489435,Paralemanea,genus,taxon_matched_text,pt,695,695,229,341,True,1131
489622,Ornithogalum collinum,species,taxon_matched_text,de,1751,1751,445,595,True,1385
489788,Salvia hierosolymitana,species,taxon_matched_text,en,1239,1239,354,503,True,1293
489837,Ficus rumphii,species,taxon_matched_text,en,1241,1241,102,197,True,987
490221,Curtisia dentata,species,taxon_matched_text,pt,2631,465,239,359,True,1149
490380,Malva setigera,species,taxon_matched_text,en,2337,1030,195,312,True,1102
490705,Eriobotrya deflexa,species,taxon_matched_text,en,975,975,152,263,True,1053
490936,Brassica insularis,species,taxonomy_only,,0,0,0,43,False,833
490982,Osmundaria,genus,taxonomy_only,,0,0,0,40,False,830
491268,Brunfelsia uniflora,species,taxon_matched_text,en,1721,836,138,228,True,1018
491420,Cosmarium amoenum,species,taxonomy_only,,0,0,0,41,False,831
491436,Senecio cylindricus,species,taxonomy_only,,0,0,0,43,False,833
492828,Cynara syriaca,species,taxonomy_only,,0,0,0,43,False,833
492914,Matricaria aurea,species,taxon_matched_text,en,1559,347,85,180,True,970
493057,Teucrium spinosum,species,taxon_matched_text,pt,1119,1119,96,227,True,1017
493533,Verbascum boerhavii,species,taxon_matched_text,en,823,823,141,250,True,1040
493635,Coelogyne mooreana,species,taxon_matched_text,en,584,278,17,109,True,899
493642,Aechmea caudata,species,taxon_matched_text,en,1165,1165,156,280,True,1070
493664,Paphiopedilum villosum,species,taxon_matched_text,en,1755,652,82,186,True,976
493674,Bulbophyllum longissimum,species,taxon_matched_text,en,1717,1050,182,304,True,1094
493740,Closterium dianae,species,taxonomy_only,,0,0,0,43,False,833
493742,Viburnum × carlocephalum,hybrid,text_needs_scope_review,en,605,605,154,271,True,1061
493958,Asterococcus,genus,taxon_matched_text,en,1350,1350,506,652,True,1442
493961,Dendrobium trantuanii,species,taxonomy_only,,0,0,0,45,False,835
493962,Dendrobium thyrsiflorum,species,taxon_matched_text,en,2044,897,113,231,True,1021
494071,Actinotaenium cucurbita,species,taxonomy_only,,0,0,0,47,False,837
494127,Hedera nepalensis,species,taxon_matched_text,en,1218,1218,450,598,True,1388
494791,Closterium lunula,species,taxonomy_only,,0,0,0,41,False,831
495207,Fenestraria,genus,taxon_matched_text,en,1210,987,342,485,True,1275
495787,Euphorbia seguieriana,species,taxon_matched_text,en,240,240,32,131,True,921
495856,Rhododendron schlippenbachii,species,taxon_matched_text,en,1185,1185,410,543,True,1333
495901,Fumaria judaica,species,taxonomy_only,,0,0,0,42,False,832
496075,Tricholaena teneriffae,species,taxonomy_only,,0,0,0,45,False,835
496289,Morella pubescens,species,taxon_matched_text,es,710,710,550,677,True,1467
496418,Asparagus macowanii,species,taxonomy_only,,0,0,0,40,False,830
496549,Viburnum macrocephalum,species,taxon_matched_text,en,448,448,120,215,True,1005
496668,Begonia semiovata,species,taxonomy_only,,0,0,0,41,False,831
497672,Galium elongatum,species,taxon_matched_text,en,899,899,64,157,True,947
497735,Allium cristophii,species,taxon_matched_text,en,1239,1239,203,307,True,1097
497852,Rubus sampaioanus,species,taxon_matched_text,pt,1239,1239,246,418,True,1208
499441,Eucalyptus woodwardii,species,taxon_matched_text,en,1632,1632,584,720,True,1510
499559,Dermatophyllum secundiflorum,species,taxon_matched_text,en,2236,2236,465,616,True,1406
500397,Trichocentrum carthagenense,species,taxon_matched_text,en,1056,1056,65,159,True,949
500723,Metaporana sericosepala,species,taxonomy_only,,0,0,0,47,False,837
501742,Aquilegia coerulea,species,taxon_matched_text,en,21962,21670,6862,7487,True,8277
502263,Tilia mandshurica,species,taxon_matched_text,en,906,906,152,251,True,1041
502285,Lantana rugulosa,species,taxonomy_only,,0,0,0,43,False,833
502443,Verbascum sinaiticum,species,taxonomy_only,,0,0,0,40,False,830
503773,Eremosphaera viridis,species,taxonomy_only,,0,0,0,43,False,833
507067,Bidens ternata,species,taxonomy_only,,0,0,0,39,False,829
507474,Koeleria crassipes,species,taxon_matched_text,pt,1257,1257,250,421,True,1211
507506,Plantago subulata,species,taxon_matched_text,es,1182,1182,681,853,True,1643
507596,Ziziphora clinopodioides,species,taxonomy_only,,0,0,0,47,False,837
507842,Tulipa greigii,species,taxon_matched_text,en,1450,1450,268,405,True,1195
508385,Iris confusa,species,taxon_matched_text,en,7762,7762,2365,2870,True,3660
509582,Anacyclus valentinus,species,taxon_matched_text,en,720,720,71,169,True,959
510031,Spiraea hypericifolia,species,taxon_matched_text,pt,1331,1331,285,437,True,1227
512310,Verbascum undulatum,species,taxonomy_only,,0,0,0,44,False,834
513316,Petasites radiatus,species,taxonomy_only,,0,0,0,41,False,831
513501,Legousia scabra,species,taxon_matched_text,pt,1239,1239,272,439,True,1229
513724,Klasea pinnatifida,species,taxon_matched_text,pt,1372,1372,980,1228,True,2018
514706,Tillandsia xiphioides,species,taxon_matched_text,en,1004,1004,156,280,True,1070
514798,Daucus durieua,species,taxon_matched_text,pt,1218,1218,245,416,True,1206
514995,Halocnemum strobilaceum,species,taxon_matched_text,en,1680,1680,532,660,True,1450
515131,Plectranthus purpuratus,species,taxon_matched_text,en,954,954,580,710,True,1500
515561,Alyssum minutum,species,taxon_matched_text,en,2907,1695,285,395,True,1185
515965,Acer hyrcanum,species,taxon_matched_text,en,2238,1537,371,491,True,1281
516418,Thapsia maxima,species,text_needs_scope_review,en,6409,5064,1735,1997,True,2787
516757,Rhododendron tomentosum,species,taxon_matched_text,en,3620,2175,457,616,True,1406
517527,Ranunculus serbicus,species,taxonomy_only,,0,0,0,43,False,833
518201,Jacobaea erratica,species,taxonomy_only,,0,0,0,39,False,829
518537,Quercus × morisii,hybrid,taxonomy_only,,0,0,0,46,False,836
518806,Persoonia cornifolia,species,taxon_matched_text,en,1373,1373,388,518,True,1308
519248,Rubus elegantispinosus,species,taxonomy_only,,0,0,0,41,False,831
520156,Tuberaria macrosepala,species,taxon_matched_text,pt,1237,1237,246,418,True,1208
520186,Helianthemum cinereum,species,taxon_matched_text,pt,1301,1301,294,445,True,1235
520431,Avellara fistulosa,species,taxon_matched_text,pt,2108,1633,637,878,True,1668
521408,Achillea pyrenaica,species,text_needs_scope_review,es,1624,1624,878,1091,True,1881
521488,Pelargonium papilionaceum,species,taxon_matched_text,de,1060,1060,386,543,True,1333
521664,Deuterocohnia brevifolia,species,taxon_matched_text,en,1201,1201,69,174,True,964
522151,Quercus alnifolia,species,taxon_matched_text,en,4126,2155,742,948,True,1738
522183,Rumex tuberosus,species,taxonomy_only,,0,0,0,40,False,830
522366,Vriesea hieroglyphica,species,taxon_matched_text,en,2634,1609,527,739,True,1529
524174,Rhigozum obovatum,species,taxon_matched_text,en,1563,565,70,156,True,946
524204,Koeleria cenisia,species,taxonomy_only,,0,0,0,41,False,831
524223,Bromelia antiacantha,species,taxon_matched_text,en,1774,516,25,110,True,900
524229,Solanum rantonetti,species,taxonomy_only,,0,0,0,41,False,831
524560,× Beallara,genushybrid,taxon_matched_text,en,1682,709,207,302,True,1092
524697,Albuca spiralis,species,taxon_matched_text,en,516,516,115,227,True,1017
525022,Gloriosa modesta,species,taxonomy_only,,0,0,0,40,False,830
525533,Rubus castellarnaui,species,taxon_matched_text,pt,1226,1226,244,412,True,1202
526642,Lycianthes lycioides,species,taxon_matched_text,es,1161,1161,421,593,True,1383
526976,Cordyline petiolaris,species,taxon_matched_text,en,567,567,216,346,True,1136
527541,Saurauia tristyla,species,taxonomy_only,,0,0,0,44,False,834
527602,Dasispermum suffruticosum,species,taxon_matched_text,es,966,966,552,710,True,1500
532641,Tillandsia incarnata,species,taxon_matched_text,en,445,445,27,113,True,903
533456,Euphorbia heptagona,species,taxon_matched_text,en,1757,1757,546,739,True,1529
533730,Bulbine abyssinica,species,taxon_matched_text,en,793,793,189,307,True,1097
534449,Cordyline congesta,species,taxon_matched_text,en,1193,1193,274,391,True,1181
538114,Imbribryum miniatum,species,taxonomy_only,,0,0,0,45,False,835
538847,Laelia undulata,species,taxon_matched_text,en,376,376,18,104,True,894
540318,Phyllanthus salviifolius,species,taxonomy_only,,0,0,0,49,False,839
541445,Diospyros whyteana,species,taxon_matched_text,en,1590,1590,438,577,True,1367
541558,Trifolium glanduliferum,species,taxon_matched_text,pt,677,677,275,420,True,1210
541861,Pleiospilos nelii,species,taxon_matched_text,en,1493,1493,373,491,True,1281
542501,Siphocampylus giganteus,species,taxonomy_only,,0,0,0,47,False,837
542827,Oreopanax nymphaeifolius,species,taxonomy_only,,0,0,0,51,False,841
543711,Orobanche austrohispanica,species,taxonomy_only,,0,0,0,49,False,839
543859,Bignonia callistegioides,species,taxon_matched_text,en,624,624,170,298,True,1088
543870,Gomphrena pulchella,species,taxon_matched_text,en,1957,1957,349,493,True,1283
543997,Persoonia stradbrokensis,species,taxon_matched_text,en,962,962,359,483,True,1273
544333,Closterium incurvum,species,taxonomy_only,,0,0,0,41,False,831
544373,Pandanus furcatus,species,taxon_matched_text,en,2502,2502,698,837,True,1627
544395,Cymbidium floribundum,species,taxon_matched_text,en,438,438,65,170,True,960
544968,Ruschia pulvinaris,species,taxon_matched_text,es,477,477,245,373,True,1163
545700,Convallaria pseudomajalis,species,taxonomy_only,,0,0,0,44,False,834
546910,Rhododendron caucasicum,species,taxon_matched_text,en,460,460,66,156,True,946
546999,Cosmarium laeve,species,taxonomy_only,,0,0,0,41,False,831
547408,Viburnum triphyllum,species,taxon_matched_text,en,1071,1071,375,527,True,1317
547458,Prunus jamasakura,species,taxon_matched_text,en,15983,4494,925,1127,True,1917
549667,Justicia floribunda,species,taxon_matched_text,en,793,793,158,264,True,1054
550255,Iochroma fuchsioides,species,taxon_matched_text,en,417,417,57,146,True,936
550603,Cautleya,genus,taxon_matched_text,en,3357,3103,1403,1618,True,2408
550664,Lomatia fraseri,species,taxon_matched_text,en,2196,2196,900,1066,True,1856
552001,Chiloschista parishii,species,taxonomy_only,,0,0,0,43,False,833
552062,Furcraea andina,species,taxon_matched_text,en,282,282,49,138,True,928
552880,Glandularia platensis,species,taxon_matched_text,es,461,461,272,398,True,1188
553184,Grevillea baueri,species,taxon_matched_text,en,2198,2198,645,803,True,1593
553486,Merwilla,genus,taxon_matched_text,en,1661,1108,338,487,True,1277
553513,Alcea rugosa,species,taxon_matched_text,en,525,525,81,164,True,954
554274,Lilium henryi,species,taxon_matched_text,en,1860,1080,368,502,True,1292
555268,Rumex arifolius,species,taxon_matched_text,en,914,914,182,309,True,1099
556187,Lilium brownii,species,taxon_matched_text,en,1522,928,150,253,True,1043
556628,Ilex latifolia,species,taxon_matched_text,en,1165,1165,327,433,True,1223
557051,Primula algida,species,taxon_matched_text,en,827,827,186,322,True,1112
557098,Neoorthocaulis,genus,taxon_matched_text,en,425,425,149,257,True,1047
557893,Passiflora alata × caerulea,hybrid,taxonomy_only,,0,0,0,50,False,840
558165,Gracilariopsis longissima,species,taxonomy_only,,0,0,0,45,False,835
558384,Nematanthus gregarius,species,taxon_matched_text,en,893,893,396,520,True,1310
558688,Euclea crispa,species,taxon_matched_text,en,2589,2589,1107,1306,True,2096
559363,Babiana angustifolia,species,taxon_matched_text,en,208,208,16,100,True,890
559866,Apatococcus,genus,taxonomy_only,,0,0,0,38,False,828
559934,Alstroemeria magnifica,species,taxon_matched_text,es,1774,1774,923,1076,True,1866
563468,Hibbertia empetrifolia,species,taxon_matched_text,en,1968,1968,625,768,True,1558
563537,Alstroemeria ligtu,species,taxon_matched_text,en,313,313,68,164,True,954
563627,Aloe affinis,species,taxon_matched_text,en,1407,506,119,221,True,1011
564959,Euthora cristata,species,taxonomy_only,,0,0,0,41,False,831
565639,Gagea lusitanica,species,taxonomy_only,,0,0,0,43,False,833
565769,Lilium pumilum,species,taxon_matched_text,en,1896,1095,216,339,True,1129
565771,Lilium regale,species,taxon_matched_text,en,2272,1588,467,608,True,1398
565965,Gladiolus carneus,species,taxon_matched_text,en,494,494,145,249,True,1039
567393,Carpobrotus deliciosus,species,taxon_matched_text,en,635,635,313,463,True,1253
567911,Gazania pectinata,species,taxon_matched_text,en,732,732,222,349,True,1139
567947,Gonialoe,genus,taxon_matched_text,en,1345,1345,270,395,True,1185
568622,Pelargonium myrrhifolium,species,taxonomy_only,,0,0,0,48,False,838
568634,Mesembryanthemum aitonis,species,taxonomy_only,,0,0,0,42,False,832
568962,Protea magnifica,species,taxon_matched_text,en,1725,1725,611,774,True,1564
569006,Watsonia pillansii,species,taxon_matched_text,en,460,460,43,129,True,919
569092,Passiflora amethystina × caerulea,hybrid,taxonomy_only,,0,0,0,50,False,840
569111,Saurauia napaulensis,species,taxon_matched_text,en,398,398,90,182,True,972
569319,Anisodontea scabrosa,species,taxonomy_only,,0,0,0,43,False,833
569461,Tetrastigma obtectum,species,taxonomy_only,,0,0,0,42,False,832
569820,Urtica thunbergiana,species,taxon_matched_text,en,1219,1219,310,429,True,1219
569865,Delosperma inconspicuum,species,taxonomy_only,,0,0,0,44,False,834
570383,Gerbera serrata,species,taxonomy_only,,0,0,0,39,False,829
570419,Felicia amoena,species,taxon_matched_text,en,3443,3443,1840,2017,True,2807
570584,Leucadendron uliginosum,species,taxon_matched_text,en,776,776,142,248,True,1038
570628,Neoregelia carcharodon,species,taxon_matched_text,en,708,708,243,370,True,1160
570694,Huernia zebrina,species,taxon_matched_text,en,693,693,145,244,True,1034
571069,Lithops salicola,species,taxon_matched_text,en,1096,1096,342,478,True,1268
571184,Gladiolus cunonius,species,taxon_matched_text,es,1155,1155,489,660,True,1450
574121,Pelargonium exstipulatum,species,taxon_matched_text,en,658,658,294,446,True,1236
574852,Aristea bakeri,species,taxon_matched_text,en,176,176,16,102,True,892
575209,Saintpauliopsis,genus,taxon_matched_text,en,1229,755,218,322,True,1112
575610,Artemisiopsis,genus,taxon_matched_text,en,745,488,57,151,True,941
577563,Eriocephalus racemosus,species,taxon_matched_text,en,824,824,212,357,True,1147
578586,Carpobrotus dimidiatus,species,taxon_matched_text,en,600,600,254,397,True,1187
579132,Adromischus umbraticola,species,taxonomy_only,,0,0,0,47,False,837
579454,Albuca nelsonii,species,taxon_matched_text,de,1526,1526,745,893,True,1683
579597,Aloe candelabrum,species,taxon_matched_text,pt,985,985,192,305,True,1095
579655,Aloe reitzii,species,taxon_matched_text,en,1687,773,219,317,True,1107
579681,Aloiampelos tenuior,species,taxon_matched_text,en,2664,1749,688,862,True,1652
580179,Argyroderma testiculare,species,taxon_matched_text,en,568,568,174,285,True,1075
580639,Asparagus declinatus,species,taxon_matched_text,en,355,355,60,145,True,935
582488,Clutia pulchella,species,taxon_matched_text,en,1051,1051,367,513,True,1303
582804,Corpuscularia britteniae,species,taxonomy_only,,0,0,0,43,False,833
582906,Crassula dependens,species,taxonomy_only,,0,0,0,40,False,830
582926,Crassula lanceolata,species,taxonomy_only,,0,0,0,41,False,831
582956,Crassula rogersii,species,taxonomy_only,,0,0,0,43,False,833
583575,Delosperma testaceum,species,taxonomy_only,,0,0,0,41,False,831
584108,Dombeya tiliacea,species,taxonomy_only,,0,0,0,41,False,831
584239,Drosanthemum intermedium,species,taxonomy_only,,0,0,0,43,False,833
585941,Ficinia praemorsa,species,taxonomy_only,,0,0,0,41,False,831
586042,Freylinia lanceolata,species,taxon_matched_text,en,268,268,44,141,True,931
586452,Gladiolus priorii,species,taxon_matched_text,es,1195,1195,557,722,True,1512
586814,Haworthiopsis coarctata,species,taxon_matched_text,en,2096,1136,351,485,True,1275
586827,Haworthiopsis viscosa,species,taxon_matched_text,en,1006,1006,376,560,True,1350
588155,Jasminum multipartitum,species,taxon_matched_text,en,809,809,266,391,True,1181
588546,Lampranthus falcatus,species,taxon_matched_text,en,607,607,59,148,True,938
588553,Lampranthus fugitans,species,taxonomy_only,,0,0,0,40,False,830
588642,Lampranthus stenopetalus,species,taxonomy_only,,0,0,0,47,False,837
588654,Lampranthus tenuifolius,species,taxon_matched_text,en,860,860,187,319,True,1109
588996,Lessertia capensis,species,taxonomy_only,,0,0,0,38,False,828
589278,Lithops lesliei,species,taxon_matched_text,en,789,789,315,442,True,1232
589286,Lithops schwantesii,species,taxon_matched_text,en,560,560,170,277,True,1067
590725,Oedipodiella australis,species,text_needs_scope_review,en,459,459,66,155,True,945
590746,Lobostemon echioides,species,taxon_matched_text,en,1442,1442,373,504,True,1294
591204,Oxalis hirsuta,species,taxonomy_only,,0,0,0,41,False,831
591639,Pelargonium odoratissimum,species,taxon_matched_text,en,2374,1047,475,630,True,1420
591694,Pelargonium tenuicaule,species,taxonomy_only,,0,0,0,43,False,833
592436,Populus simonii,species,taxon_matched_text,en,732,338,65,150,True,940
592816,Quercus castaneifolia,species,taxon_matched_text,en,1313,1313,571,714,True,1504
593040,Reynoutria sachalinensis,species,taxon_matched_text,en,2158,2158,627,785,True,1575
594187,Senecio arenarius,species,taxonomy_only,,0,0,0,40,False,830
594542,Silene undulata,species,taxon_matched_text,en,2864,1217,317,431,True,1221
595124,Taraxacum ekmanii,species,taxon_matched_text,pt,1335,1335,302,485,True,1275
595126,Taraxacum marklundii,species,taxonomy_only,,0,0,0,44,False,834
595521,Thuidium assimile,species,text_needs_scope_review,de,1179,1179,559,678,True,1468
596217,Watsonia densiflora,species,taxon_matched_text,en,319,319,30,116,True,906
603446,Gaultheria borneensis,species,taxonomy_only,,0,0,0,43,False,833
603653,Antirrhinum tortuosum,species,taxon_matched_text,en,1518,1518,180,312,True,1102
605774,Verbascum capitis-viridis,species,taxon_matched_text,en,639,639,119,224,True,1014
606234,Rhododendron formosanum,species,taxonomy_only,,0,0,0,44,False,834
606593,Lotus lancerottensis,species,taxon_matched_text,en,2026,773,116,235,True,1025
622418,Persoonia confertiflora,species,taxon_matched_text,en,1118,1118,376,507,True,1297
624926,Equisetum × moorei,hybrid,taxon_matched_text,en,408,408,116,237,True,1027
626809,Vassobia breviflora,species,taxonomy_only,,0,0,0,43,False,833
627906,Digitalis mariana,species,taxon_matched_text,en,5201,3956,1484,1718,True,2508
628297,Argyranthemum broussonetii,species,taxon_matched_text,es,1044,1044,609,809,True,1599
629137,Vallisneria nana,species,text_needs_scope_review,en,2531,2531,1443,1627,True,2417
630698,Dalbergia benthamii,species,taxonomy_only,,0,0,0,42,False,832
631510,Ficus callosa,species,taxon_matched_text,en,1442,1442,238,331,True,1121
631579,Quercus × rosacea,hybrid,taxon_matched_text,en,802,802,145,247,True,1037
634005,Jasonia tuberosa,species,taxon_matched_text,pt,1205,1205,245,413,True,1203
635325,Hypericum prolificum,species,taxon_matched_text,en,808,808,198,305,True,1095
636177,Fraxinus albicans,species,taxon_matched_text,en,1029,1029,314,427,True,1217
638032,Helianthemum canariense,species,taxon_matched_text,en,833,833,228,350,True,1140
699299,Eucalyptus bicostata,species,text_needs_scope_review,en,1804,1804,831,982,True,1772
700193,Pericallis webbii,species,taxon_matched_text,es,704,704,378,536,True,1326
700567,Salvia chinensis,species,taxon_matched_text,en,352,352,135,216,True,1006
700659,Marcetella moquiniana,species,taxon_matched_text,es,669,669,411,536,True,1326
702403,Billbergia amoena,species,taxon_matched_text,en,1017,1017,30,116,True,906
704121,Begonia parviflora,species,taxonomy_only,,0,0,0,43,False,833
704170,Caputia scaposa,species,taxonomy_only,,0,0,0,39,False,829
704279,Akebia longeracemosa,species,taxon_matched_text,en,812,812,207,341,True,1131
704852,Gelidium amansii,species,taxon_matched_text,en,1286,1286,417,543,True,1333
706009,Tillandsia tricholepis,species,taxon_matched_text,en,947,947,72,164,True,954
706824,Rohdea japonica,species,taxon_matched_text,en,1055,1055,295,419,True,1209
707274,Spathiphyllum kochii,species,taxonomy_only,,0,0,0,45,False,835
707393,Euphorbia ceratocarpa,species,taxon_matched_text,en,607,607,198,299,True,1089
707995,Dischidia formosana,species,taxon_matched_text,en,553,553,86,175,True,965
708907,Viburnum propinquum,species,taxon_matched_text,en,474,474,78,168,True,958
709204,Agave cocui,species,taxon_matched_text,es,1761,1761,1232,1441,True,2231
709951,Epithelantha greggii,species,taxon_matched_text,en,1665,1665,669,798,True,1588
712814,Digitaria henryi,species,taxonomy_only,,0,0,0,40,False,830
712834,Chylocladia verticillata,species,taxon_matched_text,en,604,604,263,411,True,1201
712886,Actinidia setosa,species,text_needs_scope_review,en,1413,1413,546,735,True,1525
713172,Rhododendron rubropilosum,species,taxonomy_only,,0,0,0,47,False,837
713204,Salix fulvopubescens,species,taxonomy_only,,0,0,0,47,False,837
714412,Hosta undulata,species,text_needs_scope_review,en,1271,1271,608,756,True,1546
714953,Gladiolus dalenii × oppositiflorus,hybrid,taxonomy_only,,0,0,0,48,False,838
715209,Rhododendron kanehirae,species,text_needs_scope_review,en,544,544,64,166,True,956
715319,Sophora macrocarpa,species,taxon_matched_text,en,496,496,203,299,True,1089
717494,Buddleja coriacea,species,taxon_matched_text,en,1471,1471,540,654,True,1444
732899,Allium hollandicum,species,taxon_matched_text,en,1382,1382,185,287,True,1077
733615,Protea lorifolia × magnifica,hybrid,taxonomy_only,,0,0,0,48,False,838
733703,Leucospermum glabrum × tottum,hybrid,taxonomy_only,,0,0,0,46,False,836
733717,Leucadendron discolor × gandogeri,hybrid,taxonomy_only,,0,0,0,45,False,835
736937,Medinilla formosana,species,taxonomy_only,,0,0,0,43,False,833
737174,Cotoneaster morrisonensis,species,taxonomy_only,,0,0,0,45,False,835
737340,Galeola falconeri,species,taxon_matched_text,pt,957,957,289,405,True,1195
738706,Veronica epacridea,species,taxon_matched_text,en,593,593,95,184,True,974
739799,Phedimus kamtschaticus,species,taxon_matched_text,en,3054,3054,996,1175,True,1965
742897,Petiolares,section,taxonomy_only,,0,0,0,39,False,829
743229,Maclura tricuspidata,species,taxon_matched_text,en,1289,1289,282,432,True,1222
746567,Amphilophium crucigerum,species,taxon_matched_text,en,1220,1220,178,286,True,1076
747262,Taraxacum lacistophyllum,species,taxon_matched_text,pt,1337,1337,273,459,True,1249
747276,Taraxacum leucopodum,species,taxonomy_only,,0,0,0,46,False,836
747419,Taraxacum sundbergii,species,taxon_matched_text,pt,1290,1290,264,449,True,1239
751171,Aristeguietia lamiifolia,species,taxonomy_only,,0,0,0,49,False,839
752239,Cinnamomum insularimontanum,species,taxonomy_only,,0,0,0,51,False,841
768369,Gonospermum ferulaceum,species,taxonomy_only,,0,0,0,47,False,837
772903,Sporobolus alterniflorus,species,taxon_matched_text,en,6157,5366,1675,1867,True,2657
772983,Sporobolus anglicus,species,taxon_matched_text,en,3336,3336,1748,1930,True,2720
773685,Hemerocallis minor,species,taxon_matched_text,en,412,412,116,222,True,1012
774194,Plantago loeflingii,species,taxon_matched_text,pt,1274,1274,259,431,True,1221
774366,Phyllostachys makinoi,species,taxonomy_only,,0,0,0,42,False,832
774737,Juniperus phoenicea,species,taxon_matched_text,en,5621,4625,1448,1666,True,2456
775112,Nigella gallica,species,taxon_matched_text,en,1635,508,100,193,True,983
775585,Hypericum elegans,species,taxon_matched_text,en,224,224,50,143,True,933
777430,Caulerpa chemnitzia,species,taxon_matched_text,en,274,274,44,143,True,933
777602,Knautia subscaposa,species,taxon_matched_text,pt,1687,1687,636,863,True,1653
777721,Lonicera hildebrandtiana,species,text_needs_scope_review,en,1301,1301,390,509,True,1299
778168,Weigela japonica,species,taxon_matched_text,en,2048,810,192,299,True,1089
780703,Ozothamnus rosmarinifolius,species,taxon_matched_text,en,627,627,150,271,True,1061
780929,Strobilanthes auriculata,species,taxonomy_only,,0,0,0,45,False,835
782189,Kalanchoe manginii,species,taxon_matched_text,en,1419,1419,491,631,True,1421
782338,Azara serrata,species,taxon_matched_text,en,1048,833,135,241,True,1031
784562,Populus laurifolia,species,taxon_matched_text,en,927,566,59,148,True,938
784952,Gastroclonium ovatum,species,taxon_matched_text,en,551,551,191,330,True,1120
787982,Dendrobium hekouense,species,taxon_matched_text,en,691,691,155,287,True,1077
789240,Commiphora myrrha,species,taxon_matched_text,en,3389,3389,979,1180,True,1970
795441,Aechmea comata,species,taxon_matched_text,en,1257,1257,114,234,True,1024
797969,Trihesperus,genus,taxon_matched_text,en,456,456,107,212,True,1002
801468,Lamium gevorense,species,taxon_matched_text,pt,1221,1221,259,427,True,1217
803653,Achillea asiatica,species,taxonomy_only,,0,0,0,39,False,829
803699,Hippeastrum glaucescens,species,taxonomy_only,,0,0,0,47,False,837
805551,Aeonium davidbramwellii,species,taxon_matched_text,es,1046,1046,458,640,True,1430
812628,Carduus clavulatus,species,taxonomy_only,,0,0,0,41,False,831
821171,Chrysojasminum humile,species,taxon_matched_text,en,1050,1050,324,465,True,1255
824442,Populus suaveolens,species,taxon_matched_text,en,843,843,98,194,True,984
824666,Aeonium spathulatum,species,taxon_matched_text,es,1019,1019,534,709,True,1499
825778,Begonia × albopicta,hybrid,taxon_matched_text,pt,409,409,218,369,True,1159
828538,Chamaecytisus austriacus,species,taxon_matched_text,en,606,606,139,267,True,1057
840161,Arenaria erinacea,species,taxonomy_only,,0,0,0,41,False,831
840838,Ceiba chodatii,species,taxon_matched_text,en,1105,1105,549,691,True,1481
841660,Hippeastrum aulicum,species,taxon_matched_text,en,3434,1793,610,818,True,1608
841893,Antirrhinum rothmaleri,species,taxon_matched_text,unspecified,271,271,271,392,True,1182
841965,Aeonium hierrense,species,taxon_matched_text,en,425,425,93,179,True,969
847544,Nidorella ivifolia,species,text_needs_scope_review,en,2660,2660,464,639,True,1429
850360,Rumex tolimensis,species,taxonomy_only,,0,0,0,41,False,831
850434,Maesa argentea,species,taxonomy_only,,0,0,0,41,False,831
850573,Limnobium laevigatum,species,text_needs_scope_review,en,2134,2134,814,976,True,1766
850962,Berberis sibirica,species,text_needs_scope_review,es,4050,4050,2087,2428,True,3218
851022,Ocimum kilimandscharicum,species,taxon_matched_text,en,372,372,33,125,True,915
854467,Pimpinella tragium,species,taxonomy_only,,0,0,0,41,False,831
855610,Telmatoblechnum serrulatum,species,taxon_matched_text,en,1524,1524,354,488,True,1278
856744,Pteridium tauricum,species,taxonomy_only,,0,0,0,41,False,831
856905,Doryphora sassafras,species,taxon_matched_text,en,2505,2505,714,882,True,1672
859058,Achnatherum bromoides,species,text_needs_scope_review,es,1079,1079,540,692,True,1482
859218,Cyrtomium laetevirens,species,taxonomy_only,,0,0,0,44,False,834
860937,Tradescantia cymbispatha,species,taxonomy_only,,0,0,0,43,False,833
861353,Desmodesmus protuberans,species,taxonomy_only,,0,0,0,45,False,835
861400,Taraxacum lidianum,species,taxon_matched_text,pt,1277,1277,246,420,True,1210
861411,Melica canariensis,species,taxon_matched_text,pt,1222,1222,235,403,True,1193
861458,Desmodesmus communis,species,taxonomy_only,,0,0,0,43,False,833
862656,Sansevieria suffruticosa,species,text_needs_scope_review,en,912,912,163,275,True,1065
863130,Semele menezesii,species,text_needs_scope_review,es,1468,1468,742,926,True,1716
863646,Hyacinthoides × massartiana,hybrid,taxon_matched_text,en,1623,1623,322,434,True,1224
865348,Ostericum sieboldii,species,taxonomy_only,,0,0,0,42,False,832
865629,Isodon lophanthoides,species,taxon_matched_text,en,585,585,86,189,True,979
865952,Colutea orientalis,species,taxon_matched_text,en,575,575,91,189,True,979
866524,Thinopyrum junceum,species,taxon_matched_text,en,1324,1324,97,194,True,984
866675,Euphrasia officinalis,species,taxon_matched_text,en,676,676,126,244,True,1034
866778,Goeppertia majestica,species,taxon_matched_text,en,1354,1354,361,512,True,1302
867304,Aloe × schimperi,hybrid,taxonomy_only,,0,0,0,42,False,832
867549,Atalantia buxifolia,species,taxon_matched_text,en,470,470,87,175,True,965
868464,Sirocladium,genus,taxonomy_only,,0,0,0,40,False,830
869950,Aeonium decorum,species,taxon_matched_text,es,1736,1736,1264,1478,True,2268
870017,Trichocereus bridgesii,species,text_needs_scope_review,en,3670,3670,970,1137,True,1927
870821,Echinofossulocactus multicostatus,species,text_needs_scope_review,en,2135,2135,623,760,True,1550
871980,Lippia origanoides,species,taxon_matched_text,es,2580,2580,1739,1933,True,2723
872386,Brassica ruvo,species,text_needs_scope_review,en,3861,3538,1090,1273,True,2063
873451,Cupressus pendula,species,text_needs_scope_review,pt,611,611,473,638,True,1428
874001,Limonium oleifolium,species,taxonomy_only,,0,0,0,45,False,835
876954,Southbya nigrella,species,taxonomy_only,,0,0,0,41,False,831
878958,Aloe ribauensis,species,taxonomy_only,,0,0,0,41,False,831
880433,Camellia nitidissima,species,text_needs_scope_review,en,1859,1859,407,525,True,1315
880921,Eustoma russellianum,species,taxon_matched_text,en,1734,1734,535,731,True,1521
882411,Dendrobium fleckeri,species,taxon_matched_text,en,1577,1577,591,720,True,1510
882469,Rhododendron kiusianum,species,taxon_matched_text,en,799,799,90,181,True,971
882548,Cochlopetalum,subgenus,taxonomy_only,,0,0,0,43,False,833
882550,Micropetalum,section,text_needs_scope_review,en,2497,1756,1144,1302,True,2092
883525,Colutea armena,species,taxonomy_only,,0,0,0,41,False,831
886557,Freziera chrysophylla,species,taxonomy_only,,0,0,0,43,False,833
886827,Strobilanthes crispa,species,taxon_matched_text,en,760,760,145,231,True,1021
888090,Colaconema caespitosum,species,taxonomy_only,,0,0,0,45,False,835
888500,Fuchsia corymbiflora,species,taxon_matched_text,en,1251,1020,199,320,True,1110
889472,Pilea spruceana,species,taxon_matched_text,en,238,238,59,152,True,942
889618,Clematicissus striata,species,taxon_matched_text,en,806,806,72,160,True,950
891331,Ulota bruchii,species,text_needs_scope_review,de,869,869,304,401,True,1191
895300,Spergula tangerina,species,taxonomy_only,,0,0,0,45,False,835
896902,Chenopodiastrum hybridum,species,taxon_matched_text,en,570,570,30,126,True,916
897971,Chevreulia sarmentosa,species,taxonomy_only,,0,0,0,43,False,833
898439,Dinebra panicea,species,taxon_matched_text,en,2637,2637,679,915,True,1705
899109,Euphrasia hirtella,species,taxon_matched_text,en,1870,637,355,525,True,1315
900321,Calotis dentex,species,taxon_matched_text,en,946,946,358,481,True,1271
901764,Neoblechnum brasiliense,species,taxon_matched_text,pt,3089,523,367,513,True,1303
902001,Jurinea humilis,species,taxon_matched_text,pt,1510,1510,571,805,True,1595
903176,Ionopsidium glastifolium,species,taxonomy_only,,0,0,0,47,False,837
904743,Grevillea johnsonii,species,taxon_matched_text,en,3394,3394,1481,1712,True,2502
906050,Rosa amblyotis,species,taxonomy_only,,0,0,0,40,False,830
911385,Petrosedum orientale,species,text_needs_scope_review,es,1123,1123,798,990,True,1780
912879,Daucus elegans,species,taxon_matched_text,en,400,400,42,128,True,918
914234,Citrus × taitensis,hybrid,text_needs_scope_review,en,753,753,214,315,True,1105
915050,Persicaria tinctoria,species,taxon_matched_text,en,3059,885,135,231,True,1021
916728,Cenostigma pluviosum,species,taxonomy_only,,0,0,0,47,False,837
917724,Timmiella barbuloides,species,taxonomy_only,,0,0,0,43,False,833
917727,Pelekium atlanticum,species,taxonomy_only,,0,0,0,45,False,835
917731,Leucodon treleasei,species,taxonomy_only,,0,0,0,43,False,833
917746,Cirriphyllum crassinervium,species,text_needs_scope_review,de,1278,1278,787,950,True,1740
917760,Fissidens coacervatus,species,taxonomy_only,,0,0,0,47,False,837
917767,Radula carringtonii,species,taxonomy_only,,0,0,0,42,False,832
917769,Radula wichurae,species,taxonomy_only,,0,0,0,41,False,831
918491,Hymenophyllum okadae,species,taxonomy_only,,0,0,0,47,False,837
924055,Berberis fortunei,species,taxon_matched_text,en,1553,1553,547,701,True,1491
925120,Botryocladia botryoides,species,taxonomy_only,,0,0,0,49,False,839
927986,Disocactus anguliger,species,taxon_matched_text,en,2000,2000,877,1049,True,1839
931442,Arthroceras,genus,taxon_matched_text,en,1389,1389,289,396,True,1186
932040,Philadelphus incanus,species,taxon_matched_text,en,200,200,49,135,True,925
937410,Nidorella varia,species,text_needs_scope_review,en,980,980,138,231,True,1021
937420,Pandorea floribunda,species,taxon_matched_text,en,935,935,217,334,True,1124
937799,Leucocasia gigantea,species,taxon_matched_text,en,1445,1445,350,468,True,1258
939161,Mandevilla splendens,species,taxon_matched_text,en,634,634,192,288,True,1078
944246,Trithrinax acanthocoma,species,taxon_matched_text,pt,1706,1706,1287,1427,True,2217
954525,Nekemias,genus,taxon_matched_text,en,523,523,246,358,True,1148
954789,Heuchera parviflora,species,taxon_matched_text,en,520,520,208,319,True,1109
956349,Phytarrhiza,subgenus,text_needs_scope_review,es,3122,3122,1748,2030,True,2820
956604,Erythrostemon mexicanus,species,taxon_matched_text,en,2563,1798,421,540,True,1330
956944,Sempervivum heuffelii,species,taxon_matched_text,de,1697,1697,840,1037,True,1827
957929,Ranunculus pseudofluitans,species,taxon_matched_text,pt,1266,1266,273,447,True,1237
960615,Bulbophyllum annandalei,species,taxon_matched_text,en,882,390,125,250,True,1040
962181,Tolypella hispanica,species,taxonomy_only,,0,0,0,43,False,833
963152,Taraxacum marginellum,species,taxon_matched_text,pt,1304,1304,287,471,True,1261
964515,Sapindus marginatus,species,taxon_matched_text,en,589,589,197,291,True,1081
968726,Coelastrum astroideum,species,taxonomy_only,,0,0,0,45,False,835
968782,Gongrosira,genus,taxon_matched_text,en,853,853,197,301,True,1091
968787,Klebsormidium flaccidum,species,taxonomy_only,,0,0,0,49,False,839
968814,Binuclearia tectorum,species,taxonomy_only,,0,0,0,43,False,833
969085,Zygnema pectinatum,species,taxonomy_only,,0,0,0,45,False,835
969111,Staurastrum cingulum,species,taxonomy_only,,0,0,0,45,False,835
969172,Euastrum spinulosum,species,taxonomy_only,,0,0,0,43,False,833
971751,Centaurea lingulata,species,taxonomy_only,,0,0,0,45,False,835
977186,Pogonatum nanum,species,taxon_matched_text,en,201,201,25,121,True,911
977758,Trimezia coerulea,species,taxonomy_only,,0,0,0,43,False,833
977762,Trimezia gracilis,species,taxonomy_only,,0,0,0,41,False,831
977901,Crocosmia masoniorum × paniculata,hybrid,taxonomy_only,,0,0,0,50,False,840
979102,Knautia collina,species,taxonomy_only,,0,0,0,41,False,831
982169,Peperomia nivalis,species,taxon_matched_text,en,872,872,339,458,True,1248
982292,Taraxacum estrelense,species,taxon_matched_text,en,1075,1075,466,647,True,1437
983007,Peperomia trifolia,species,taxon_matched_text,en,463,463,28,114,True,904
985684,Rumex suffruticosus,species,taxon_matched_text,pt,1538,1538,499,742,True,1532
986562,Promenaea stapelioides,species,taxonomy_only,,0,0,0,43,False,833
987744,Platycerium hillii,species,taxon_matched_text,en,296,296,28,115,True,905
989787,Lotus maritimus,species,taxon_matched_text,en,1920,1920,665,830,True,1620
994359,Heimia apetala,species,taxonomy_only,,0,0,0,39,False,829
994381,Potamogeton × angustifolius,hybrid,taxon_matched_text,en,1672,1672,832,1031,True,1821
994929,Lemanea fluviatilis,species,taxon_matched_text,en,318,318,30,132,True,922
996285,Staurastrum brachiatum,species,taxonomy_only,,0,0,0,45,False,835
996292,Staurastrum chaetoceras,species,taxonomy_only,,0,0,0,47,False,837
1000402,Micrasterias papillifera,species,taxonomy_only,,0,0,0,46,False,836
1004926,Prunus × subhirtella,hybrid,taxon_matched_text,en,1114,1114,218,334,True,1124
1005009,Parapediastrum biradiatum,species,taxonomy_only,,0,0,0,48,False,838
1007746,Liagora ceranoides,species,taxonomy_only,,0,0,0,44,False,834
1008110,Trisetaria dufourei,species,taxon_matched_text,pt,1600,1600,578,825,True,1615
1013203,Parvibegonia,section,taxonomy_only,,0,0,0,42,False,832
1019581,Eucalyptus badjensis,species,taxon_matched_text,en,1905,1905,723,841,True,1631
1020168,Vatricania guentheri,species,taxon_matched_text,es,4359,2307,1101,1365,True,2155
1021466,Koeleria caudata,species,taxon_matched_text,pt,1240,1240,248,420,True,1210
1022932,Melanothamnus harveyi,species,taxon_matched_text,en,661,661,259,393,True,1183
1024911,Eryngium serra,species,taxonomy_only,,0,0,0,44,False,834
1027342,Desmodesmus abundans,species,taxonomy_only,,0,0,0,44,False,834
1030044,Salix pulchra,species,taxon_matched_text,en,1773,1773,520,656,True,1446
1030414,Pleioluma sebertii,species,taxonomy_only,,0,0,0,46,False,836
1034347,Rhododendron crassum,species,taxonomy_only,,0,0,0,46,False,836
1038006,Aerides lawrenceae,species,taxon_matched_text,en,664,664,123,220,True,1010
1038940,Solanum emulans,species,taxon_matched_text,en,939,939,128,225,True,1015
1042964,Senecio nemorensis,complex,taxon_matched_text,en,1624,330,60,149,True,939
1044706,Aechmea racinae,species,taxon_matched_text,en,988,988,260,403,True,1193
1045067,Begonia acutifolia,species,taxon_matched_text,en,1129,645,64,154,True,944
1046132,Begonia × ricinifolia,hybrid,taxonomy_only,,0,0,0,46,False,836
1046308,Peperomia,subgenus,taxon_matched_text,en,9580,8124,2881,3203,True,3993
1056013,Watsonia knysnana × pillansii,hybrid,taxonomy_only,,0,0,0,49,False,839
1064950,Brachychiton × incarnatus,hybrid,taxonomy_only,,0,0,0,47,False,837
1065314,Tara cacalaco,species,taxonomy_only,,0,0,0,40,False,830
1066286,Sideroxylon spinosum,species,taxon_matched_text,en,6573,6573,2259,2603,True,3393
1072037,Nepeta caerulea,species,taxon_matched_text,pt,1523,1523,533,772,True,1562
1075551,Spergularia capillacea,species,taxon_matched_text,pt,1266,1266,269,448,True,1238
1075821,Macroclinium manabinum,species,taxon_matched_text,es,1469,1469,856,1042,True,1832
1076232,Euphorbia bergeri,species,taxon_matched_text,es,1065,1065,566,721,True,1511
1078677,Nepenthes × kinabaluensis,hybrid,taxon_matched_text,en,2602,2602,895,1029,True,1819
1080314,Brevispatha,section,taxonomy_only,,0,0,0,40,False,830
1081748,Sanguisorba,subgenus,taxon_matched_text,en,3098,2363,1002,1177,True,1967
1087579,Stellaria ruderalis,species,taxonomy_only,,0,0,0,44,False,834
1091474,Hindakia,genus,taxonomy_only,,0,0,0,39,False,829
1092290,Messastrum gracile,species,taxonomy_only,,0,0,0,42,False,832
1093167,Medicago ovalis,species,taxonomy_only,,0,0,0,40,False,830
1098506,Achillea aspleniifolia,species,taxon_matched_text,en,267,267,57,174,True,964
1100488,Festuca maritima,species,text_needs_scope_review,es,2066,2066,1361,1580,True,2370
1104037,Philodendron campii,species,taxon_matched_text,en,393,393,66,163,True,953
1105451,Vicia vicioides,species,taxon_matched_text,pt,1203,1203,252,423,True,1213
1105526,Polystachya thomensis,species,taxonomy_only,,0,0,0,46,False,836
1105911,Quercus × senneniana,hybrid,taxonomy_only,,0,0,0,45,False,835
1111281,Armeria ciliata,species,taxonomy_only,,0,0,0,42,False,832
1112495,Piptatherum holciforme,species,taxon_matched_text,en,2889,2889,561,728,True,1518
1117846,Schinus lentiscifolia,species,text_needs_scope_review,en,611,611,124,227,True,1017
1119318,Artemisia adamsii,species,taxonomy_only,,0,0,0,44,False,834
1122179,Ptychostomum schleicheri,species,taxon_matched_text,en,424,424,49,153,True,943
1122770,Flexitrichum,genus,taxon_matched_text,en,689,689,115,231,True,1021
1122991,Pavonia × gledhillii,hybrid,taxon_matched_text,en,649,649,193,317,True,1107
1123500,Lewinskya iberica,species,taxonomy_only,,0,0,0,44,False,834
1125771,Pseudomalia webbiana,species,taxonomy_only,,0,0,0,44,False,834
1130922,Fissidens azoricus,species,taxonomy_only,,0,0,0,46,False,836
1131398,Hedychium muluense,species,taxonomy_only,,0,0,0,46,False,836
1138353,Sphaerocarpos europaeus,species,taxonomy_only,,0,0,0,48,False,838
1142620,Reseda barrelieri,species,taxon_matched_text,pt,1562,1562,584,800,True,1590
1149047,Leiotulus aureus,species,taxonomy_only,,0,0,0,42,False,832
1149243,Renanthera bella,species,taxon_matched_text,en,249,249,26,113,True,903
1149832,Dryopteris guanchica,species,taxon_matched_text,unspecified,281,281,281,400,True,1190
1150253,Chara corfuensis,species,taxonomy_only,,0,0,0,42,False,832
1150362,Weingartia,genus,taxon_matched_text,en,3236,3236,1049,1246,True,2036
1150892,Dioon pectinatum,species,text_needs_scope_review,en,557,557,83,167,True,957
1152261,Floribunda,section,text_needs_scope_review,pt,307,307,189,316,True,1106
1154562,Goeppertia roseopicta,species,taxon_matched_text,en,1239,1239,376,525,True,1315
1154679,Cytisus balansae,species,taxonomy_only,,0,0,0,44,False,834
1158209,Ulex × dalilae,hybrid,taxonomy_only,,0,0,0,45,False,835
1173503,Potamogeton × bennettii,hybrid,taxonomy_only,,0,0,0,49,False,839
1180365,Thesium fragile,species,taxonomy_only,,0,0,0,40,False,830
1182163,Trifolium occidentale,species,taxon_matched_text,en,2451,1174,346,492,True,1282
1190131,Hieracium cruentifolium,species,text_needs_scope_review,en,5797,4583,769,975,True,1765
1191149,Cerastes,subgenus,taxon_matched_text,en,821,821,308,418,True,1208
1193193,Merendera,subgenus,taxon_matched_text,pt,6882,203,102,217,True,1007
1197114,Senecio legionensis,species,taxonomy_only,,0,0,0,42,False,832
1203981,Camellia × williamsii,hybrid,taxon_matched_text,en,4664,4664,676,844,True,1634
1205896,Anacamptis × olida,hybrid,taxonomy_only,,0,0,0,47,False,837
1226133,Rhodymenia holmesii,species,taxonomy_only,,0,0,0,46,False,836
1226195,Ceramium gaditanum,species,taxon_matched_text,en,417,417,177,307,True,1097
1226207,Dasya corymbifera,species,taxonomy_only,,0,0,0,46,False,836
1227102,Salix × nobrei,hybrid,taxonomy_only,,0,0,0,43,False,833
1230245,Begonia × hiemalis,hybrid,taxon_matched_text,en,767,767,398,501,True,1291
1233698,Necopina,subgenus,taxonomy_only,,0,0,0,43,False,833
1234459,Passiflora × kewensis,hybrid,taxonomy_only,,0,0,0,46,False,836
1242060,Aechmea miniata,species,taxon_matched_text,en,811,811,43,140,True,930
1256771,Sarcomphalus joazeiro,species,taxon_matched_text,es,1623,1623,1001,1183,True,1973
1257155,Limonium maritimum,species,taxon_matched_text,en,729,729,424,596,True,1386
1259711,Fontanesia fortunei,species,text_needs_scope_review,en,1502,1046,379,504,True,1294
1262638,Pseudisothecium holtii,species,taxonomy_only,,0,0,0,45,False,835
1263715,Heptapleurum heptaphyllum,species,taxon_matched_text,en,1029,1029,146,261,True,1051
1264664,Zephyranthes robusta,species,taxon_matched_text,en,2854,2854,766,971,True,1761
1269681,Heptapleurum venulosum,species,taxon_matched_text,en,1396,1396,202,338,True,1128
1269740,Holcus pintodasilvae,species,taxonomy_only,,0,0,0,44,False,834
1275720,Citrus × limonia,hybrid,text_needs_scope_review,en,2247,949,446,580,True,1370
1277875,Hedlundia hybrida,species,taxon_matched_text,en,2633,2633,573,700,True,1490
1277895,Scandosorbus intermedia,species,text_needs_scope_review,en,3165,3165,1082,1273,True,2063
1278022,Callicladium imponens,species,taxon_matched_text,en,865,865,351,458,True,1248
1278874,Coleus hadiensis,species,text_needs_scope_review,en,1793,1793,644,816,True,1606
1278890,Coleus comosus,species,taxon_matched_text,en,742,742,104,201,True,991
1279259,Hedwigia striata,species,taxonomy_only,,0,0,0,44,False,834
1280256,Tridactyle tridactylites,species,taxonomy_only,,0,0,0,48,False,838
1282046,Geheebia fallax,species,taxonomy_only,,0,0,0,41,False,831
1282317,Vinealobryum vineale,species,taxonomy_only,,0,0,0,47,False,837
1292026,× Agropogon lutosus,hybrid,taxonomy_only,,0,0,0,47,False,837
1298973,Chondria scintillans,species,taxonomy_only,,0,0,0,44,False,834
1317476,Bulbophyllum bolsteri,species,taxon_matched_text,en,640,172,19,109,True,899
1324583,Anacamptis × vanlookenii,hybrid,taxonomy_only,,0,0,0,51,False,841
1336621,Crassula schimperi,species,taxonomy_only,,0,0,0,44,False,834
1347461,Hypnum resupinatum,species,taxonomy_only,,0,0,0,44,False,834
1354004,Aeonium × lowei,hybrid,taxonomy_only,,0,0,0,43,False,833
1356123,Hera,genus,taxon_matched_text,en,44483,34392,14178,15438,True,16228
1356829,Aloina ambigua,species,taxon_matched_text,en,1003,1003,409,548,True,1338
1359164,Orthotrichum comosum,species,taxonomy_only,,0,0,0,46,False,836
1359644,Dichanthelium dichotomum,complex,taxon_matched_text,en,1227,1227,461,579,True,1369
1359735,Dialytrichia saxicola,species,taxonomy_only,,0,0,0,48,False,838
1362439,Narcissus × alentejanus,hybrid,taxonomy_only,,0,0,0,49,False,839
1364009,Baculellum articulatum × Senecio oxyriifolius tropaeolifolius,hybrid,text_needs_scope_review,en,1143,1143,155,278,True,1068
1371308,Crotalaria semperflorens,species,taxonomy_only,,0,0,0,48,False,838
1373672,Canistropsis billbergioides,species,taxon_matched_text,en,668,668,58,162,True,952
1374150,Cistus × aguilari,hybrid,taxonomy_only,,0,0,0,45,False,835
1374639,Orbea semota,species,taxon_matched_text,es,588,588,379,516,True,1306
1377233,Festuca membranacea,species,text_needs_scope_review,es,1610,1610,921,1122,True,1912
1378512,Pseuderanthemum maculatum,species,taxon_matched_text,en,1242,1242,141,245,True,1035
1393375,Cymbidium hookerianum × lowianum,hybrid,taxonomy_only,,0,0,0,56,False,846
1402926,Armeria eriophylla,species,taxon_matched_text,pt,1273,1273,255,428,True,1218
1415102,Cleomella arborea,species,taxon_matched_text,en,3051,3051,834,1020,True,1810
1416739,Gamochaeta impatiens,species,taxonomy_only,,0,0,0,43,False,833
1420262,Arctotis × hybrida,hybrid,taxonomy_only,,0,0,0,42,False,832
1422787,Canistropsis burchellii,species,taxon_matched_text,en,688,688,81,193,True,983
1425815,Goeppertia lietzei,species,taxon_matched_text,en,1740,1740,369,510,True,1300
1435864,Asplenium dodecaploideum,species,taxonomy_only,,0,0,0,50,False,840
1436779,Hemerocallis × hybrida,hybrid,taxonomy_only,,0,0,0,47,False,837
1437722,Helictochloa albinervis,species,taxonomy_only,,0,0,0,46,False,836
1438095,Passiflora vesicaria,species,taxon_matched_text,en,1526,1526,440,589,True,1379
1438550,Gongora powellii,species,taxonomy_only,,0,0,0,44,False,834
1441702,Passiflora miniata × vitifolia,hybrid,taxonomy_only,,0,0,0,50,False,840
1443129,Calceolaria × herbeohybrida,hybrid,text_needs_scope_review,en,803,803,234,355,True,1145
1445597,Erythrina bogotensis,species,taxonomy_only,,0,0,0,46,False,836
1448449,Tanacetum partheniifolium,species,taxonomy_only,,0,0,0,50,False,840
1448975,Prunus × cistena,hybrid,taxon_matched_text,en,756,756,266,388,True,1178
1449443,Rubus creticus,species,taxon_matched_text,en,1083,1083,204,309,True,1099
1451621,Narcissus bicolor,species,taxon_matched_text,es,1743,1743,1176,1376,True,2166
1452733,Metrosideros excelsa × kermadecensis,hybrid,taxonomy_only,,0,0,0,49,False,839
1453005,Hatiora salicornoides,species,taxon_matched_text,en,3735,3735,1358,1529,True,2319
1453613,Rosa gigantea,species,taxon_matched_text,en,875,875,335,449,True,1239
1454183,Elaeagnus × submacrophylla,hybrid,taxon_matched_text,en,1284,1284,410,538,True,1328
1458696,Euvireya,subsection,taxonomy_only,,0,0,0,41,False,831
1474090,Sideritis gomeraea,species,taxonomy_only,,0,0,0,44,False,834
1476671,Orobanche australis,species,taxonomy_only,,0,0,0,44,False,834
1478319,Carduus bourgeanus,species,taxonomy_only,,0,0,0,42,False,832
1484379,Leontodon × friasi,hybrid,taxonomy_only,,0,0,0,45,False,835
1484491,Coelastrum morus,species,taxonomy_only,,0,0,0,44,False,834
1487550,Riccia sommieri,species,taxonomy_only,,0,0,0,40,False,830
1493097,Strombocarpa pubescens,species,taxon_matched_text,en,1883,1883,574,722,True,1512
1493104,Neltuma alba,species,taxon_matched_text,en,1625,1625,731,896,True,1686
1493134,Neltuma glandulosa,species,taxon_matched_text,en,6049,3258,1003,1232,True,2022
1496453,Ranunculus × lutarius,hybrid,taxonomy_only,,0,0,0,43,False,833
1501891,Dryopteris borreri,species,taxonomy_only,,0,0,0,43,False,833
1508059,Plagiochila papillifolia,species,taxonomy_only,,0,0,0,46,False,836
1508060,Plagiochila longispina,species,taxonomy_only,,0,0,0,46,False,836
1508243,Hemionitis nobilis,species,taxonomy_only,,0,0,0,44,False,834
1512558,Rhyncholotus,section,taxonomy_only,,0,0,0,39,False,829
1515195,Alyssum collinum,species,taxonomy_only,,0,0,0,46,False,836
1515467,Hesperocyparis glabra,species,taxon_matched_text,en,1398,1398,289,409,True,1199
1515671,× Hesperotropsis leylandii,species,text_needs_scope_review,en,6861,6201,2550,2844,True,3634
1525259,Echinoagave striata,species,text_needs_scope_review,en,913,913,178,276,True,1066
1525262,Paleoagave bracteosa,species,text_needs_scope_review,en,1259,1259,479,610,True,1400
1542448,Quercus × duriensis,hybrid,taxonomy_only,,0,0,0,47,False,837
1543356,Quercus × tlemcenensis,hybrid,taxonomy_only,,0,0,0,45,False,835
1546152,Gaudium myrsinoides,species,taxon_matched_text,en,1513,1513,513,634,True,1424
1550812,Koeleria loweana,species,taxon_matched_text,en,1457,214,23,113,True,903
1550899,Ophrys × eliasii,hybrid,taxonomy_only,,0,0,0,47,False,837
1552247,Dasya pedicellata,species,taxonomy_only,,0,0,0,41,False,831
1555516,Mammillaria geminata,species,text_needs_scope_review,en,673,673,28,120,True,910
1555999,Nephroia carolina,species,taxon_matched_text,en,1811,1811,542,709,True,1499
1557568,Boreolithothamnion glaciale,species,text_needs_scope_review,en,694,694,192,315,True,1105
1557592,Plocamium pacificum,species,taxonomy_only,,0,0,0,46,False,836
1558456,Vitis × alexanderi,hybrid,text_needs_scope_review,en,490,490,258,369,True,1159
1559267,Moerckia hibernica,complex,taxon_matched_text,en,204,204,51,154,True,944
1569054,× Pachyveria,genushybrid,taxon_matched_text,en,683,683,278,387,True,1177
1569055,× Graptoveria,genushybrid,taxonomy_only,,0,0,0,44,False,834
1579705,Bergera koenigii,species,text_needs_scope_review,en,4390,3853,1538,1820,True,2610
1584273,Autonoe haemorrhoidalis,species,taxonomy_only,,0,0,0,48,False,838
1584274,Autonoe latifolia,species,taxonomy_only,,0,0,0,44,False,834
1586230,Brachypodium stacei,species,taxonomy_only,,0,0,0,46,False,836
1588567,Encephalartos afer,species,taxon_matched_text,en,2621,2621,757,945,True,1735
1593175,Polystichum polyblepharon,species,text_needs_scope_review,en,814,814,149,261,True,1051
1597254,Polystachya neobenthamia,species,taxon_matched_text,en,2321,1276,198,319,True,1109
1599165,Rosa × centifolia,hybrid,taxon_matched_text,en,2730,1339,659,831,True,1621
1599350,Prunella × dissecta,hybrid,taxonomy_only,,0,0,0,45,False,835
1600188,Closterium subulatum,species,taxonomy_only,,0,0,0,44,False,834
1600503,Bangia fuscopurpurea,species,text_needs_scope_review,en,6761,5274,1853,2051,True,2841
1600644,Phonus lanatus,species,taxonomy_only,,0,0,0,40,False,830
1600667,Jania pedunculata,species,text_needs_scope_review,pt,1131,1131,371,505,True,1295
1601751,Phyllophora herediae,species,taxonomy_only,,0,0,0,46,False,836
1605908,Kalanchoe × estrelae,hybrid,taxonomy_only,,0,0,0,47,False,837
1606799,Kalanchoe × hummeliae,hybrid,taxonomy_only,,0,0,0,49,False,839
1607593,Varronia cylindristachya,species,taxonomy_only,,0,0,0,46,False,836
1607726,Erigeron,section,taxon_matched_text,en,6557,6144,3776,3978,True,4768
1608100,Thymelaea tarton-raira,species,taxonomy_only,,0,0,0,46,False,836
1611056,Citrus reticulata,species,text_needs_scope_review,en,11430,7827,2378,2768,True,3558
1617367,Ophrys × pseudospeculum,hybrid,taxonomy_only,,0,0,0,49,False,839
1629877,Hieracium amplexicaule,complex,taxon_matched_text,en,2366,1123,351,494,True,1284
1633372,Avena hirtula,species,text_needs_scope_review,es,1038,1038,577,743,True,1533
1637421,Bromelia hemispherica,species,text_needs_scope_review,en,407,407,27,116,True,906
1642817,Helianthemum rotundifolium,species,taxonomy_only,,0,0,0,50,False,840
1644771,Calanthe tankervilleae,species,taxon_matched_text,en,3632,3632,1189,1351,True,2141
1645071,Sobralia × veitchii,hybrid,taxonomy_only,,0,0,0,47,False,837
1646418,Afrosalsola divaricata,species,taxonomy_only,,0,0,0,48,False,838
1653477,Celosia cristata,species,taxon_matched_text,pt,3963,1293,543,719,True,1509
1653715,Cistus × ambiguus,hybrid,taxonomy_only,,0,0,0,43,False,833
1659357,Lolium × hubbardii,hybrid,taxonomy_only,,0,0,0,45,False,835
1659424,Penstemon × gloxinioides,hybrid,taxonomy_only,,0,0,0,49,False,839
1661284,Cistus × verguinii,hybrid,taxonomy_only,,0,0,0,45,False,835
1661358,Cistus × fernandesiae,hybrid,taxonomy_only,,0,0,0,45,False,835
1664430,Begonia metallica,species,text_needs_scope_review,en,785,785,113,205,True,995
1672462,Xiphosiphonia ardreana,species,taxonomy_only,,0,0,0,48,False,838
1672504,Ferulago brachyloba,species,taxonomy_only,,0,0,0,46,False,836
1675816,Chara imperfecta,species,taxonomy_only,,0,0,0,40,False,830
1678976,Ononis broteroana,species,taxonomy_only,,0,0,0,42,False,832
1684382,Leucanthemum cantabricum,species,taxonomy_only,,0,0,0,46,False,836
1684492,Cirsium isambertoi,species,taxonomy_only,,0,0,0,44,False,834
1690980,Pseudanemone,section,taxonomy_only,,0,0,0,42,False,832
1698504,Quercus × almeidae,hybrid,taxonomy_only,,0,0,0,47,False,837
50055,Setaria,genus,taxon_matched_text,en,5927,5524,3510,3797,True,4587
131373,Peyssonnelia,genus,taxon_matched_text,en,3868,3868,1608,1962,True,2752
47603,Taraxacum,genus,taxon_matched_text,en,18850,17357,4558,5068,True,5858
68612,Ceramium,genus,taxon_matched_text,en,1006,1006,384,527,True,1317
55883,Hedera,genus,taxon_matched_text,en,7132,6287,2561,2966,True,3756
47450,Mimosa,genus,taxon_matched_text,en,12239,3310,1077,1477,True,2267
48039,Lobelia,genus,taxon_matched_text,en,5253,4825,1047,1277,True,2067
48234,Nephrolepis,genus,taxon_matched_text,en,3070,3070,748,901,True,1691
48678,Solidago,genus,taxon_matched_text,en,14664,14227,5703,6141,True,6931
50280,Parthenocissus,genus,taxon_matched_text,en,1993,1425,610,757,True,1547
51430,Cladophorales,order,taxon_matched_text,en,2097,1601,477,620,True,1410
51637,Digitaria,genus,taxon_matched_text,en,4374,3112,1128,1268,True,2058
51833,Hippeastrum,genus,taxon_matched_text,en,36531,28165,7211,8040,True,8830
53549,Ulmus,genus,text_needs_scope_review,en,23593,22141,7860,8848,True,9638
53946,Styphnolobium,genus,taxon_matched_text,en,3218,2345,649,808,True,1598
56009,Zantedeschia,genus,taxon_matched_text,en,13049,8308,3041,3444,True,4234
56446,Fossombronia,genus,taxon_matched_text,en,2704,2704,1814,2018,True,2808
63213,Echinopsis,genus,taxon_matched_text,en,14311,5942,1484,1738,True,2528
68192,Mammillaria,genus,taxon_matched_text,en,11506,8795,3865,4187,True,4977
68298,Ptychostomum,genus,taxon_matched_text,en,2104,2104,1438,1598,True,2388
72344,Scabiosa,genus,taxon_matched_text,en,4744,3587,1785,2046,True,2836
72378,Stipa,genus,taxon_matched_text,en,7435,5432,3330,3671,True,4461
81755,Malcolmia,genus,taxon_matched_text,en,1126,706,280,402,True,1192
84986,Euryops,genus,taxon_matched_text,en,2720,2447,1380,1610,True,2400
117812,Gelidium,genus,taxon_matched_text,en,9332,7448,2099,2326,True,3116
126405,Begonia,genus,taxon_matched_text,en,45593,9679,4150,4864,True,5654
126846,Vitex,genus,taxon_matched_text,en,7852,6593,4649,5049,True,5839
127364,Celosia,genus,taxon_matched_text,en,3235,2634,1039,1278,True,2068
129035,Thunbergia,genus,taxon_matched_text,en,7597,1805,515,658,True,1448
131377,Jania,genus,taxon_matched_text,pt,4375,996,282,407,True,1197
157164,Duranta,genus,taxon_matched_text,en,1627,960,179,279,True,1069
186006,Mandevilla,genus,taxon_matched_text,en,4908,4380,2319,2443,True,3233
206271,Spathiphyllum,genus,taxon_matched_text,en,5680,4121,1646,1906,True,2696
322689,Gerbera,genus,taxon_matched_text,en,5059,2912,1010,1238,True,2028
343506,Streptocarpus,genus,taxon_matched_text,en,16029,13295,5971,7310,True,8100
421619,Ajania,genus,taxon_matched_text,en,2406,1724,1046,1179,True,1969
493154,Ziziphora,genus,taxon_matched_text,en,2107,917,424,544,True,1334
502646,Lemnoideae,subfamily,taxon_matched_text,en,10010,8248,2386,2786,True,3576
570733,Curio,genus,text_needs_scope_review,pt,3100,3100,1126,1272,True,2062
713361,Brevifilamentum,section,taxonomy_only,,0,0,0,43,False,833
790592,Selineae,tribe,text_needs_scope_review,en,15206,11174,5148,5923,True,6713
971840,Echinocereus,subgenus,taxon_matched_text,en,10376,9498,3411,3752,True,4542
128976,Cymbidium,genus,taxon_matched_text,en,12713,11844,3999,4342,True,5132
1256743,Codonoprasum,subsection,text_needs_scope_review,en,19207,16778,4445,5039,True,5829
67867,Bryum,genus,taxon_matched_text,en,851,851,262,371,True,1161
140477,Phalaenopsis,genus,taxon_matched_text,en,9330,8164,2677,3078,True,3868
53808,Chrysanthemum,genus,taxon_matched_text,en,14554,13300,4589,5220,True,6010
67711,Sansevieria,genus,taxon_matched_text,en,6860,5385,2032,2307,True,3097
120236,Melianthus,genus,taxon_matched_text,en,1552,880,166,270,True,1060
126638,Hyacinthus,genus,taxon_matched_text,pt,5164,934,295,437,True,1227
326087,Portulacaria,genus,taxon_matched_text,en,1346,1063,395,541,True,1331
49571,Tillandsia,genus,taxon_matched_text,en,20774,5501,1876,2157,True,2947
49674,Ceanothus,genus,taxon_matched_text,en,11251,9550,4373,4750,True,5540
49706,Pieris,genus,taxon_matched_text,pt,1083,1083,732,865,True,1655
49917,Sisyrinchium,genus,taxon_matched_text,en,7298,3508,1111,1351,True,2141
51224,Schlumbergera,genus,taxon_matched_text,en,11171,10658,5353,5938,True,6728
54523,Pisum,genus,taxon_matched_text,en,1434,1090,199,287,True,1077
55253,Jungermanniales,order,taxon_matched_text,en,3784,1804,804,909,True,1699
55842,Helleborus,genus,taxon_matched_text,pt,17081,2793,1179,1415,True,2205
58789,Apium,genus,taxon_matched_text,en,2190,1330,627,760,True,1550
62742,Rudbeckia,genus,taxon_matched_text,en,3308,2922,1389,1607,True,2397
63366,Limonium,genus,taxon_matched_text,en,3528,3280,1859,2116,True,2906
67757,Dendrobium,genus,taxon_matched_text,en,9170,6621,1616,1901,True,2691
68059,Timmiella,genus,taxon_matched_text,en,608,608,268,393,True,1183
69234,Alocasia,genus,taxon_matched_text,en,6118,5311,1883,2068,True,2858
72040,Cestrum,genus,taxon_matched_text,en,5077,3564,975,1165,True,1955
72196,Ixia,genus,taxon_matched_text,en,6268,3995,1733,1863,True,2653
72432,Zannichellia,genus,taxon_matched_text,en,1546,1200,357,530,True,1320
122972,Zingiber,genus,taxon_matched_text,en,6546,6174,4878,5211,True,6001
123120,Dicranum,genus,taxon_matched_text,en,7489,7489,5332,5749,True,6539
123622,Peperomia,genus,taxon_matched_text,en,9580,8124,2881,3201,True,3991
123850,Zygnemataceae,family,taxon_matched_text,en,2604,2146,374,460,True,1250
124387,Aulacomnium,genus,taxon_matched_text,en,486,486,203,304,True,1094
129371,Dasylirion,genus,taxon_matched_text,en,5118,4749,1621,1870,True,2660
129527,Hoya,genus,text_needs_scope_review,de,9797,9797,5528,6134,True,6924
129733,Disphyma,genus,taxon_matched_text,en,3460,1641,451,577,True,1367
141512,Aglaonema,genus,taxon_matched_text,en,3018,2406,969,1161,True,1951
147272,Dieffenbachia,genus,taxon_matched_text,en,9893,4313,2137,2415,True,3205
153166,Characeae,family,taxon_matched_text,en,2144,2144,699,849,True,1639
157249,Entosthodon,genus,taxon_matched_text,es,748,748,392,544,True,1334
157423,Furcraea,genus,taxon_matched_text,en,2243,1823,540,638,True,1428
186574,Huernia,genus,taxon_matched_text,en,3354,3354,2069,2280,True,3070
200871,Coelastrum,genus,taxon_matched_text,en,2103,2103,663,828,True,1618
206408,Disocactus,genus,taxon_matched_text,en,4024,2882,1187,1407,True,2197
272914,Haworthia,genus,taxon_matched_text,en,9826,6106,2164,2394,True,3184
1682258,Quercus petraea,complex,taxon_matched_text,en,6108,5588,1223,1431,True,2221
60115,Isoetes,genus,taxon_matched_text,en,16148,13123,5856,6346,True,7136
55406,Petunia,genus,taxon_matched_text,en,5061,3893,958,1210,True,2000
58465,Dahlia,genus,taxon_matched_text,en,21578,19591,9279,10273,True,11063
51122,Nymphaea,genus,taxon_matched_text,en,27477,14943,3648,4191,True,4981
56020,Agapanthus,genus,taxon_matched_text,en,9960,8556,2639,3012,True,3802
56433,Sphaerocarpos,genus,taxon_matched_text,en,1207,535,125,232,True,1022
56519,Frullania,genus,taxon_matched_text,en,18089,18089,13782,14100,True,14890
57067,Melilotus,genus,taxon_matched_text,en,3318,2912,1209,1414,True,2204
62379,Sempervivum,genus,taxon_matched_text,en,6836,5668,1867,2159,True,2949
82888,Jasminum,genus,taxon_matched_text,pt,16842,9352,3878,4450,True,5240
180574,Nitella,genus,taxon_matched_text,en,1380,1380,842,942,True,1732
47789,Clarkia,genus,taxon_matched_text,en,5426,3440,1016,1194,True,1984
48517,Capsicum,genus,taxon_matched_text,en,16361,13398,4761,5471,True,6261
49181,Anthurium,genus,taxon_matched_text,en,6206,3114,914,1117,True,1907
53718,Araucaria,genus,taxon_matched_text,en,12359,9215,3362,3930,True,4720
53804,Bougainvillea,genus,taxon_matched_text,en,6498,5024,2411,2739,True,3529
54903,Aster,genus,taxon_matched_text,es,1251,1251,815,967,True,1757
56112,Symphyotrichum,genus,taxon_matched_text,en,6834,6566,2358,2670,True,3460
58333,Lycium,genus,taxon_matched_text,en,6325,5116,2328,2634,True,3424
60237,Samolus,genus,taxon_matched_text,en,1991,1198,371,494,True,1284
67906,Orthotrichum,genus,taxon_matched_text,en,966,966,446,552,True,1342
71215,Launaea,genus,taxon_matched_text,en,1830,1477,693,901,True,1691
72095,Dimorphotheca,genus,taxon_matched_text,en,1598,1294,475,616,True,1406
126736,Fatsia,genus,taxon_matched_text,en,1508,1080,431,556,True,1346
128588,Globularia,genus,taxon_matched_text,en,1799,926,412,554,True,1344
155654,Zygodon,genus,taxon_matched_text,en,454,454,55,147,True,937
155903,Amphidium,genus,taxon_matched_text,de,946,946,358,491,True,1281
156162,Andreaea,genus,taxon_matched_text,en,3154,3154,2391,2657,True,3447
156572,Platygyrium,genus,taxon_matched_text,en,576,576,283,395,True,1185
186287,Klasea,genus,taxon_matched_text,en,1147,1147,603,735,True,1525
632795,Helenieae,tribe,taxon_matched_text,en,1555,1555,323,487,True,1277
939982,Hebe,section,taxon_matched_text,pt,2788,2788,1505,1724,True,2514
1404861,Leucanthemum vulgare,complex,taxon_matched_text,en,12791,5394,1563,1871,True,2661
140934,Brassia,genus,taxon_matched_text,en,7170,4257,2100,2303,True,3093
52398,Trimezia,genus,taxon_matched_text,en,11331,6624,3258,3468,True,4258
56161,Valeriana,genus,taxon_matched_text,en,4636,3152,1035,1220,True,2010
119218,Albuca,genus,taxon_matched_text,en,7951,7574,3948,4083,True,4873
123643,Pohlia,genus,taxon_matched_text,en,3370,3370,1835,2009,True,2799
128571,Anacolia,genus,taxon_matched_text,es,726,726,455,597,True,1387
153990,Echeveria,genus,taxon_matched_text,en,11069,7211,2971,3228,True,4018
1080363,Allium ampeloprasum,complex,taxon_matched_text,en,5104,3829,777,992,True,1782
48801,Cercis,genus,taxon_matched_text,en,5140,4169,1260,1464,True,2254
49230,Amelanchier,genus,taxon_matched_text,en,7684,5753,2506,2890,True,3680
53036,Ambrosia,genus,taxon_matched_text,en,4947,3607,1626,1862,True,2652
54856,Tilia,genus,taxon_matched_text,en,11478,9764,4021,4534,True,5324
55350,Oncidium,genus,taxon_matched_text,en,7870,4838,1778,1948,True,2738
56477,Bazzania,genus,taxon_matched_text,en,4547,4547,3977,4231,True,5021
57251,Physocarpus,genus,taxon_matched_text,en,2688,2434,866,1063,True,1853
58227,Paeoniaceae,family,taxon_matched_text,pt,16662,1174,539,732,True,1522
58390,Triticum,genus,taxon_matched_text,pt,49771,1343,661,863,True,1653
60290,Rostraria,genus,taxon_matched_text,en,4858,1477,393,508,True,1298
61400,Osteospermum,genus,taxon_matched_text,en,7944,6835,2567,2897,True,3687
68295,Polytrichastrum,genus,text_needs_scope_review,en,5792,1223,585,775,True,1565
68314,Bombax,genus,taxon_matched_text,en,3872,2930,851,1055,True,1845
69913,Neckera,genus,taxon_matched_text,en,7003,7003,6446,6900,True,7690
71970,Anisodontea,genus,taxon_matched_text,en,2283,1227,616,762,True,1552
82006,Stenocereus,genus,taxon_matched_text,en,5224,3034,1341,1506,True,2296
120250,Eucomis,genus,taxon_matched_text,en,6843,3680,825,1093,True,1883
128238,Laurencia,genus,taxon_matched_text,en,13583,12504,4490,4795,True,5585
128971,Bulbophyllum,genus,taxon_matched_text,en,15504,11930,3086,3420,True,4210
132896,Tabernaemontana,genus,taxon_matched_text,en,7653,5316,3405,3674,True,4464
146817,Lablab,genus,taxon_matched_text,en,13139,12537,2868,3294,True,4084
156230,Schistidium,genus,taxon_matched_text,en,4258,4258,2982,3438,True,4228
156602,Pilosocereus,genus,taxon_matched_text,en,8013,6816,2063,2363,True,3153
157223,Gymnostomum,genus,taxon_matched_text,en,825,825,386,501,True,1291
181136,Radermachera,genus,taxon_matched_text,en,1831,1098,492,633,True,1423
206219,Stanhopea,genus,taxon_matched_text,en,7522,4883,2209,2457,True,3247
206730,Aporocactus,genus,taxon_matched_text,en,809,809,149,255,True,1045
273537,Handroanthus,genus,taxon_matched_text,en,8629,5607,2481,2879,True,3669
326881,Limbarda,genus,taxon_matched_text,en,863,562,88,188,True,978
372389,Orbea,genus,taxon_matched_text,en,2228,1580,605,796,True,1586
468356,Klebsormidium,genus,taxon_matched_text,en,2156,2156,549,700,True,1490
567954,Salicornieae,tribe,text_needs_scope_review,es,470,470,257,388,True,1178
734821,Petrosedum,genus,taxon_matched_text,en,1283,1283,549,677,True,1467
879879,Tacsonia,section,text_needs_scope_review,en,2450,2450,807,1561,True,2351
883652,Anemone,genus,taxon_matched_text,en,10076,8093,4514,5010,True,5800
972274,Calcitrapa,section,text_needs_scope_review,en,16378,12487,6172,6550,True,7340
1065446,Caesalpinia,genus,taxon_matched_text,en,3957,2609,351,569,True,1359
1127004,Phalaenopsis,section,taxon_matched_text,en,9330,8164,2677,3079,True,3869
1441737,Quadrangulares,section,text_needs_scope_review,pt,7799,7799,4110,4886,True,5676
1492999,Opuntia engelmannii,complex,taxon_matched_text,en,5280,5280,1710,2008,True,2798
1493090,Neltuma,genus,taxon_matched_text,en,4140,4140,1816,2026,True,2816
1511486,Rosa,section,taxon_matched_text,pt,3030,3030,1561,1812,True,2602
55225,Coleonema,genus,taxon_matched_text,en,1198,897,231,326,True,1116
157029,Deutzia,genus,taxon_matched_text,en,3576,3304,1220,1399,True,2189
322946,Farfugium,genus,taxon_matched_text,en,980,705,127,221,True,1011
48385,Heuchera,genus,taxon_matched_text,en,6445,5462,1661,1908,True,2698
48624,Nepeta,genus,taxon_matched_text,en,10277,8198,3783,4188,True,4978
49048,Cereus,genus,taxon_matched_text,pt,1649,1649,862,1054,True,1844
49370,Astragalus,genus,taxon_matched_text,pt,1881,1881,89,223,True,1013
50716,Epipactis,genus,taxon_matched_text,en,4139,3359,2262,2535,True,3325
53014,Riccia,genus,taxon_matched_text,en,8026,6609,2986,3253,True,4043
53156,Minuartia,genus,taxon_matched_text,en,5756,4509,3242,3516,True,4306
56484,Calypogeia,genus,taxon_matched_text,en,1872,1872,1191,1370,True,2160
57022,Eleocharis,genus,taxon_matched_text,en,4946,3928,1600,1754,True,2544
69177,Pilea,genus,taxon_matched_text,en,2594,2330,702,877,True,1667
71983,Argyranthemum,genus,taxon_matched_text,en,2158,1821,545,676,True,1466
72073,Cota,genus,taxon_matched_text,pt,1569,1569,649,793,True,1583
72131,Eustoma,genus,taxon_matched_text,en,1778,1382,572,726,True,1516
72197,Jacaranda,genus,taxon_matched_text,en,5577,3876,1704,2020,True,2810
117828,Corallinaceae,family,taxon_matched_text,en,3331,1956,843,949,True,1739
120943,Malvaviscus,genus,taxon_matched_text,en,2217,1719,431,536,True,1326
120945,Ageratum,genus,taxon_matched_text,en,4708,3492,1951,2194,True,2984
122659,Leucobryum,genus,taxon_matched_text,en,1560,1560,867,1078,True,1868
125397,Aspidistra,genus,taxon_matched_text,en,9403,9129,4726,5081,True,5871
127909,Phlebodium,genus,taxon_matched_text,en,1051,1051,288,392,True,1182
130871,Iresine,genus,taxon_matched_text,en,4006,2140,808,934,True,1724
135337,Phlomis,genus,taxon_matched_text,en,6604,3827,2335,2606,True,3396
142340,Billbergia,genus,taxon_matched_text,en,5025,3830,1649,1806,True,2596
156248,Roldana,genus,taxon_matched_text,en,2464,2091,1182,1401,True,2191
156988,Cedronella,genus,taxon_matched_text,en,1574,971,269,389,True,1179
186126,Lithodora,genus,taxon_matched_text,en,1066,770,170,274,True,1064
348212,Gymnocalycium,genus,taxon_matched_text,en,4913,4292,1296,1501,True,2291
468155,Lemaneaceae,family,taxon_matched_text,pt,892,892,207,317,True,1107
790765,Quinquefoliae,section,taxonomy_only,,0,0,0,39,False,829
918919,Westringieae,tribe,taxon_matched_text,es,1819,1819,799,970,True,1760
1238857,Heptapleurum,genus,taxon_matched_text,en,1255,1255,248,364,True,1154
1375134,Pachysedum,section,taxonomy_only,,0,0,0,42,False,832
1392230,Borealiamericanae,subsection,taxonomy_only,,0,0,0,44,False,834
1441676,Opuntia stricta,complex,taxon_matched_text,en,5172,3141,1074,1241,True,2031
1505195,Utricularia vulgaris,complex,taxon_matched_text,en,784,784,140,240,True,1030
1613793,Sagina apetala,complex,taxon_matched_text,en,1698,509,142,226,True,1016
1651480,Avena barbata,complex,taxon_matched_text,en,6429,5227,1476,1717,True,2507
81938,Alstroemeria,genus,taxon_matched_text,en,8433,7514,2686,2991,True,3781
1495761,Cerastium fontanum,complex,taxon_matched_text,en,1585,1092,458,606,True,1396
55339,Fissidens,genus,taxon_matched_text,en,4779,4779,2287,2540,True,3330
57168,Eragrostis,genus,taxon_matched_text,en,3862,2198,555,708,True,1498
120836,Scapania,genus,taxon_matched_text,en,716,716,322,431,True,1221
127280,Canna,genus,text_needs_scope_review,es,13561,13561,7296,8075,True,8865
883677,Eriocapitella,genus,taxon_matched_text,en,8936,8936,2749,3246,True,4036
48255,Tsuga,genus,taxon_matched_text,en,6997,6456,2751,3078,True,3868
49352,Cylindropuntia,genus,taxon_matched_text,en,8622,4192,1593,2100,True,2890
49667,Taxodium,genus,taxon_matched_text,en,5544,2752,968,1134,True,1924
50860,Scorpiurus,genus,taxon_matched_text,pt,340,340,195,318,True,1108
51811,Laburnum,genus,taxon_matched_text,en,3654,3404,1479,1754,True,2544
58228,Paeonia,genus,text_needs_scope_review,pt,2207,2207,776,928,True,1718
58335,Nicotiana,genus,taxon_matched_text,en,12043,6658,2149,2453,True,3243
60448,Metrosideros,genus,taxon_matched_text,en,6808,4722,2126,2440,True,3230
60580,Forsythia,genus,taxon_matched_text,en,6811,5905,1857,2150,True,2940
64192,Kickxia,genus,taxon_matched_text,en,2295,1398,482,586,True,1376
64696,Elaeagnus,genus,taxon_matched_text,en,7145,5076,2953,3295,True,4085
67918,Plagiotheciaceae,family,taxon_matched_text,en,815,815,369,508,True,1298
71939,Hyparrhenia,genus,taxon_matched_text,en,3275,2703,1418,1610,True,2400
72156,Gypsophila,genus,taxon_matched_text,en,5000,3020,1068,1291,True,2081
122303,Brachychiton,genus,taxon_matched_text,en,4544,2508,936,1136,True,1926
156133,Barbula,genus,taxon_matched_text,en,3742,3742,1766,1967,True,2757
184500,Brunfelsia,genus,taxon_matched_text,en,3635,2780,982,1182,True,1972
208677,Lophocereus,genus,taxon_matched_text,en,1167,1167,379,539,True,1329
212117,Fedia,genus,text_needs_scope_review,en,4636,3152,1035,1216,True,2006
273247,Colletia,genus,taxon_matched_text,en,1951,1688,524,710,True,1500
321045,Philotheca,genus,taxon_matched_text,en,4663,4443,2193,2461,True,3251
423895,Oncidiinae,subtribe,taxon_matched_text,en,1655,1655,531,682,True,1472
568528,Aloiampelos,genus,taxon_matched_text,en,2118,2118,1196,1406,True,2196
576771,Haworthiopsis,genus,taxon_matched_text,en,4425,4425,1903,2360,True,3150
632325,Stapeliinae,subtribe,taxon_matched_text,en,3461,3461,1355,1510,True,2300
719297,Pelargonium,subgenus,taxon_matched_text,en,24224,23250,9359,10360,True,11150
919263,Pseudodictamnus,genus,text_needs_scope_review,en,2045,826,341,439,True,1229
1123490,Pulvigera,genus,taxonomy_only,,0,0,0,39,False,829
1435379,Rhipsalidopsis,genus,taxon_matched_text,en,1688,1688,364,496,True,1286
1614993,Brachypodium distachyon,complex,taxon_matched_text,en,6510,5202,735,897,True,1687
127428,Pleuridium,genus,taxon_matched_text,es,798,798,497,631,True,1421
49661,Liquidambar,genus,taxon_matched_text,en,4783,4326,1414,1656,True,2446
64086,Orthotrichaceae,family,taxon_matched_text,en,1052,1052,413,542,True,1332
72388,Syzygium,genus,taxon_matched_text,en,6668,5394,2852,3158,True,3948
60958,Gamochaeta,genus,taxon_matched_text,en,2663,2663,1508,1718,True,2508
62834,Parkinsonia,genus,taxon_matched_text,en,2718,2036,709,854,True,1644
83080,Eugenia,genus,taxon_matched_text,en,5705,3494,1927,2131,True,2921
204927,Beaucarnea,genus,taxon_matched_text,en,2735,2381,620,758,True,1548
48681,Spiraea,genus,taxon_matched_text,en,5184,4173,1903,2216,True,3006
50152,Justicia,genus,taxon_matched_text,pt,3636,3636,993,1207,True,1997
50861,Catalpa,genus,taxon_matched_text,en,4784,2607,1199,1429,True,2219
51756,Phormium,genus,taxon_matched_text,en,3908,3523,961,1193,True,1983
52635,Agastache,genus,taxon_matched_text,en,5042,4201,2039,2240,True,3030
52672,Dryopteris,genus,taxon_matched_text,en,10045,6962,3659,3969,True,4759
53095,Heracleum,genus,taxon_matched_text,pt,1008,1008,480,649,True,1439
53864,Abutilon,genus,taxon_matched_text,en,6056,4546,1453,1661,True,2451
54765,Rhus,genus,taxon_matched_text,pt,10030,1700,731,938,True,1728
55869,Cyclamen,genus,taxon_matched_text,en,9983,8965,4325,5008,True,5798
56159,Ballota,genus,taxon_matched_text,en,2676,1197,486,605,True,1395
56328,Anthocerotopsida,class,taxon_matched_text,pt,17919,801,585,746,True,1536
56394,Marchantia,genus,taxon_matched_text,en,2010,1151,588,730,True,1520
57193,Phleum,genus,taxon_matched_text,en,2892,1647,581,706,True,1496
62206,Alcea,genus,taxon_matched_text,en,4698,3766,1525,1742,True,2532
67675,Hypnea,genus,taxon_matched_text,en,5816,5816,2463,2766,True,3556
67679,Gracilaria,genus,taxon_matched_text,en,12879,10526,4958,5177,True,5967
68716,Grewia,genus,taxon_matched_text,en,5818,5171,1946,2191,True,2981
81794,Glandularia,genus,taxon_matched_text,en,2765,2765,1568,1679,True,2469
127043,Pogonatum,genus,taxon_matched_text,en,671,671,365,494,True,1284
129449,Honckenya,genus,taxon_matched_text,en,2730,2332,674,824,True,1614
129799,Platycladus,genus,taxon_matched_text,en,3128,3128,933,1099,True,1889
132450,Zinnia,genus,taxon_matched_text,en,6731,4877,1835,2140,True,2930
133212,Dicliptera,genus,taxon_matched_text,en,6581,5750,2579,2774,True,3564
142103,Liriope,genus,taxon_matched_text,pt,231,231,134,233,True,1023
147468,Xerochrysum,genus,taxon_matched_text,en,1848,1848,866,999,True,1789
153104,Weigela,genus,taxon_matched_text,en,3854,2853,844,1062,True,1852
155694,Weissia,genus,taxon_matched_text,en,5148,2581,1833,2056,True,2846
156059,Sideritis,genus,taxon_matched_text,en,8168,3494,1018,1242,True,2032
157161,Choisya,genus,taxon_matched_text,en,2726,2498,681,838,True,1628
183493,Eriocephalus,genus,taxon_matched_text,en,2545,2157,1358,1578,True,2368
330789,Heterosiphonia,genus,taxonomy_only,,0,0,0,42,False,832
359493,Ferulago,genus,taxon_matched_text,en,1737,1475,613,730,True,1520
1158200,Frullania tamarisci,complex,taxon_matched_text,en,203,203,27,127,True,917
1520309,Quercus robur,complex,taxon_matched_text,en,16075,14924,3763,4293,True,5083
58374,Echinochloa,genus,taxon_matched_text,en,5091,4249,1653,1843,True,2633
49487,Rhododendron,genus,taxon_matched_text,en,30380,27801,8678,9614,True,10404
54142,Tragopogon,genus,taxon_matched_text,en,6554,5919,2517,2831,True,3621
48253,Thuja,genus,taxon_matched_text,en,13900,6490,2266,2635,True,3425
49042,Ziziphus,genus,taxon_matched_text,en,5464,5035,1789,2045,True,2835
49393,Mniaceae,family,taxon_matched_text,en,853,853,266,389,True,1179
52152,Phlox,genus,taxon_matched_text,en,4346,3295,1652,1931,True,2721
52661,Dionaea,genus,text_needs_scope_review,pt,3132,3132,2033,2336,True,3126
54704,Sphagnum,genus,taxon_matched_text,en,30694,10376,3666,4119,True,4909
55334,Atrichum,genus,taxon_matched_text,en,289,289,84,207,True,997
56036,Kniphofia,genus,taxon_matched_text,en,7030,6034,2136,2303,True,3093
56327,Anthocerotophyta,phylum,taxon_matched_text,pt,17118,7501,3808,4296,True,5086
56459,Pelliaceae,family,taxon_matched_text,en,326,326,129,221,True,1011
56955,Helianthus,genus,taxon_matched_text,en,12588,9271,4037,4435,True,5225
57159,Brachypodium,genus,taxon_matched_text,en,3476,2455,629,762,True,1552
58365,Alopecurus,genus,taxon_matched_text,en,4346,2640,1429,1554,True,2344
58728,Berberis,genus,taxon_matched_text,en,7745,5762,2060,2398,True,3188
61064,Glyceria,genus,taxon_matched_text,en,3230,2560,1023,1145,True,1935
61186,Crocosmia,genus,taxon_matched_text,en,4323,3879,1236,1438,True,2228
61758,Felicia,genus,taxon_matched_text,en,2575,2575,1847,1986,True,2776
67916,Syntrichia,genus,taxon_matched_text,en,3366,3366,2931,3151,True,3941
119160,Racomitrium,genus,taxon_matched_text,en,394,394,141,241,True,1031
123116,Ceratodon,genus,taxon_matched_text,en,378,378,170,269,True,1059
123793,Fontinalis,genus,taxon_matched_text,en,2267,2267,1084,1308,True,2098
124842,Adenium,genus,taxon_matched_text,en,3450,1681,509,691,True,1481
246064,Gasteria,genus,taxon_matched_text,en,5923,5664,2363,2677,True,3467
434785,Sparrmannia,genus,taxon_matched_text,en,661,411,123,232,True,1022
471788,Hylocereeae,tribe,taxon_matched_text,en,3754,3754,1211,1393,True,2183
518540,Nogopterium,genus,text_needs_scope_review,en,246,246,61,163,True,953
871630,Cylindropuntieae,tribe,text_needs_scope_review,en,3729,3729,1471,1775,True,2565
1367476,Aphanes,section,taxon_matched_text,en,2980,979,263,361,True,1151
1460633,Phacocystis,section,taxonomy_only,,0,0,0,46,False,836
379255,Reynoutria,genus,taxon_matched_text,en,3077,3077,842,1003,True,1793
52850,Aralia,genus,taxon_matched_text,en,4912,2926,1284,1463,True,2253
55571,Larix,genus,text_needs_scope_review,en,10003,8986,2895,3363,True,4153
67856,Antitrichia,genus,taxon_matched_text,en,321,321,83,178,True,968
133215,Rhodymenia,genus,taxon_matched_text,en,1776,1776,890,976,True,1766
141388,Chamaedorea,genus,taxon_matched_text,en,7164,3939,1623,1781,True,2571
1206007,Eriostemones,subgenus,taxonomy_only,,0,0,0,49,False,839
47442,Calliandra,genus,taxon_matched_text,en,7010,4675,2901,3198,True,3988
48319,Plumeria,genus,taxon_matched_text,en,8848,8077,3642,4075,True,4865
48368,Encalypta,genus,taxon_matched_text,en,375,375,86,171,True,961
51769,Gaillardia,genus,taxon_matched_text,en,4079,2734,944,1131,True,1921
52650,Sarracenia,genus,taxon_matched_text,en,16481,14607,7462,8094,True,8884
57187,Koeleria,genus,taxon_matched_text,en,2912,2291,830,959,True,1749
58791,Berula,genus,taxon_matched_text,en,1187,759,271,371,True,1161
72016,Bothriochloa,genus,taxon_matched_text,en,4550,3462,1523,1698,True,2488
72154,Gunnera,genus,taxon_matched_text,en,12291,8876,2839,3078,True,3868
123138,Ulota,genus,taxon_matched_text,en,7242,7242,2973,3248,True,4038
125137,Pulmonaria,genus,taxon_matched_text,en,4984,4130,1674,1985,True,2775
128802,Scorpiurium,genus,taxonomy_only,,0,0,0,42,False,832
140284,Vanda,genus,taxon_matched_text,en,14664,12137,4514,4993,True,5783
142081,Achyranthes,genus,taxon_matched_text,en,2766,1957,730,863,True,1653
147263,Crescentia,genus,taxon_matched_text,en,1724,985,266,385,True,1175
147472,Pimelea,genus,taxon_matched_text,en,8653,8404,4032,4470,True,5260
157283,Fabronia,genus,taxonomy_only,,0,0,0,38,False,828
183075,Lomentaria,genus,taxon_matched_text,en,269,269,45,128,True,918
206240,Guarianthe,genus,taxon_matched_text,en,2230,1309,275,380,True,1170
325556,Micrasterias,genus,taxon_matched_text,en,15999,7702,4213,4662,True,5452
355509,Cleistocactus,genus,taxon_matched_text,en,3260,2386,833,960,True,1750
367278,Zamioculcas,genus,taxon_matched_text,en,7517,4937,1542,1889,True,2679
470233,Pachycereae,tribe,text_needs_scope_review,en,5359,5359,1438,1647,True,2437
790575,Annesorhizeae,tribe,taxon_matched_text,es,537,537,256,387,True,1177
858331,Melanthieae,tribe,taxon_matched_text,en,5231,5231,2369,2791,True,3581
889494,Caroxylon,genus,taxon_matched_text,en,3474,3474,2378,2599,True,3389
927173,Gloxiniinae,subtribe,taxonomy_only,,0,0,0,43,False,833
965793,Solidago,subgenus,taxon_matched_text,en,14664,14227,5703,6145,True,6935
967517,Celtica,section,text_needs_scope_review,es,12574,12574,9621,10799,True,11589
1483958,Abbreviatae,section,taxonomy_only,,0,0,0,43,False,833
1459733,Phaestoglochin,section,taxonomy_only,,0,0,0,48,False,838
48928,Lilium,genus,taxon_matched_text,en,34147,30461,8494,9445,True,10235
524208,Helictochloa,genus,taxon_matched_text,en,789,789,487,583,True,1373
50921,Muscari,genus,taxon_matched_text,en,6590,6234,2798,3027,True,3817
68615,Hildenbrandia,genus,taxon_matched_text,en,3699,3699,1042,1333,True,2123
156202,Aristea,genus,taxon_matched_text,en,9031,6350,3117,3321,True,4111
47698,Hesperis,genus,taxon_matched_text,en,2399,1646,986,1163,True,1953
53265,Sinapis,genus,taxon_matched_text,en,1148,507,63,143,True,933
54262,Abies,genus,text_needs_scope_review,en,13027,10999,4712,5556,True,6346
54996,Sida,genus,text_needs_scope_review,pt,52787,52787,16708,18103,True,18893
57861,Utricularia,genus,taxon_matched_text,en,17444,11560,6430,7188,True,7978
59096,Muhlenbergia,genus,taxon_matched_text,en,8648,7981,3658,3803,True,4593
67848,Marsupella,genus,taxon_matched_text,en,1888,1259,759,909,True,1699
72190,Iberis,genus,taxon_matched_text,en,3179,2558,816,976,True,1766
83521,Plectranthus,genus,taxon_matched_text,en,6916,4987,2307,2493,True,3283
83965,Lophocolea,genus,taxon_matched_text,en,4686,4686,3450,3753,True,4543
123947,Plagiochila,genus,taxon_matched_text,en,2160,2160,774,911,True,1701
131338,Champia,genus,taxon_matched_text,en,1712,1712,625,736,True,1526
131368,Galaxauraceae,family,taxon_matched_text,en,738,738,286,443,True,1233
152661,Ahnfeltiales,order,taxon_matched_text,en,1446,303,62,158,True,948
155616,Aloina,genus,taxon_matched_text,en,657,657,261,368,True,1158
156955,Callistephus,genus,taxon_matched_text,en,2012,2012,628,762,True,1552
200854,Hydrodictyon,genus,text_needs_scope_review,en,1005,1005,388,497,True,1287
332906,Cyatheales,order,taxon_matched_text,en,14810,4938,1487,1723,True,2513
341578,Cachrys,genus,taxon_matched_text,en,1216,672,98,195,True,985
370272,Pyropia,genus,taxon_matched_text,en,6281,6281,4536,4787,True,5577
429186,Lobivia,genus,taxon_matched_text,en,1715,1715,863,965,True,1755
474119,Leptospermeae,tribe,taxon_matched_text,en,787,330,96,203,True,993
765587,Alkekengi,genus,taxon_matched_text,en,10491,4428,1144,1417,True,2207
888919,Macrocline,section,taxonomy_only,,0,0,0,41,False,831
1230244,Ornithogalum,section,taxon_matched_text,en,10709,9099,2254,2562,True,3352
1247945,Symphytum officinale,complex,taxon_matched_text,en,5506,4686,1477,1734,True,2524
1411955,Spartina,section,taxon_matched_text,en,4735,3279,1403,1593,True,2383
1445398,Consolida,subgenus,taxon_matched_text,en,3274,2744,1285,1469,True,2259
1445879,Galium lucidum,complex,taxon_matched_text,en,2316,1081,253,367,True,1157
1528480,Ranuncella,section,taxonomy_only,,0,0,0,38,False,828
1674804,Adnataria,section,taxonomy_only,,0,0,0,40,False,830
117507,Sobralia,genus,taxon_matched_text,en,7756,3767,1922,2143,True,2933
60321,Ruschia,genus,taxon_matched_text,en,1042,794,317,458,True,1248
126844,Gardenia,genus,taxon_matched_text,en,8937,7145,3114,3492,True,4282
180225,Butia,genus,taxon_matched_text,en,4175,2714,668,828,True,1618
200915,Staurastrum,genus,taxon_matched_text,en,8839,3431,1118,1304,True,2094
326269,Desmodesmus,genus,taxon_matched_text,en,5661,3894,685,879,True,1669
52843,Tripleurospermum,genus,taxon_matched_text,en,2867,2569,1249,1403,True,2193
52995,Claytonia,genus,taxon_matched_text,en,2683,1858,1094,1302,True,2092
56331,Anthoceros,genus,taxon_matched_text,en,3773,3476,1367,1517,True,2307
57185,Leymus,genus,taxon_matched_text,en,2714,2083,854,953,True,1743
60311,Puccinellia,genus,taxon_matched_text,en,4325,4062,1071,1599,True,2389
68611,Trentepohlia,genus,text_needs_scope_review,en,6142,399,76,178,True,968
69974,Annona,genus,taxon_matched_text,en,10870,6913,2267,2571,True,3361
71981,Arctotis,genus,taxon_matched_text,en,3097,2652,1585,1786,True,2576
84004,Vriesea,genus,taxon_matched_text,en,17588,9248,5643,5964,True,6754
85411,Epiphyllum,genus,taxon_matched_text,en,3027,2412,766,919,True,1709
123852,Closterium,genus,taxon_matched_text,en,3205,3205,1125,1328,True,2118
130676,Pleurozium,genus,taxon_matched_text,en,264,264,73,179,True,969
131379,Delesseriaceae,family,taxon_matched_text,en,4122,4122,2233,2502,True,3292
133457,Polyscias,genus,taxon_matched_text,en,2710,2431,976,1158,True,1948
142372,Rumohra,genus,taxon_matched_text,en,865,865,297,400,True,1190
154862,Pachira,genus,taxon_matched_text,en,4701,3272,1438,1636,True,2426
155606,Aethusa,genus,taxon_matched_text,en,1368,1368,179,281,True,1071
156204,Arnelliaceae,family,taxon_matched_text,pt,3775,3120,1670,1920,True,2710
156241,Sageretia,genus,taxon_matched_text,en,936,682,381,504,True,1294
157526,Heterocentron,genus,taxon_matched_text,en,718,486,237,365,True,1155
180618,Schizymenia,genus,taxonomy_only,,0,0,0,40,False,830
183447,Exacum,genus,taxon_matched_text,en,2956,2135,1133,1296,True,2086
334489,Lomelosia,genus,taxon_matched_text,en,10362,10362,4396,4924,True,5714
577404,Lewinskya,genus,taxon_matched_text,de,1401,1401,611,741,True,1531
882421,Dendrobium,section,taxon_matched_text,en,9170,6621,1616,1902,True,2692
882545,Paphiopedilum,subgenus,taxon_matched_text,en,12658,8933,3974,4318,True,5108
985690,Thaumatophyllum,genus,taxon_matched_text,en,3201,1865,714,878,True,1668
1262634,Pseudisothecium,genus,taxonomy_only,,0,0,0,43,False,833
1435339,Leptostemonum,subgenus,text_needs_scope_review,de,8143,8143,4634,5062,True,5852
1516775,Quercus coccifera,complex,taxon_matched_text,en,4586,3173,550,703,True,1493
123847,Zygnema,genus,taxon_matched_text,en,1661,1661,397,502,True,1292
51428,Chaetomorpha,genus,taxon_matched_text,en,1964,1964,757,925,True,1715
322770,Liagora,genus,taxonomy_only,,0,0,0,38,False,828
50791,Linaria,genus,taxon_matched_text,en,7065,5606,3565,3989,True,4779
52647,Nepenthaceae,family,text_needs_scope_review,en,23267,19496,6586,7268,True,8058
54494,Cymbopogon,genus,taxon_matched_text,en,6617,4896,1684,1898,True,2688
58363,Hesperoyucca,genus,taxon_matched_text,en,1826,1826,552,684,True,1474
58461,Satureja,genus,taxon_matched_text,en,6386,4377,1967,2194,True,2984
67669,Gelidiaceae,family,taxon_matched_text,en,1200,953,105,195,True,985
67925,Isothecium,genus,taxon_matched_text,en,1840,1840,1239,1409,True,2199
68663,Dendrocalamus,genus,taxon_matched_text,en,3247,2437,1794,1955,True,2745
131340,Amphiroa,genus,taxon_matched_text,en,5315,3616,1299,1495,True,2285
140245,Zygopetalum,genus,taxon_matched_text,en,3350,1640,576,754,True,1544
142346,Gloriosa,genus,taxon_matched_text,pt,1039,1039,419,589,True,1379
156688,Omphalodes,genus,taxon_matched_text,en,5754,1938,517,660,True,1450
157692,Lejeunea,genus,taxon_matched_text,en,853,853,193,316,True,1106
183664,Dombeya,genus,taxon_matched_text,en,4874,4518,1937,2090,True,2880
203646,Cosmarium,genus,taxon_matched_text,en,3113,2547,540,692,True,1482
204204,Atocion,genus,taxon_matched_text,en,667,667,156,249,True,1039
211065,Cypripedioideae,subfamily,taxon_matched_text,en,5448,3616,1477,1728,True,2518
339054,Plocamium,genus,taxon_matched_text,en,2578,2578,1033,1170,True,1960
464556,Dolichandra,genus,taxon_matched_text,en,1293,841,220,314,True,1104
490222,Curtisia,genus,taxon_matched_text,en,2631,2166,874,1061,True,1851
1474978,Cuneifolii,section,taxonomy_only,,0,0,0,40,False,830
1644963,Iridorchis,section,text_needs_scope_review,en,12713,11844,3999,4339,True,5129
82826,Hemerocallis,genus,taxon_matched_text,pt,10141,2243,1122,1337,True,2127
49877,Clematis,genus,taxon_matched_text,en,15028,12339,5055,5574,True,6364
54916,Cucumis,genus,taxon_matched_text,en,3601,3009,1008,1146,True,1936
62819,Ceiba,genus,taxon_matched_text,en,4960,3927,1443,1653,True,2443
72046,Chamelaucium,genus,taxon_matched_text,en,2928,1937,761,925,True,1715
72123,Eruca,genus,taxon_matched_text,en,1148,1148,380,496,True,1286
186097,Lithops,genus,taxon_matched_text,en,7632,6706,2850,3279,True,4069
870436,Oeosporangium,genus,taxon_matched_text,en,1442,1442,774,895,True,1685
1406669,Thamnopteris,section,text_needs_scope_review,es,3284,3284,2258,2491,True,3281
1557189,Hexagonae,subsection,taxonomy_only,,0,0,0,40,False,830
48210,Convallaria,genus,taxon_matched_text,en,1557,802,147,242,True,1032
53939,Schefflera,genus,taxon_matched_text,en,16038,3022,959,1120,True,1910
54837,Zanthoxylum,genus,taxon_matched_text,en,14692,13467,6213,6721,True,7511
56023,Alchemilla,genus,taxon_matched_text,en,2866,1557,842,975,True,1765
57355,Schinus,genus,taxon_matched_text,en,4191,2804,1251,1405,True,2195
61040,Morella,genus,taxon_matched_text,pt,854,854,607,749,True,1539
64518,Banksia,genus,taxon_matched_text,en,14055,13654,5831,6500,True,7290
70025,Pandanus,genus,taxon_matched_text,en,13294,11975,3774,4202,True,4992
72293,Phaseolus,genus,taxon_matched_text,en,5608,3571,1085,1254,True,2044
143891,Ozothamnus,genus,taxon_matched_text,en,1646,1385,673,786,True,1576
156122,Selenicereus,genus,taxon_matched_text,en,8258,7678,2699,3309,True,4099
207427,Phymosia,genus,taxon_matched_text,en,778,538,190,288,True,1078
272837,Pachyphytum,genus,taxon_matched_text,en,3101,2858,1278,1442,True,2232
320273,Phygelius,genus,taxon_matched_text,en,1215,979,227,343,True,1133
428544,Adromischus,genus,taxon_matched_text,en,4178,3484,836,1050,True,1840
867528,Thelypteridoideae,subfamily,text_needs_scope_review,en,10842,5400,2119,2465,True,3255
960602,Subsecunda,subgenus,taxonomy_only,,0,0,0,46,False,836
967520,Hamata,section,taxonomy_only,,0,0,0,39,False,829
1020162,Apopellia,genus,text_needs_scope_review,en,1148,1148,412,517,True,1307
1449266,Candicantes,complex,taxonomy_only,,0,0,0,39,False,829
58756,Cystopteris,genus,taxon_matched_text,en,2799,2799,551,719,True,1509
47848,Paphiopedilum,genus,taxon_matched_text,en,12658,8933,3974,4317,True,5107
118972,Anigozanthos,genus,taxon_matched_text,en,4535,3888,1973,2246,True,3036
48323,Scaevola,genus,taxon_matched_text,es,1461,1461,749,927,True,1717
51806,Astilbe,genus,taxon_matched_text,en,5017,3624,1316,1514,True,2304
52836,Angelica,genus,taxon_matched_text,en,6783,5297,1880,2111,True,2901
52977,Barbarea,genus,taxon_matched_text,en,2249,1865,690,835,True,1625
62855,Tamarindus,genus,taxon_matched_text,pt,15143,3081,2005,2447,True,3237
67879,Dicranaceae,family,taxon_matched_text,en,1231,1231,687,840,True,1630
68320,Medinilla,genus,taxon_matched_text,en,1760,1506,524,645,True,1435
69776,Clivia,genus,taxon_matched_text,en,4558,3742,1539,1859,True,2649
69821,Cedrus,genus,taxon_matched_text,en,7232,6694,2088,2489,True,3279
71997,Bacopa,genus,taxon_matched_text,en,5998,3866,1396,1605,True,2395
72055,Cinnamomum,genus,taxon_matched_text,en,12864,7466,5978,6407,True,7197
72340,Salvinia,genus,taxon_matched_text,en,8250,2742,948,1179,True,1969
72365,Sium,genus,taxon_matched_text,en,2019,1339,387,504,True,1294
84780,Plinia,genus,taxon_matched_text,en,3793,2109,1236,1379,True,2169
85126,Pericallis,genus,taxon_matched_text,en,1262,997,320,433,True,1223
123725,Carum,genus,taxon_matched_text,en,1333,585,282,396,True,1186
123856,Hydrodictyaceae,family,taxon_matched_text,en,1972,1972,529,720,True,1510
125625,Miscanthus,genus,taxon_matched_text,en,4748,4197,1232,1412,True,2202
132112,Bambuseae,tribe,taxon_matched_text,en,4357,1780,667,773,True,1563
156254,Rhodobryum,genus,taxon_matched_text,en,767,767,416,544,True,1334
156996,Caucalis,genus,taxon_matched_text,en,1942,1244,297,430,True,1220
179306,Rhaphiolepis,genus,taxon_matched_text,en,2578,2277,1243,1444,True,2234
186054,Macadamia,genus,taxon_matched_text,en,15620,12301,4317,4786,True,5576
209306,Catananche,genus,taxon_matched_text,en,1448,1062,317,454,True,1244
311382,Chlorella,genus,taxon_matched_text,en,7818,6917,2758,3126,True,3916
330795,Faucheaceae,family,taxonomy_only,,0,0,0,37,False,827
468154,Lemanea,genus,taxon_matched_text,en,2734,1659,831,1017,True,1807
1442036,Tacsonia,subgenus,text_needs_scope_review,en,2450,2450,807,1564,True,2354
60329,Oscularia,genus,taxon_matched_text,en,1576,1341,701,877,True,1667
446668,Oxybasis,genus,taxon_matched_text,en,2070,2070,839,988,True,1778
1656026,Ciliochloa,genus,taxon_matched_text,en,321,321,119,208,True,998
48628,Echinacea,genus,taxon_matched_text,en,16545,13283,3581,4118,True,4908
55250,Porella,genus,taxon_matched_text,en,4078,4078,2641,2934,True,3724
117436,Sicyos,genus,taxon_matched_text,en,3264,2484,1181,1356,True,2146
50630,Erysimum,genus,taxon_matched_text,en,10350,9063,2421,2646,True,3436
51742,Aegopodium,genus,taxon_matched_text,en,1581,1006,455,582,True,1372
55725,Symphytum,genus,taxon_matched_text,en,4392,3450,1440,1645,True,2435
56440,Aneura,genus,taxon_matched_text,es,506,506,252,389,True,1179
56453,Metzgeria,genus,taxon_matched_text,en,4199,3168,1290,1490,True,2280
56497,Cephaloziella,genus,taxon_matched_text,en,1505,1505,805,904,True,1694
59713,Chlorophyceae,class,taxon_matched_text,en,4531,4119,1680,1949,True,2739
61936,Scleranthus,genus,taxon_matched_text,en,1785,1073,336,435,True,1225
62852,Delonix,genus,taxon_matched_text,en,2126,1822,422,533,True,1323
62946,Cardiospermum,genus,taxon_matched_text,en,1606,832,191,299,True,1089
71606,Posidoniaceae,family,taxon_matched_text,pt,3196,676,283,413,True,1203
72008,Billardiera,genus,taxon_matched_text,en,2602,2602,863,1026,True,1816
72225,Malephora,genus,taxon_matched_text,en,1368,1093,580,715,True,1505
72384,Syagrus,genus,taxon_matched_text,pt,2600,2600,2022,2281,True,3071
119267,Curcuma,genus,taxon_matched_text,en,8378,5730,3489,3792,True,4582
122520,Russelia,genus,taxon_matched_text,en,2439,1648,871,1038,True,1828
122967,Ananas,genus,taxon_matched_text,en,1304,803,153,253,True,1043
130234,Gracilariopsis,genus,taxonomy_only,,0,0,0,43,False,833
156623,Petrea,genus,taxon_matched_text,en,1782,842,294,416,True,1206
157268,Eucladium,genus,taxon_matched_text,en,216,216,42,145,True,935
206960,Beschorneria,genus,taxon_matched_text,en,1759,1417,321,422,True,1212
211285,Gennaria,genus,taxon_matched_text,en,1333,566,136,228,True,1018
272942,Rhapis,genus,taxon_matched_text,en,2750,1038,385,484,True,1274
317752,Tritonia,genus,taxon_matched_text,pt,787,787,262,382,True,1172
320033,Leucospermum,genus,taxon_matched_text,en,15391,14057,8552,9081,True,9871
323538,Brachyscome,genus,taxon_matched_text,en,1971,1643,689,849,True,1639
345816,Grateloupia,genus,taxonomy_only,,0,0,0,40,False,830
361866,Talinum fruticosum,species,taxon_matched_text,en,3445,1326,347,468,True,1258
489422,Haplophyllum,genus,taxon_matched_text,pt,227,227,115,235,True,1025
576592,Freylinia,genus,taxon_matched_text,en,803,578,97,195,True,985
601907,Laeliinae,subtribe,taxon_matched_text,en,5773,2350,1277,1401,True,2191
605472,Gibbiflorae,section,taxonomy_only,,0,0,0,41,False,831
1021084,Trocdaris,genus,taxon_matched_text,en,262,262,41,123,True,913
1126997,Phalaenopsis,subgenus,taxon_matched_text,en,9330,8164,2677,3081,True,3871
1465228,Thesium humifusum,complex,taxon_matched_text,en,2766,1499,411,545,True,1335
1529458,Macrophylla,section,text_needs_scope_review,en,1920,1529,725,880,True,1670
56348,Gentiana,genus,taxon_matched_text,en,14196,11673,6339,6969,True,7759
59942,Libertia,genus,taxon_matched_text,en,5542,4382,1375,1702,True,2492
63632,Bryopsis,genus,taxon_matched_text,en,11498,10464,4124,4580,True,5370
61885,Moehringia,genus,taxon_matched_text,en,1979,1350,716,854,True,1644
72427,Wolffia,genus,taxon_matched_text,en,2965,1889,508,674,True,1464
81507,Adansonia,genus,taxon_matched_text,en,22720,11545,3855,4277,True,5067
340160,Markhamia,genus,taxon_matched_text,en,1545,711,128,223,True,1013
48211,Clethra,genus,taxon_matched_text,en,3656,2793,1265,1389,True,2179
48353,Vaccinium,genus,taxon_matched_text,en,8114,5749,2294,2534,True,3324
48890,Spathodea,genus,taxon_matched_text,en,4876,3774,1471,1703,True,2493
52852,Arnica,genus,taxon_matched_text,en,5925,2657,1325,1536,True,2326
54769,Carpinus,genus,taxon_matched_text,pt,5678,658,384,507,True,1297
54899,Pastinaca,genus,taxon_matched_text,en,1855,1220,349,470,True,1260
54902,Chaerophyllum,genus,taxon_matched_text,en,3089,2359,1166,1302,True,2092
57863,Rhynchospora,genus,taxon_matched_text,en,4982,4049,1368,1545,True,2335
61092,Ruppia,genus,taxon_matched_text,en,5807,5807,2620,2870,True,3660
61433,Conopodium,genus,taxon_matched_text,en,742,484,176,294,True,1084
63974,Calycanthus,genus,taxon_matched_text,en,6732,6433,1826,2091,True,2881
64059,Microsorum,genus,taxon_matched_text,en,2835,2835,1188,1359,True,2149
71047,Rhytidiadelphus,genus,taxon_matched_text,en,472,472,125,242,True,1032
122362,Telopea,genus,taxon_matched_text,pt,278,278,163,273,True,1063
122774,Trigonella,genus,taxon_matched_text,en,3319,2944,1271,1463,True,2253
123119,Leucophyllum,genus,taxon_matched_text,en,2308,1916,597,738,True,1528
123640,Philonotis,genus,taxon_matched_text,en,3643,3643,1942,2122,True,2912
124357,Gagea,genus,taxon_matched_text,en,11013,10771,6527,6733,True,7523
127668,Entada,genus,taxon_matched_text,en,3938,2125,1198,1342,True,2132
129116,Knautia,genus,taxon_matched_text,en,2768,1847,1137,1291,True,2081
141506,Caladium,genus,taxon_matched_text,en,4807,2994,1531,1772,True,2562
156551,Ptychomitrium,genus,taxon_matched_text,en,1845,1845,1008,1176,True,1966
156942,Bunias,genus,taxon_matched_text,en,1481,844,105,188,True,978
182990,Bonnemaisonia,genus,taxon_matched_text,en,1633,500,149,280,True,1070
201021,Phyllophora,genus,taxon_matched_text,en,972,972,489,602,True,1392
246103,Sphagneticola,genus,taxon_matched_text,en,1614,1127,189,285,True,1075
326268,Oocystaceae,family,taxon_matched_text,en,5920,4866,2293,2576,True,3366
430783,Canistrum,genus,taxon_matched_text,en,2299,1299,489,612,True,1402
495872,Gastroclonium,genus,taxon_matched_text,en,495,495,235,329,True,1119
508774,Nidularium,genus,taxon_matched_text,en,3876,1721,617,711,True,1501
510965,Alcantarea,genus,taxon_matched_text,en,3349,1226,397,507,True,1297
624170,Macadamieae,tribe,text_needs_scope_review,en,2352,2352,1049,1241,True,2031
1126989,Phalaenopsis amabilis,complex,taxon_matched_text,en,5454,5454,1555,1781,True,2571
1354585,Griffithsieae,tribe,taxonomy_only,,0,0,0,43,False,833
142455,Ctenanthe,genus,taxon_matched_text,en,1583,1346,550,687,True,1477
47130,Ribes,genus,taxon_matched_text,en,17665,10049,2419,2722,True,3512
52646,Nepenthes,genus,taxon_matched_text,en,23267,19496,6586,7272,True,8062
53082,Gnaphalium,genus,taxon_matched_text,en,2871,2464,1016,1161,True,1951
55330,Reboulia,genus,taxon_matched_text,en,1280,1280,133,237,True,1027
141303,Guzmania,genus,taxon_matched_text,en,2798,1068,341,485,True,1275
141327,Bromelia,genus,taxon_matched_text,en,4786,2759,1070,1193,True,1983
58068,Arabis,genus,taxon_matched_text,en,2461,1438,556,694,True,1484
60303,Parapholis,genus,taxon_matched_text,en,1037,787,164,265,True,1055
70055,Citrullus,genus,taxon_matched_text,en,1632,1278,359,473,True,1263
71244,Heteranthera,genus,taxon_matched_text,en,1349,1095,453,562,True,1352
72140,Gaudinia,genus,taxon_matched_text,en,1543,776,152,266,True,1056
72217,Limnobium,genus,taxon_matched_text,pt,2018,315,201,326,True,1116
72257,Nolina,genus,taxon_matched_text,en,4818,4584,1601,1828,True,2618
81805,Sabal,genus,taxon_matched_text,en,6470,6160,1942,2201,True,2991
82305,Acorus,genus,taxon_matched_text,en,5900,5900,1562,1820,True,2610
84084,Spinacia,genus,taxon_matched_text,en,1977,1539,574,728,True,1518
117771,Callithamnion,genus,taxon_matched_text,en,3907,3907,2068,2305,True,3095
119100,Jatropha,genus,taxon_matched_text,en,10158,5049,1083,1237,True,2027
119898,Rhipsalis,genus,taxon_matched_text,en,9042,7005,1932,2563,True,3353
123443,Plagiothecium,genus,taxon_matched_text,en,3111,3111,2256,2484,True,3274
156707,Nertera,genus,taxon_matched_text,en,952,667,294,388,True,1178
157621,Hypopterygium,genus,taxon_matched_text,en,1021,1021,470,585,True,1375
157634,Hygroamblystegium,genus,taxon_matched_text,en,294,294,72,199,True,989
180180,Arenga,genus,taxon_matched_text,en,2144,1281,493,581,True,1371
183253,Aeschynanthus,genus,taxon_matched_text,en,6872,6056,3050,3283,True,4073
203680,Pilosella,genus,taxon_matched_text,en,7197,6936,5129,5517,True,6307
272784,Rhynchostegiella,genus,taxon_matched_text,en,270,270,50,159,True,949
495547,Pleiospilos,genus,taxon_matched_text,en,1142,899,362,502,True,1292
570618,Zygopetalinae,subtribe,taxon_matched_text,en,1589,1589,760,987,True,1777
574056,Corpuscularia,genus,taxon_matched_text,pt,1980,221,115,220,True,1010
706825,Rohdea,genus,taxon_matched_text,en,1560,1560,634,755,True,1545
54713,Fuchsia,genus,taxon_matched_text,en,16315,10698,4910,5561,True,6351
56333,Phaeoceros,genus,taxon_matched_text,en,1426,869,246,343,True,1133
154033,Montanoa,genus,taxon_matched_text,en,1780,1516,971,1074,True,1864
47453,Leucaena,genus,taxon_matched_text,en,4187,2845,885,1039,True,1829
48528,Symphoricarpos,genus,taxon_matched_text,en,5999,4018,1908,2116,True,2906
49156,Betula,genus,text_needs_scope_review,en,12969,11089,4938,5464,True,6254
53707,Cladophora,genus,taxon_matched_text,en,6926,5763,2579,2992,True,3782
54884,Epidendrum,genus,taxon_matched_text,en,13820,6249,2327,2686,True,3476
55839,Cochlearia,genus,taxon_matched_text,en,4984,3899,1197,1401,True,2191
58126,Bassia,genus,taxon_matched_text,en,3494,1839,799,975,True,1765
62928,Crinum,genus,taxon_matched_text,en,14778,3626,874,1114,True,1904
69757,Chamaecyparis,genus,taxon_matched_text,en,5171,2865,818,1006,True,1796
71407,Basellaceae,family,taxon_matched_text,en,4825,927,202,311,True,1101
72194,Ipheion,genus,taxon_matched_text,en,6302,6032,1912,2132,True,2922
126186,Photinia,genus,taxon_matched_text,en,5455,5191,2387,2674,True,3464
132452,Tithonia,genus,taxon_matched_text,en,2552,2101,633,762,True,1552
342001,Pycnocomon,genus,taxon_matched_text,en,1716,1166,261,406,True,1196
792732,Euphorbia,section,taxon_matched_text,en,15851,12573,3922,4398,True,5188
823397,Pleroma,genus,taxon_matched_text,en,7490,5849,3722,4008,True,4798
1196641,Lysimachia,section,taxon_matched_text,en,4695,3766,1291,1473,True,2263
1392321,Stolonosae,subsection,taxonomy_only,,0,0,0,41,False,831
1504232,Santolina rosmarinifolia,complex,taxon_matched_text,en,2271,929,219,342,True,1132
1691003,Musa,section,taxon_matched_text,pt,7581,7581,5975,6695,True,7485
56917,Hydrocotyle,genus,taxon_matched_text,en,6199,3417,701,835,True,1625
1274021,Thrincia,genus,text_needs_scope_review,en,4400,3987,1074,1279,True,2069
47696,Cynosurus,genus,taxon_matched_text,en,3994,2655,1834,2009,True,2799
50837,Gilia,genus,taxon_matched_text,en,2199,1936,1215,1359,True,2149
52649,Sarraceniaceae,family,taxon_matched_text,en,4975,2588,558,693,True,1483
52806,Nassella,genus,taxon_matched_text,en,2046,1812,664,845,True,1635
57357,Amorpha,genus,taxon_matched_text,en,2532,2139,786,964,True,1754
58103,Herniaria,genus,taxon_matched_text,en,1320,537,202,295,True,1085
61178,Dichondra,genus,taxon_matched_text,en,2380,2095,629,801,True,1591
68038,Marantaceae,family,taxon_matched_text,en,16847,5595,2395,2811,True,3601
72082,Cyclospermum,genus,taxon_matched_text,en,530,250,52,136,True,926
132850,Leonotis,genus,taxon_matched_text,en,2661,1794,493,622,True,1412
135454,Howea,genus,taxon_matched_text,en,1518,1301,838,978,True,1768
156119,Sematophyllum,genus,taxon_matched_text,en,1553,1553,426,561,True,1351
156664,Pachycereus,genus,taxon_matched_text,en,2161,1502,473,613,True,1403
180685,Chara,genus,taxon_matched_text,pt,868,868,568,737,True,1527
186060,Loropetalum,genus,taxon_matched_text,en,1501,1243,255,380,True,1170
344588,Nematanthus,genus,taxon_matched_text,en,5478,4751,1777,2015,True,2805
354018,Westringia,genus,taxon_matched_text,en,2259,1535,684,817,True,1607
871625,Rhipsalideae,tribe,taxon_matched_text,en,3389,3389,990,1147,True,1937
879226,Elkea,section,text_needs_scope_review,es,1033,1033,374,503,True,1293
1014746,Coelocentrum,section,taxonomy_only,,0,0,0,40,False,830
1397998,Thesium,subgenus,taxon_matched_text,en,7950,6984,3392,3629,True,4419
1606839,Pinus,subsection,text_needs_scope_review,en,31931,26587,3842,4548,True,5338
1673502,Nigella,section,taxon_matched_text,en,4693,3996,528,707,True,1497
56031,Calystegia,genus,taxon_matched_text,en,2253,1946,822,983,True,1773
72232,Melaleuca,genus,taxon_matched_text,en,12180,7649,2370,2723,True,3513
48449,Zea,genus,taxon_matched_text,pt,937,937,351,499,True,1289
49321,Mesembryanthemum,genus,taxon_matched_text,en,7152,4656,2058,2298,True,3088
50334,Lantana,genus,taxon_matched_text,en,8265,6861,2837,3178,True,3968
50361,Hydrocharitaceae,family,taxon_matched_text,en,7649,4496,1808,2091,True,2881
50619,Fritillaria,genus,taxon_matched_text,en,35025,33097,10513,11818,True,12608
58388,Sorghum,genus,taxon_matched_text,en,24001,17975,3522,4213,True,5003
63573,Picea,genus,taxon_matched_text,pt,17538,1154,846,1020,True,1810
71956,Aloe,genus,taxon_matched_text,en,13318,7004,1962,2317,True,3107
72090,Delosperma,genus,taxon_matched_text,en,1759,1503,341,476,True,1266
155567,Abelia,genus,taxon_matched_text,en,4374,2852,1421,1618,True,2408
319116,Batrachospermaceae,family,taxon_matched_text,en,5520,4714,506,618,True,1408
633484,Spirostachyae,section,taxonomy_only,,0,0,0,46,False,836
873533,Fuireneae,tribe,taxonomy_only,,0,0,0,40,False,830
1458348,Cynanchica,genus,taxon_matched_text,en,2463,2463,1858,2028,True,2818
1501877,Dryopteris affinis,complex,taxon_matched_text,en,1399,1399,428,559,True,1349
48245,Aquilegia,genus,taxon_matched_text,en,28025,26602,9523,10426,True,11216
55269,Dypsis,genus,taxon_matched_text,en,6991,5875,4271,4594,True,5384
120201,Hesperantha,genus,taxon_matched_text,en,5577,2917,2382,2590,True,3380
47555,Taxus,genus,taxon_matched_text,en,8598,8293,2850,3277,True,4067
48690,Liatris,genus,taxon_matched_text,en,3643,3367,1238,1400,True,2190
53691,Dianella,genus,taxon_matched_text,pt,350,350,178,295,True,1085
56207,Aucuba,genus,taxon_matched_text,en,1463,1078,495,635,True,1425
60126,Cicuta,genus,taxon_matched_text,en,8817,7907,3107,3384,True,4174
62832,Sapindus,genus,taxon_matched_text,en,3686,2940,997,1211,True,2001
64274,Trisetum,genus,taxon_matched_text,en,1680,1405,318,422,True,1212
64675,Cyatheaceae,family,taxon_matched_text,en,8513,3288,1213,1371,True,2161
70037,Sophora,genus,taxon_matched_text,en,8655,7050,2353,2643,True,3433
71148,Cryptomeria,genus,taxon_matched_text,en,10407,6153,1978,2267,True,3057
71483,Costaceae,family,taxon_matched_text,en,4498,2565,774,957,True,1747
72061,Colutea,genus,taxon_matched_text,en,2142,1797,724,904,True,1694
84826,Ceropegia,genus,taxon_matched_text,en,5930,5149,2070,2341,True,3131
120053,Cleretum,genus,taxon_matched_text,en,1607,1245,431,537,True,1327
123736,Alpinia,genus,taxon_matched_text,en,12379,5983,4215,4559,True,5349
129854,Calceolaria,genus,taxon_matched_text,en,7761,6796,3188,3441,True,4231
153164,Mesophyllum,genus,taxon_matched_text,en,2520,1665,908,1000,True,1790
155847,Thinopyrum,genus,taxon_matched_text,en,1087,1087,432,524,True,1314
156451,Pseudocrossidium,genus,taxon_matched_text,en,831,831,507,636,True,1426
157700,Lagenaria,genus,taxon_matched_text,en,1385,801,221,333,True,1123
185032,Phylica,genus,taxon_matched_text,en,5269,4581,1717,1901,True,2691
272826,Davallia,genus,taxon_matched_text,en,6697,6697,1524,1735,True,2525
733277,Parvulipetala,subgenus,taxonomy_only,,0,0,0,46,False,836
1039661,Fuchsia,section,taxon_matched_text,en,16315,10698,4910,5561,True,6351
1123575,Pylaisiaceae,family,taxonomy_only,,0,0,0,40,False,830
1556345,Tradescantia virginiana,complex,taxon_matched_text,en,4547,3320,1771,1988,True,2778
